000000000000000000000000000000000000000000000001000000000000000000000000
000000000000000000000000000000000000000000000000000000001000000000000000
000000000000000000000000000000010000000000000000000000000000000000000000
000000000000000000000000000000000000000000000000000000010000000000000000
000000010000000000000000000000000000000000000000000000000000000000000000
000000000000000000000000000000000000000000000000000000000100000000000000
000000000000000000000000000000000000100000000000000000000000000000000000
000000000000000000000000000000000000000000000000000000000000000010000000
000000000000000000000000000000000001000000000000000000000000000000000000
001000000000000000000000000000000000000000000000000000000000000000000000
000000000000000000000000000000000000000000000000000000000001000000000000
000001000000000000000000000000000000000000000000000000000000000000000000
000000000000000000000000000000000000000000000000000100000000000000000000
000000000001000000000000000000000000000000000000000000000000000000000000
000000000000000000000000100000000000000000000000000000000000000000000000
000000000000000000000000000000000000000100000000000000000000000000000000
000000000000000000000000000000000000000000000000010000000000000000000000
000000000000000000000000000000000000000000000000000001000000000000000000
000000000000000000000001000000000000000000000000000000000000000000000000
000100000000000000000000000000000000000000000000000000000000000000000000
000000000000000000000000000000000000000000000000001000000000000000000000
000000000000000000000000010000000000000000000000000000000000000000000000
000000000000000000000000000000000000000000000000000000000000000000010000
000000000000000000000000000000000000000000100000000000000000000000000000
000000000000000000001000000000000000000000000000000000000000000000000000
000000000100000000000000000000000000000000000000000000000000000000000000
000010000000000000000000000000000000000000000000000000000000000000000000
000000000000000000000000000000000000000000000000000000000000000000100000
000000000000000000000000000100000000000000000000000000000000000000000000
000000000000000000000000000000000000000000000010000000000000000000000000
000000000000000000000000000000000000000000000000000000000000010000000000
000000000000000000000000001000000000000000000000000000000000000000000000
000000000000000000000010000000000000000000000000000000000000000000000000
000000000000000000000000000000100000000000000000000000000000000000000000
000000000000000000000000000000000000001000000000000000000000000000000000
000000000000000000000000000000000000000001000000000000000000000000000000
000000000000000001000000000000000000000000000000000000000000000000000000
000000000000000000000000000000000000010000000000000000000000000000000000
000000000000000000000000000000000000000000000000000000000000000000000100
000000000000100000000000000000000000000000000000000000000000000000000000
000000000000000000000000000000000000000000010000000000000000000000000000
000000000000000000000000000000000010000000000000000000000000000000000000
000000000000000000000000000000000000000000000000000000000000000000000001
000000000000000000000000000001000000000000000000000000000000000000000000
000000000000000000000000000000000000000000000000000000100000000000000000
000000000000000000000000000000000000000000000000000000000000000000000010
000000000000000000000000000000000000000010000000000000000000000000000000
000000000000000000000000000000000000000000000000100000000000000000000000
000000000000000000000000000000000000000000000000000000000000100000000000
000000000000010000000000000000000000000000000000000000000000000000000000
100000000000000000000000000000000000000000000000000000000000000000000000
000000000000000000000000000000000000000000000000000000000000000001000000
000000000000000000000000000000000000000000000000000000000010000000000000
000000000000000000000000000000000000000000000100000000000000000000000000
000000000000000000000000000000000000000000000000000000000000000100000000
000000001000000000000000000000000000000000000000000000000000000000000000
000000000000000000000100000000000000000000000000000000000000000000000000
000000000000000000010000000000000000000000000000000000000000000000000000
000000000000001000000000000000000000000000000000000000000000000000000000
010000000000000000000000000000000000000000000000000000000000000000000000
000000000000000000100000000000000000000000000000000000000000000000000000
000000000000000000000000000010000000000000000000000000000000000000000000
000000100000000000000000000000000000000000000000000000000000000000000000
000000000000000100000000000000000000000000000000000000000000000000000000
000000000000000000000000000000001000000000000000000000000000000000000000
000000000000000000000000000000000100000000000000000000000000000000000000
000000000000000000000000000000000000000000000000000000000000000000001000
000000000000000010000000000000000000000000000000000000000000000000000000
000000000000000000000000000000000000000000001000000000000000000000000000
000000000000000000000000000000000000000000000000000010000000000000000000
000000000000000000000000000000000000000000000000000000000000001000000000
000000000010000000000000000000000000000000000000000000000000000000000000
000000010000000000000000000000000000000000000000000000001000000000000000
000000000000000000000000000000000000000000000000000000000000000001001000
000000000000000000000000010000000000000000000000100000000000000000000000
000000000000000000000000000001000000000000000000000000000000001000000000
000000000000000000000000000000000000001000000000000010000000000000000000
000000000000000000000000000010000000000000001000000000000000000000000000
000000000000000000000000000000000000000000000000000000000100000001000000
000000000000000000000000000100000000000000000000000000000000010000000000
000000001000000000000000000000000000000000000000001000000000000000000000
000000000000000000000000000000000000000000000000000000000010000000000100
000000000000000000000000000000000000000000000000000000001000010000000000
000000000000001000000001000000000000000000000000000000000000000000000000
000000000010000000000000000000000000001000000000000000000000000000000000
000000010000000000000000000000000000000000000000000100000000000000000000
000000000000000000000000000000000000000000010100000000000000000000000000
010000000000000000000000000000000000000000000100000000000000000000000000
000000010000000000000000000000000000000000000000000001000000000000000000
000000000000000000000000000000000000000000000000100000000000001000000000
000000000000000000000000000000000000001000000000000000000000000000000010
000000000000000000000000000000000000100000000000100000000000000000000000
000000010000000000000000000000000000000000000100000000000000000000000000
000001000000000000000000000000000001000000000000000000000000000000000000
001010000000000000000000000000000000000000000000000000000000000000000000
000000000010000000000000000000000000000000000000000000000000000100000000
000000000000000001000000000000000000000000000000010000000000000000000000
000000000000000000000000000000000000000000000100000100000000000000000000
000000000000000000000000000000000000000100000000000000000000100000000000
000000000000000000000000000000000000001000000000010000000000000000000000
000000000000000000000000000000000010000000100000000000000000000000000000
000000000000000000000000000000000000001000010000000000000000000000000000
000000000000000000000000000000010000000000000000000000000000001000000000
000000100000000000000000000000000000000000000000000000000000000001000000
000100000000000000000000000000000000000000000000000000010000000000000000
000100000000000000000000000000001000000000000000000000000000000000000000
001000000000000000000010000000000000000000000000000000000000000000000000
000000100000000000000000000010000000000000000000000000000000000000000000
000001000000000000000000000000001000000000000000000000000000000000000000
000000000000000000000000000000000000001000000100000000000000000000000000
000000000000000000000000000000000000000000000001000000000000000000100000
000000000000000000000000000000000000000100000100000000000000000000000000
000000000000000000000000000000000100000000000000000100000000000000000000
000000000000000000000000000000000000000000000000000001000100000000000000
000000000000000000000000000000000000000010000000000000000000000000100000
000000000000000000000000000000000000000000100000000100000000000000000000
000000000001100000000000000000000000000000000000000000000000000000000000
000000000000000000000000000000000000000000000010000000000000001000000000
010000000000000000000000000000000000000000000000000000000000000000000001
000001000000000000000000000000000000000000000000000000000000000000100000
100000000000000000000000000000000000000000000100000000000000000000000000
000000000000000001000000000000000000000100000000000000000000000000000000
000000000100000000000000000000000000001000000000000000000000000000000000
000000000000000000000000000000000100000000000000000000000000000000010000
000000000000100000000000000000000000000000000000000000000010000000000000
000000000000000000000000000000000000110000000000000000000000000000000000
100000000000000000000000000000000100000000000000000000000000000000000000
000010000000000000100000000000000000000000000000000000000000000000000000
000000000000000000000000000000100000010000000000000000000000000000000000
000000000000000000000000000000000010000000010000000000000000000000000000
000001000000000000000000000000000000000000000000000000000000000000000010
000001000000000000000000000000000000000000000000001000000000000000000000
000000000000000000000000000000000000000000000000001000000000000010000000
000000000000000000000000000000000000000000000000010000000000000010000000
000000000000000000000000000000000000000000000000000001000001000000000000
000100000000000000000000000001000000000000000000000000000000000000000000
100000000000000000000000000000000000000000000000000000000001000000000000
000000001000000000010000000000000000000000000000000000000000000000000000
000001000000000010000000000000000000000000000000000000000000000000000000
000000100000000000000000000000000000000000000000000000000000000000000100
000000000000000000000000000000000000000000000000000000000000100000100000
000000000000000000001000000000000000010000000000000000000000000000000000
000000000000001000000000000000001000000000000000000000000000000000000000
000000010000000000000000000100000000000000000000000000000000000000000000
000000000000000000000000000000000000000000000000011000000000000000000000
000000000000000000000001000000000010000000000000000000000000000000000000
000100000000000000000000000000000000000000000000000000000000000100000000
000000000000000000000000000000000000000000000001000000000000000001000000
000000000010000000000000000000000000000000000000000000000000000001000000
000000010000000000000000010000000000000000000000000000000000000000000000
000000000000000000000000000000000000000000000000000000000100010000000000
000000000000000010000000000000000000010000000000000000000000000000000000
000000000000000000000001000000001000000000000000000000000000000000000000
000000000000000000000000000010000000000000000000000000000010000000000000
000000000000000000000100000010000000000000000000000000000000000000000000
000000000000000100000000000000000000000000000000010000000000000000000000
000000000000000000000000000000010000000000000000000000000000000000000001
000000000000000000000000000010000000000001000000000000000000000000000000
000000000000010000000000000000000000000000000001000000000000000000000000
000000000010000000000000000000000000000000000000100000000000000000000000
000000000000000100000000000000000000100000000000000000000000000000000000
000000000000000000000000000000000000000000000000001000000000000000000001
000000000000000000000001000000010000000000000000000000000000000000000000
000000000000001000000000000000000000000000000000000000000000000010000000
000000000000000001000000000000000000000001000000000000000000000000000000
000000000000100000000000100000000000000000000000000000000000000000000000
000000100000000000000000000000000000000000000000010000000000000000000000
100000001000000000000000000000000000000000000000000000000000000000000000
000000000000000000000000000000000000000000001000000100000000000000000000
000000000000000000000000000000000000000000000000000001000000000000001000
000000000000000000000000001000010000000000000000000000000000000000000000
000000000000000000000000000000000000000000000000000001000000000000010000
000100000000000000000000000010000000000000000000000000000000000000000000
000000000000000010000000000000000000000000000000000000000000000001000000
000000000000000000000000000001000000000000000000000010000000000000000000
000000000000000000000000000000010000000000000000000000000000100000000000
000000000000000000000010000000000000000000000010000000000000000000000000
000000000000000000000000000000000000000000000100000000000000000001000000
000000000000000000000000000000000000001000000000000000100000000000000000
000000000000000000000000000000010010000000000000000000000000000000000000
000000000000000000000000000000000000010000000000000000001000000000000000
000000000001000000000000000000000000000000000100000000000000000000000000
000000001000000000000000000000000000000000000000000000000000000001000000
000000000000000000001000000000000000000000000000000000000000000100000000
100000000000000000000000000000000000000000000000000000000100000000000000
000000000000000000000000000000000000000000000000010000000000001000000000
000000100000000000000000000000000000000000000000000000000000000000000001
000000000000000000000001000000000000000000000000000000000000001000000000
100000000000000000000000000000000000000000000000000000000000000000000100
000000000000000000000000000000000100000000000000000000000010000000000000
000000000000000000000000000000000000100010000000000000000000000000000000
000000000000000000000000000000000000000100000000000000000000000000000010
000000000000100000000000000000010000000000000000000000000000000000000000
000000000000000000000000000000000000010000000000000000000000000000010000
000100000000000000001000000000000000000000000000000000000000000000000000
100000000000000000000000000000000000100000000000000000000000000000000000
000000000011000000000000000000000000000000000000000000000000000000000000
000000000000100000000000000000000000100000000000000000000000000000000000
000000000000000000000000000010000000000000000000000000000000100000000000
000000000100000000000000100000000000000000000000000000000000000000000000
000000000000000000000000000000000000000000000000010000000000000000000001
000000000000000000000000000100000000000000001000000000000000000000000000
101000000000000000000000000000000000000000000000000000000000000000000000
000000000000000000000000000000000000000100000000000000000000000000000100
000000000000000000100000000000000000000000000010000000000000000000000000
000000000000000000000000010000000000000000000000000000001000000000000000
000000000000000000000000000000000000000000000000100000000000010000000000
000000000000000000000000000100000000000000000000000000000100000000000000
000000000000000000000000000000000000000010000000000000000000100000000000
000000000000000000000000000100010000000000000000000000000000000000000000
000000000000001000000000000000000000000000000000000010000000000000000000
000000000001000000000000000000000000000010000000000000000000000000000000
000000100010000000000000000000000000000000000000000000000000000000000000
000000000000000000000000000000000000000000000000000100000001000000000000
000000000010000000000000000000000001000000000000000000000000000000000000
000000000000000000000000000010000000000000000000001000000000000000000000
000000000000000000000000000000000000000000000000001000000000000000000100
000000000000000000000000000000000000000000000000000000100000000001000000
000000000000000000000010000000000000000000000000000000001000000000000000
000000000100000000010000000000000000000000000000000000000000000000000000
000000000000000000000000000000000000000000000010000000000000000000001000
000000000000000000100000000000000000000000000000000000000000000000000010
000000001001000000000000000000000000000000000000000000000000000000000000
000000000000000000100000000000000000000000000000000000000000000000001000
000000000000000000100000000000000000000000000000010000000000000000000000
100000000000010000000000000000000000000000000000000000000000000000000000
000000000000000000000100000000001000000000000000000000000000000000000000
000000000000000000000000000000000000000000000000001000010000000000000000
000000000000000000000000000000000000000000110000000000000000000000000000
000100000000000000000000000000000000000000000000001000000000000000000000
000000000001000000000000000000000000000000000000100000000000000000000000
010000000100000000000000000000000000000000000000000000000000000000000000
000000000000000000010000001000000000000000000000000000000000000000000000
000000000000000000000000000001000000000000000000000000000000000000000001
010000000000000000000000000000000000000000000000000000000001000000000000
000000000000010100000000000000000000000000000000000000000000000000000000
000000000000000000000000000000000000000000000000000000100000000000010000
000000100000000000000000000000000000000000000000000000000001000000000000
000000000000000000000000000010000000000010000000000000000000000000000000
000001000000010000000000000000000000000000000000000000000000000000000000
000000000000000000000000000000100000000000000000000000000000000000010000
000000000000000000000000000000010000100000000000000000000000000000000000
000000000010000000000000000000000000000100000000000000000000000000000000
000000000000000000000000000000000000000000000010000000000000000010000000
000000000000000000000000000000000000000000000000000010010000000000000000
000000000000000000000000000000000000000000000000000000000010100000000000
000001000000000000000000000000000000000000000000000000000000001000000000
000000000000000000000000000000000000000000000000000000000000100000010000
000001000000000000000000000000000000000000000000000001000000000000000000
000000000000000000000000000000000000000000000000010010000000000000000000
000100000000000000000000000000000000100000000000000000000000000000000000
000000000000100000000000000000000000000000000000000000000000000000001000
000000000000000000001000000000000001000000000000000000000000000000000000
000000000000000000000000000000000000000000000000000010000000000000010000
000001010000000000000000000000000000000000000000000000000000000000000000
000000000000000000000000000000000000000000000000000001000000000000000001
000000100000000000000100000000000000000000000000000000000000000000000000
000000000000000000010000000000000000000000000000000000000000000000001000
000000000000000000000000000000000000000000000000000000000001000000000100
000000000000000100000000000000000000000000000000000000000000010000000000
010000000000000000000000000000000100000000000000000000000000000000000000
000000000010010000000000000000000000000000000000000000000000000000000000
000000000000001000000000000000000000000000000000000000000000000000100000
000000000000000000000000010000000000000001000000000000000000000000000000
000000000000000000000000000001001000000000000000000000000000000000000000
010000000000000000000000000010000000000000000000000000000000000000000000
000000000000000000000000000000000000000000000000000000010000000001000000
000000000000000000000000000000000000000100000000000001000000000000000000
001000000000000000000000000000000000000000000000000100000000000000000000
000000000000000001000001000000000000000000000000000000000000000000000000
000000000000000000100000000000000000010000000000000000000000000000000000
000000000000000000000000000000000000000001000000001000000000000000000000
000000000000000000000000000000000000000001000000000000000010000000000000
000000000000000000000000000001000000000000000100000000000000000000000000
000000000000000000000001000000000000000000000000000000000000000000000010
000000000000000000000000000000000000000000000100000001000000000000000000
000000000000000001000000000000000000000000000000000010000000000000000000
000000000000000000000000000000000000000000010000000100000000000000000000
000000000000000000000000000100000000000000000000000000000000000000000010
000000000000000000100000010000000000000000000000000000000000000000000000
000000000000000000001001000000000000000000000000000000000000000000000000
000000000000000000000010000000000000000001000000000000000000000000000000
000000000000000000000000000000010100000000000000000000000000000000000000
010000000000000000000000000000000000000000000000000000000010000000000000
000000000000001000000000000000000000000000000000000000000000010000000000
000000000000100000000000000000000100000000000000000000000000000000000000
000100000000000000000000000000000000000000000000000000000000000000001000
010000000000000000000000000000000000000000001000000000000000000000000000
000000000000000000000000000000000000010000001000000000000000000000000000
000000000000000000000000000000000000000000001000000000000000000010000000
000000000000000000000000000000000001000000000000000100000000000000000000
001000000100000000000000000000000000000000000000000000000000000000000000
000000000000000000000000000000000000000000000100000000000000000000100000
000010000100000000000000000000000000000000000000000000000000000000000000
000000000000010000000000000000000000000010000000000000000000000000000000
000000000000000000000000000000001000001000000000000000000000000000000000
000000000000000000000000000000000000010000000000000000000000000010000000
000000000001000000000000010000000000000000000000000000000000000000000000
000000000000001000000000000000000000000000000000010000000000000000000000
000000010000000000000000000000000010000000000000000000000000000000000000
010000000000000000000000000000000000000000000001000000000000000000000000
000000001000010000000000000000000000000000000000000000000000000000000000
000000000000000000000100000000000000000000000000000000000000000100000000
000000000000001000000000000000000000000001000000000000000000000000000000
000000000000000000001000000000000000000000000000000000001000000000000000
000000000000000100000000000000000000000000000000000010000000000000000000
000000000000000000000000000011000000000000000000000000000000000000000000
000000000000000000000000000000000000000000000000000000000000000100000100
000000000000100000000000000000000000010000000000000000000000000000000000
000000000000000000000000000010000001000000000000000000000000000000000000
000000000000000000000000001000000000000000010000000000000000000000000000
000100000000100000000000000000000000000000000000000000000000000000000000
000000000000000001000100000000000000000000000000000000000000000000000000
000000000000000000010000000000000000100000000000000000000000000000000000
000000000000000000000000000010000000000000000000000000001000000000000000
000000000000000000000000000000000000001000000000000000000000001000000000
000000000000000000010000000000000000000000000000001000000000000000000000
000000000000000000000000000000000001000000000010000000000000000000000000
001000000000000000000000000000000000000001000000000000000000000000000000
000100000000000000000000000000000000000000000000100000000000000000000000
000010000000000000000000000000000000000000000000000000100000000000000000
001000010000000000000000000000000000000000000000000000000000000000000000
000000000000000000000000000000000100000000000000000000000000100000000000
100000000000000000000000000000000000000000000000000010000000000000000000
010000000000000000000000000000000000000010000000000000000000000000000000
000000000000000000000010000000000000000000000000000000000000000000000010
000000000000000000000000000001000000000010000000000000000000000000000000
000000000000000000000000000000000000000000000000000000000001010000000000
000000000000000000000000000000000000000010000000000010000000000000000000
000000000000000000000000000001000000000000000000010000000000000000000000
000000000000000000000000100000000000000000000000000000000000000000001000
000000000000000000000000000000001000000000001000000000000000000000000000
000001000000000000000000000000000000100000000000000000000000000000000000
000000000000000000000000000000000000000000000000000000100000000000001000
100000000000000000000000000000000000000000000000100000000000000000000000
000000000000000000001000000000000000000000000000000001000000000000000000
000000000000000010010000000000000000000000000000000000000000000000000000
010000000000000000000000000000000010000000000000000000000000000000000000
100000000000000000000000000000000000000000000000000000000000001000000000
000000000000000000000000000000010000000000000000000000000000000001000000
000000000000100000000000000000000000000000000000000000000000000000000100
000000000000000000000000000000000000000000000000000000000000000000100100
000001000000000000000000000000000000000000000000000000000000000000010000
000000000000000000000000000000000000000000000010000000000001000000000000
000000100000000000000000010000000000000000000000000000000000000000000000
010000000000000100000000000000000000000000000000000000000000000000000000
000100000000000000000000000000000010000000000000000000000000000000000000
000000000000000000000000100000001000000000000000000000000000000000000000
000000000000000000001010000000000000000000000000000000000000000000000000
000000000000000000000000000000000000000000000000000000100000000000000010
000000000000000000000000000000000000000010001000000000000000000000000000
000000000000000000000000000000000000000000000000000000000000000010000100
000000000000000001000000000000000000000000000010000000000000000000000000
000000000000000000000000000000000000000010000000000000000000000000010000
000000000000000000000000000000000000010000000000001000000000000000000000
000000000000000001000000001000000000000000000000000000000000000000000000
000000000000100000000000000000000000000000000000000000000000000001000000
000000000001000000000000000000000000000000100000000000000000000000000000
100000000000000100000000000000000000000000000000000000000000000000000000
000000000000000101000000000000000000000000000000000000000000000000000000
000000000000000000000000000000100000000000000000000000000000000000100000
000000000000000000000100001000000000000000000000000000000000000000000000
000000000000000000000000000000000000000000000100000000000001000000000000
000000000000000001000000000000000000000000000000000000000010000000000000
000000000000000000000000000000010000000001000000000000000000000000000000
000000000000000000000000000000000000000000000000100000000000000000000001
000000000000000000000100000000000000000000001000000000000000000000000000
000000000000000000000000000000000000001000000000000000000000010000000000
000000000000000000000000000000000000000000000000000000000000010000000010
000000000000000000000000000000000000000000000000000000000000000100001000
000000000000000000000000000100100000000000000000000000000000000000000000
010000000000000000000000000000000000000000000000001000000000000000000000
000010000000000000000000000000000000000000001000000000000000000000000000
000000000000000000000000000000000000000000000000000000000000000000100001
000000000000000000001000000000000000000000000000000010000000000000000000
000000010000000000000000000000000000000000000000000000000000000010000000
000000000000000000001000000000000000000000000000000000000000000000100000
001000000000000001000000000000000000000000000000000000000000000000000000
000000000000000000100000000000000000000000000000000000000000000000010000
000000000000000000000000000000000000000000000000000000000010000000000001
000000000000000000000000010000000000000000000000000000000100000000000000
000000000000000000000000000000000000000000000000000000000100100000000000
000000000000000000000000000000000000000001000000000000000000000000000100
010000000000001000000000000000000000000000000000000000000000000000000000
000000000000000000000000000000000000000000000000000000000010000100000000
000000000000000000000000000000000000000000001000000000000001000000000000
000000000000010000000000000000000000000000000000000000000000000000001000
000000000100000000000000000000000000000000010000000000000000000000000000
000010000000000000000000000000000000000000000000000000000010000000000000
100000010000000000000000000000000000000000000000000000000000000000000000
000000000000000000001000000000000000000000000001000000000000000000000000
000000000000000000000000000000000000000000000000010100000000000000000000
000000000000000000000000000000000000000100000000000000000100000000000000
000000010000000000000000000000000000000000000000000000000000000000001000
000000000010000000000000000000000000000000000000000000000000001000000000
000000000000001000000000000100000000000000000000000000000000000000000000
000000000000001000000000000000000000000000000000000000000001000000000000
000000000000000000000000000000000101000000000000000000000000000000000000
000000010000000000000000000000000000000000000000000000000000000000000010
000000000000000000000000000000000000000010000100000000000000000000000000
000000000010000000000000000000000000000000000000000000000000000000001000
000000000000000000000000000000000000000000011000000000000000000000000000
000000000000000001000000000000000000000000000000000000000100000000000000
010000000000000000000000000000000000000000000000000000000000000001000000
001000000000000000000000100000000000000000000000000000000000000000000000
000000000000000000000000000000000000000000000000010000000000000000100000
001000000001000000000000000000000000000000000000000000000000000000000000
001000000000000000000000000000000000000000000000000000000000000001000000
000000000000000000000000000000000000000000000000000000100000000000100000
000000000000000000000000000000000000000000100000000000000000000000001000
000000000000000000000000000000000000000000000000000000000000000010000001
000000000000000000000001100000000000000000000000000000000000000000000000
000000000000000000010000000000000000000000000000100000000000000000000000
000000000000000000100000000000000000000000000000000000000000100000000000
000000000000001000000000000000010000000000000000000000000000000000000000
000000000000000000001000000000000000000000000000010000000000000000000000
000000000000000000000000000000000000000000001000000000000000010000000000
000000000000000000000000000000000000000000000000000001000000000001000000
000010000000000000000000000000000000000000000000000000000000100000000000
000000000000000000010100000000000000000000000000000000000000000000000000
000000000000000000000000000000000000000000000100001000000000000000000000
000000000000000000000000000000000000000000000001000000000000001000000000
000000000000000000000000000001000000000000000000000000000000100000000000
000000000000000000100100000000000000000000000000000000000000000000000000
000000000100000000000000000000000000000000000000000000000000000100000000
000000000000000000000010000000000000000000000000000000000100000000000000
000000000000000000000000100000000000000000000000000001000000000000000000
010000000000000000000000000000000000000000000000000100000000000000000000
000000000000001000000000000000000000000000000000000000100000000000000000
000000000000000000001100000000000000000000000000000000000000000000000000
000000000000000000000000000000000100000000000100000000000000000000000000
100000000000000000000000000000000000000000000000000000000010000000000000
000000000000000000000000000000010001000000000000000000000000000000000000
000000000000000000000010000000000000000000000000000000000000000000010000
000000000000000000100000100000000000000000000000000000000000000000000000
000000000010000000000000000000000000000000010000000000000000000000000000
000000000000000000000000000000000000100000000000010000000000000000000000
000000000000000100000000000000000000000000100000000000000000000000000000
000000000100000100000000000000000000000000000000000000000000000000000000
100000000000000000000000000000000000000000000000000000000000000000010000
000000000000100000000000000000000000000000000000000001000000000000000000
000000001000000000000001000000000000000000000000000000000000000000000000
000000000010000000000100000000000000000000000000000000000000000000000000
000000010000000000000000100000000000000000000000000000000000000000000000
000000000000000000000100000000000000000000100000000000000000000000000000
000000000000000000000000001000000000000000001000000000000000000000000000
000000100000000010000000000000000000000000000000000000000000000000000000
000000000000000000000000000000000000000000001000000010000000000000000000
000000000100000000000000000000000000000000000000000000000000010000000000
001000000000000000000000000000010000000000000000000000000000000000000000
000000000001000000000000000001000000000000000000000000000000000000000000
000000000000000000000000000000000000000000100000000000000010000000000000
000000100000000000000000000000000000000000000000000000000000010000000000
000000010000000000000000000000000000000000000000000000000000010000000000
000000000000000000000000000001000000000000000000000000000000000000001000
000000000100000000000000000010000000000000000000000000000000000000000000
000000000000000000000000000000000000000000000100010000000000000000000000
001000000000000000001000000000000000000000000000000000000000000000000000
000000000000000000000000000010000000000000000000000000000000000000000010
000000000000000000000000000000001000000000000000000000000000000000001000
100000000000000000000000000000000000000001000000000000000000000000000000
000000100000000000000000000000000000000000100000000000000000000000000000
000000000000000000000100000000000000000010000000000000000000000000000000
010000100000000000000000000000000000000000000000000000000000000000000000
000010000000000000000000000000000001000000000000000000000000000000000000
000000000000000000100000000100000000000000000000000000000000000000000000
000000000000000000000000000000000000000000000000000000000000100010000000
000000100000000000000000001000000000000000000000000000000000000000000000
000000000000011000000000000000000000000000000000000000000000000000000000
000010000000000000000000000000000000000000000000000000000000000000000001
000000000000010000000000000001000000000000000000000000000000000000000000
000000000100000000000000000000000000000000000000000000000000000001000000
000000000000000000000000000100000000000000000000000000000000000001000000
000001000000000000000000000000000000000000000000000000000000000000000001
000000000000000000000000000000000000001000000000000000001000000000000000
000010000000000000000000000000000010000000000000000000000000000000000000
000000001000000000000000000000000000000000000000000000000000001000000000
000000000010001000000000000000000000000000000000000000000000000000000001
000000000001000000000000100000010000000000000000000000000000000000000000
000000000000000000010000000000000000000010001000000000000000000000000000
000000000000000000000100000100000000000000000000000000000000000000010000
000000000000000000000000000000000000000000100000000100000000000000000100
000000000000000000000001000000000000000000000000000000000100000000000010
000000000000100000000100000000000000000000000000000000000000000000001000
100000010000000000000000000000000000000000000000100000000000000000000000
000010000000000000110000000000000000000000000000000000000000000000000000
000000000000100000000000000000000000010000001000000000000000000000000000
000000000000000100000000000000001000000000100000000000000000000000000000
000010000000000000000000000000000000001001000000000000000000000000000000
000000000000000000000000001000000000100000000000001000000000000000000000
000000100000000000100000000000000000000000000000000000000000000001000000
000000000000000000100000000000000000000000000000000000000010100000000000
000000000000000000000000000000100000000000000000000100000000000000000001
000000001000000000000000000001000000000000000000000000000000000000010000
000000000000000000000000000000000000000000000000000100000000100000001000
000000000000000100000000000000000000100000000000000000000000010000000000
000000000000000000000000000000010000000000100000000000000000001000000000
000000000000000000000000000000000000000000001100000000000000001000000000
000000000000000100000000000000000000000000000000000000100000000000100000
000000000000000000000000000000000000000000000000100000000000001100000000
000000000000000000000000000000000000010010000000000000001000000000000000
000000000100100000000000000000000000000000000000000000000000010000000000
000000000000000001000001000000000000000000000000000000001000000000000000
000000000000100000000000000000010000000000000000000000000000100000000000
000000000000000100000000000000000000000000000000000000000010000000000100
000000000000010000000000000000000000000000000001000000000010000000000000
000000001000000000000010000000000000000000000000000000010000000000000000
000000000000000000001000000000000000000000001000000000000000100000000000
000000000000000000100000000101000000000000000000000000000000000000000000
000000000000100000000000000000000000000000000000000000000000000000011000
000000000001000000000000000000000100000000000000000000000000100000000000
000000001010000000000000000000000000000001000000000000000000000000000000
100000000000000000000000000000000000000000000010000000000000010000000000
010000000000000000000000000000000000000000100000000000000000000000000010
000000000000000000000000000000000000000000000000000100001000000000000100
000010000000010000010000000000000000000000000000000000000000000000000000
000001000000000000000000000000000000000000100000000000000000000000000001
001000000000000000000000000000000000000000000000000010000000000000001000
000000000000000000000000000000000000000000100010000000001000000000000000
001000000000000000000000000000000000000000000001000000000000000100000000
000000101000000000000000000000000000000000000000001000000000000000000000
000000000000000000000000010000000000000100000000000000100000000000000000
000000000010000000001000000000000000000000000000000000000000000000100000
000000000000000100000000000000000000000010000000000000000000000010000000
000000000000000000001000100000000000000000000000000000000000000000000010
000000000000000000000000000000000000000010000000000001000000000000100000
000000000000000000000000000000000000000000000000001000000010000100000000
000000100000000010000000000100000000000000000000000000000000000000000000
000000000000000000000000000000000001100001000000000000000000000000000000
000000000000000000100000001000000000000000000000001000000000000000000000
000010000000000000000000001000000001000000000000000000000000000000000000
000000000000000000000010000000000000000000000000000000001000000000000100
000000000000000000000000000000000000000000001010000000010000000000000000
000001000000000000000000000000000000000000010000000000000000000000000100
000000001000001000000000000000000000000000000000000100000000000000000000
000000000000000010000000000001000100000000000000000000000000000000000000
000000000000000000000000000000000000000001000000001000000000000000010000
000000000000000000000000000000000000000000100000001000000000000010000000
000000000000000000000000010000000000000100000000000010000000000000000000
000000010000000000000000000000000000000000000000000000000001000010000000
000000000000001000000000000000000000000001000000000010000000000000000000
000000000010000000000000000000000000000000000100000000000000000000000100
000000000000000000000001000000000010010000000000000000000000000000000000
000000000000000000000000001000000000000000100000000000000000000000010000
010000000000000000000001000000000000001000000000000000000000000000000000
000000000000000000000000000000100000010000001000000000000000000000000000
000000000000000000000000000000000000011100000000000000000000000000000000
000000000000000000000010000000000000000000000000000000000000000100000100
000000000000000000000000000001000000100000000000000000010000000000000000
000000000000000000000000000000000000000000000011000000000000010000000000
000000000010010001000000000000000000000000000000000000000000000000000000
000000010000000000000000000000000000000000000000000100001000000000000000
000000000000000000000010000000001000000000000000000010000000000000000000
000000000000000000000011000000000000000000000000000000000000000100000000
000000001000000000000000001000000000000000000000000000000000000000000010
000010000000000000000000000000000010000000000000000000000000000000001000
000000000000000000000000000000000000000000000000000100000010000000001000
000101000000000000000000000010000000000000000000000000000000000000000000
000001000000000000000001000000000000001000000000000000000000000000000000
000000000000000000000000100000000010000000000000000000000001000000000000
000000000000000000001010000000000000000000000000000000000000000000001000
000000000000000000010000000000000000000000000000000000000000010000000010
000000000000010000000000000000001000000100000000000000000000000000000000
000000000000000000000010000000000000000100010000000000000000000000000000
000000000000000000000010000000000000000000000000000000000000000100000010
000001000000000000000001000000000000000000000000000000000000000001000000
000010000000001000000000000000000000000010000000000000000000000000000000
000000000000100000000000000000000001000000000000000000001000000000000000
000000000000000000100000000000000000000000000000000001100000000000000000
000001000000000000000000000000000010000000010000000000000000000000000000
000000000000000000000000001000000000000000000000000000010000000000001000
000000000000000000100000000000001000000000000000000010000000000000000000
000100000000000000000000000000000000000000000000001000001000000000000000
000000000000000000000000000000000000001010000100000000000000000000000000
000000000000000000000000000110000100000000000000000000000000000000000000
000000000000000000000000000000000000000000000000001000000000000001000010
000000010000000000000000000000100000000000000000000000000000100000000000
000000000000000000000100100000000000000000000000000000000000100000000000
000000000000100000000000000001000000000100000000000000000000000000000000
000000000000000000000001000000000000000000001010000000000000000000000000
000000000100000000000000000000010000000000000000001000000000000000000000
000100000000000000000000000000000000000100000000000100000000000000000000
001000000000000010001000000000000000000000000000000000000000000000000000
000000000000000000000000100000000110000000000000000000000000000000000000
000001000000000000000000000001000000000000000000000010000000000000000000
001000001000000000000000000000000000000000001000000000000000000000000000
000000000001000000000000000000000001000000000000000000000000000000000100
000000000000000000000000000001100000000000000000000000000000000100000000
000000000000000000000010010000000000000000000100000000000000000000000000
100000000000001000000000100000000000000000000000000000000000000000000000
000000000000010000000000000000100000000000000000000000000000000000010000
000000000000100000000000000000001000000000000000000000000000000000000010
001000000000000000000000000000000001000000000000000000000010000000000000
000000000000000000000000100000000000010000000000010000000000000000000000
000000100000000000000000000000000000000000100000000000000000000000001000
000000000000100000000000000000000000000000000000100000000001000000000000
010000000000000000100000000000000000000000000000000100000000000000000000
010000000000000000000000000000000000000000100100000000000000000000000000
000000000000000000000000000000000000010000000000001000000000000000010000
000000000000000000010000000000000000000000000000000000000001000100000000
000000000000000000000010000000000000000000001000000000000000000001000000
000000000000000000000000001000000000000000000100000010000000000000000000
100000000000100000000000001000000000000000000000000000000000000000000000
000000000000000000000000000000000000000001000100001000000000000000000000
000000000000000000000010000000000000000000010000000000000000100000000000
000000000000000010000000000000000000000000000000000000000000000010000010
000000000000000000000000000000001001000100000000000000000000000000000000
000000001000000000000000100000000000000000000000000000000000000000000001
000000000000000000000000000001000100000000000000000100000000000000000000
000000000000000000000001001000000000000000000000000000000000000001000000
000000000000100000000100000000000000000000000000010000000000000000000000
000000001000000000000000000000000000000000000000000000000000010000010000
000000000000000000001000001000000000000000000000000000000000000000000001
000000000000000000100000000000000000000000000000000000000000000010000001
000000000000000010000000010000000000000000000000000010000000000000000000
000010000000000000000010000000000000000000000000000000000000000000000001
000000000000001000000000000000000000000000000000000000001000000010000000
000000000000000000000000000000000000010010010000000000000000000000000000
000000000000000011000000010000000000000000000000000000000000000000000000
000000100000000000000000000000000000000000000000000000000000010000010000
000100000000000000001000000000000001000000000000000000000000000000000000
000100000010000000000010000000000000000000000000000000000000000000000000
000010000000000010000000000000000000000000000000000000000000000010000000
001001000000000000000000000000010000000000000000000000000000000000000000
000000000100000000010000000000000000000000000000000000000000100000000000
000000000000000000000101000000000000000000000000000000000000000010000000
000000000000000000000000000000000000000000001000000000000000000010000100
000000000000010000010000000000000000000000000000000000000000000000000001
000000000000000000000000000000000000001000000000000000101000000000000000
000000000000000000001000001000000100000000000000000000000000000000000000
000000000000000000000000100000000000000000010000000000000000000000000001
010000010000010000000000000000000000000000000000000000000000000000000000
000000000000000000000000000000010000000000000000100001000000000000000000
000010000000000100001000000000000000000000000000000000000000000000000000
000000000000000100000000000000000000000000000000000000000001000000100000
000000000000100000000000000000000000000000000011000000000000000000000000
000000000000000000000000000000000000000100000000000000000001000000000010
000000000000000000000000010000000000000001000000000000010000000000000000
000000000000100000000000000000000100000000000000000010000000000000000000
000000000000000000000000000000100000000000000000000000100000000000000001
000000001000000000000000000000000000000000000100001000000000000000000000
000010000000000000000000000000000010000000001000000000000000000000000000
000000000000000010001000000000000000000000000000000000000000000000100000
000000000000110000000000000000000000000000000000000000010000000000000000
000000000010000000000000000000000000100000001000000000000000000000000000
000000000000010000000000001000000010000000000000000000000000000000000000
001000000000000000000000000000000001000000000010000000000000000000000000
000000000000000000001000000000000000000000000110000000000000000000000000
000000100001000000000000000000000001000000000000000000000000000000000000
000000000000000001000000000000000000010000000000000000000000000000100000
000000010000000000000000000000000000000000000101000000000000000000000000
100000000000000000000010000010000000000000000000000000000000000000000000
000000000000000100000000000000000000000000001000000000010000000000000000
000001100000000000000000000000000000000000000000000000000000000000100000
000000000100100000000000000000000000000000000000000000000000000100000000
000000000000000000010000000000000000001000000000000000000000000000001000
000000000000000000000001000000000000000100000000000000000100000000000000
000000000000000001000000000000000000100000000000000000000000000000100000
000100000000000000000000000000000000000001000000000000001000000000000000
000000001000000000000000000000000000000010000100000000000000000000000000
000000010000000000000000100000000000000000000000000000000000000000000001
000000000000000000000000001000000100000100000000000000000000000000000000
000000000000000000000001000100000000000000000000000000000000000000001000
000000010000000000000000000000000010010000000000000000000000000000000000
000000000000000000000100100000000000100000000000000000000000000000000000
000000000000000000000000010000000000000000000000001000000000100000000000
000000000000001000000000000000001000000000000000000000000000100000000000
000000000000000000000000000010010000000000000000000000000100000000000000
000000000000000010000000001000000000010000000000000000000000000000000000
010000000001000000000000000000000000000000000000000100000000000000000000
000000000000000000000000000000000000000000000000000000100000000001000010
000000000000000000000000000000000000000000010000000001000000000000000010
000000001000001000000000000000001000000000000000000000000000000000000000
000000000000000000000000000000000000000000100010000000000000000100000000
000000000000000000100000000000000000000001000010000000000000000000000000
100000001000000000010000000000000000000000000000000000000000000000000000
000000000000000000000000000000001000000000000110000000000000000000000000
000000000000000000000000001000000000001000000000000000000001000000000000
000000000000000000000010000000000000000000000000000000000100000000000001
000000000000000000000001000010000000000000000000000000000000100000000000
000000000000000000100000000000000000010000000000000010000000000000000000
000000000000010001000000000000000000100000000000000000000000000000000000
000000000000000000000000000000000001010000010000000000000000000000000000
000000000000000000010000000010000000000000000000000000000000000000000010
000000000000000000000000001100000000000000000000000000000000000100000000
000001000000001000000000000000000000000000000000000000000000010000000000
000000000000010000000000000000000000000000000000000000000010000010000000
000100000100000000000000000000000000000000000000100000000000000000000000
000000000000100000000000000001000000000000000001000000000000000000000000
000000000100000000000000000000000000000000000000010000000000001000000000
000000000000000000000000000010000000000000110000000000000000000000000000
000000000000000000000000000000000000000000001000000000000000100010000000
001000100000000000000000000000000000000000000000100000000000000000000000
000000010000100000000000000000001000000000000000000000000000000000000000
000001000000000000000000000000000010000000000010000000000000000000000000
000000000000000001000000000000000000000000000010000000000100000000000000
000000000000000000000000000000000000000000000000001000000000100010000000
000000000000010000000000010000000000000000000000000000000100000000000000
000000000001000000000001000000000000000000000000000000000000000000010000
000000000000010000000000001010000000000000000000000000000000000000000000
000000000000000000000000000000000000000010000000000000000010000000000010
000000000000000001000000000000000000000000001000000000000000000000000100
000000010001000000000000000000000000100000000000000000000000000000000000
000010000000000000000000000001000000010000000000000000000000000000000000
000000000000000000000000000000000010000010000000000000000001000000000000
000000000100000000000000000000000000000000000000000000000100010000000000
000000000000000000001000000000000000000001000000000000000000100000000000
000000000000000000000000000000000010000001000000000000000000100000000000
000000010000000000000000000000000110000000000000000000000000000000000000
000000000000000000000000000000000000010000000000000000000000000100000001
000000000010000000000000001100000000000000000000000000000000000000000000
100010000000000000000000000000000000000000000000000000000000100000000000
000000000000000000011000000000000000000000000100000000000000000000000000
000000000000000000000000000000000000100100000000000000100000000000000000
000000000000000000000000000010000000000000000000001000000000010000000000
000000001000000000000000000000000000000000000000000000000001000000000010
000000000000000000000001000000000000001000000000000000000000000000000010
000000100000000000000000000000000000000100000000000000000000000000001000
000000000000000000000000000000000010000000000001000000000000000000000010
000010000000000000000000000010000000100000000000000000000000000000000000
000000000000000000000000000100000000100000000000000000000000000000000100
000000010000000000001000000000000000000010000000000000000000000000000000
000000000000000000000000000100000000001000000000000000000000010000000000
000100000000010000000000000000000000000000000000000000010000000000000000
000000010000010000000000000000000100000000000000000000000000000000000000
000000000000000000010000000000000000000000000000100000001000000000000000
000000000000000000000000000010000000000100000000000000000000001000000000
000000101000000000000000000000000000000000000000000000000000000000000010
000000000000000010000000000000000010000000000000000000000001000000000000
000000000000000000000000000000100000000000000000000000110000000000000000
000000000000000000000000000000000000000000010000000011000000000000000000
000000001000000000000000010000000000000100000000000000000000000000000000
000000000000000010000000000000000100000000000000010000000000000000000000
000000001000010000000000000000000000000000000000000000000000001000000000
000000000000000000000000000000100000000000000001000000001000000000000000
000100000000010000000000000000000000000000000000000000000000000000000010
000000000000000000000000000110000000000000000000000100000000000000000000
000000000000000000000000001000000000000000000000000100000000001000000000
000000000000000000000000000000000100000010000000000000001000000000000000
000000000000000000000001000000000000000000000000100010000000000000000000
000100001000000010000000000000000000000000000000000000000000000000000000
000000000000000000000001000000000000000001000000001000000000000000000000
000000000000000000010000001000000000000000000000000000010000000000000000
000000000000000000000000000000000000000000000000000100000100000010000000
000000000000000000000001000000000000100000010000000000000000000000000000
000000000000000000000100000000000000000000000000000000000001000000010000
001000000000000000000000000001000000000000000000000001000000000000000000
001000100000000000000000000000000000000000000000010000000000000000000000
000000000100000000001000000000000000000000000000000000000000100000000000
000000001000001000000000000000000000000000000000010000000000000000000000
000000000000000000000000000000000010001000000000000000000000010000000000
100000000000000000000100000000000000000000001000000000000000000000000000
000000000000000000000000000000001000000000000100000000000000000001000000
000000000000000000000010000010000000000000100000000000000000000000000000
000000000000000010000000000000000000000100000000000000000000000000000100
001000000000000000000000010000000000100000000000000000000000000000000000
000000000000000000000000000000000000000000000000100100001000000000000000
000000010000000000000001000000000000000100000000000000000000000000000000
000000000001000000000000000000000000100000000000001000000000000000000000
000000000000000001000000010000000000000000000000010000000000000000000000
000000001000000000000000000000000000000000001000000001000000000000000000
000000000000000000000000000000000000000000010000000000010000010000000000
000000000000000000000000000001000000001001000000000000000000000000000000
000000000001000000000000000000000000000000000010000000000000100000000000
000000000000000010000000000000000001000000000000000000000010000000000000
000000000010000000000000000001000000000000000000000000100000000000000000
000000000000000100000000000000100000000000000000000000000001000000000000
010001000000000000000000000000000100000000000000000000000000000000000000
000000010000000000001000000000000000000000000000100000000000000000000000
000000000000000000000000100000000000000000000000010000000000000001000000
000000000000000000110000000000000000000000000000000010000000000000000000
000000000000000000100000000000010000000000001000000000000000000000000000
000000000010000000010100000000000000000000000000000000000000000000000000
000000000000000001000010000000000000000000000000000000000000100000000000
000000000000000000010000000000000000000000000000000000000010001000000000
000000000000000010000000000000001000000000000000000010000000000000000000
000000000000000000010000000000000000000000000000010000000000000000000100
000000000000000000000000000000000011000000000001000000000000000000000000
000000000000000000000100000000000000000000000000000000000001000000001000
000000000000000000000000000110100000000000000000000000000000000000000000
000000100001000000000000000000000000000000100000000000000000000000000000
000000000000000000000100000000000000000000000010000000000000010000000000
010000000000000000000000000001000000000000000100000000000000000000000000
000000000000000000000000000000000000000000000011000000000000000000100000
000000000000000000000000000000000001000000000000000100000100000000000000
000000101000000000000000000000000001000000000000000000000000000000000000
000000000100000000000000000000000000000000100000000000000000000001000000
000100001010000000000000000000000000000000000000000000000000000000000000
000000010000000000000000000000000000000000000000100000000000010000000000
000000010000000000010000000000000000000000000000000000000100000000000000
100000000000100000000000000000000001000000000000000000000000000000000000
000000000000000001000001000000000000000010000000000000000000000000000000
000000000000000000000100000000000000000011000000000000000000000000000000
000000000000000000000000000100000000000000000100000000010000000000000000
000000000000000000000100000000000000000000000000000000010000000000001000
000000000000000000000000100000000000000000000000000001000000001000000000
000000001010000010000000000000000000000000000000000000000000000000000000
000000000000000000010010000000000000000000000000000000000000000000001000
000000100000000000000000010000000100000000000000000000000000000000000000
000000000001001000010000000000000000000000000000000000000000000000000000
000000000000100000000000100000000000000000000000001000000000000000000000
000000000000000010000000010000000000010000000000000000000000000000000000
000000010000000000000000000000000000100000000000000000000000000000001000
000000000000000100000000000000000000000000000000000000001000100000000000
000000000000100010000000000000000000000100000000000000000000000000000000
000000010000000000000000000000001000000000000000000000000000010000000000
000000000000000010000000000000000000100000000000000000000000000000001000
000000000000000000000000000000000010000000000000000000000000000001000100
000000000000000000000000000000000000000000010001000100000000000000000000
000000000000000000001000100000000100000000000000000000000000000000000000
000000000000000000000000000000000000000000000000101000000000100000000000
000000000000000000000000000000000000010010000000000000000000000000001000
000000000000010000000000000000000000100000000000000000000000000010000000
000000100000000000000000000000000000001100000000000000000000000000000000
000000000000000000000000000000001000000000000000000100001000000000000000
100000000000000000000000000000000000100100000000000000000000000000000000
000000000000001000000000000000001000000000000010000000000000000000000000
000000000000000000000000000000000000000000011000000000010000000000000000
000001000010000000000000000100000000000000000000000000000000000000000000
000000000000000000000000000000000000000001000010000000000100000000000000
000001000000000000000000010000000000000000000000000000000010000000000000
000000000000000000010000010000000000000000000100000000000000000000000000
000000000000000000000000000000000000000100000000000000101000000000000000
000000000000000000010000000000000000000000000000100000000001000000000000
000000000000000000000000000000100010000000000000000000100000000000000000
000000000000010000000000000000000000000000000000000000001000000000010000
000000000000000000000000000000000000000001000000000000000000100100000000
000000000000000000000100000000000100000000000000000000000000100000000000
000000000000000000000001000000000010000000100000000000000000000000000000
000000000001000000000000000000000000100000000000000000100000000000000000
000000000000000000000000000000000000000000010000000000001000000000000001
000000000000000000000000000000000100000000000000001000000000000000010000
000000000001010000000000000000000000000000000100000000000000000000000000
000100000001000000000000000000000000000000000000000000100000000000000000
000000000000000000000000000000000100000000000000000000000000001000000001
001000000000000000000000100000000000000100000000000000000000000000000000
100000000000000000000000000000000000001000000100000000000000000000000000
000000000000000000000000000000000100100000000000000000000000000000000010
000000000000000000000110000000000000000000000000000000000010000000000000
000000000000000010000000000000000000000000000100000000000000000100000000
000000000000000000000000000000000000010000000000101000000000000000000000
100000000000000000000100000000000000000000000000000000000000000000100000
000000100000000000000000000010000000000001000000000000000000000000000000
000001000000000000000000000000000100000000000000001000000000000000000000
010000000000000000000000000000000000001000000000001000000000000000000000
000000000000010000000000000000001000000000001000000000000000000000000000
000000000000100000000000000000000001000000000000000000000000001000000000
000000000000000000000000001000000000000000000000000000001000000000010000
000000000000000100000000000000000001000000000000000000001000000000000000
000001000000000100000000000000000000000001000000000000000000000000000000
100000000000000000000000000000000000000000000000000000000000000000100100
000000000001000000000000000000000001000000000100000000000000000000000000
000001100000000000000000000000000000000000000000000000000000000010000000
000000000010000000000000000000000000001000000000000000000001000000000000
000000001000000000000000000000000000010001000000000000000000000000000000
000000000000000001000000000000000000000001000000001000000000000000000000
000000000010000000000000000000000000000000010000000000000000100000000000
000001000000000000000000000000000000000000000000000000000010000000010000
000000000000000100100000000000000000000000000000000000000000000100000000
000000000001000100000000000000000100000000000000000000000000000000000000
000000000000000000000000000100000000000000000000000000000010000010000000
000000000000000000000000000000000000000000000001000010100000000000000000
000000000000000000010000000000000000000000000001000000000000000001000000
000000010000000000000000101000000000000000000000000000000000000000000000
000000000010000100000000000000000000000000000000000000000000000000001000
000000000000000000000001000000000000000000010000000000000000000000000010
000000000000000000000000000001000000000010000000001000000000000000000000
000000000001001000000000000000000000000001000000000000000000000000000000
000000000000000000011000000000000000010000000000000000000000000000000000
000000000000000100000000000000010010000000000000000000000000000000000000
000000000000000000000000000000000000000000000010000000000000000000110000
000000000000000000000000000000000000100000000000000000000000001000000010
000000000000000000000001000000000000000000000000000000010000000000001000
000000000000000000000000000000000001000000000000000000000000000010000100
000000000000000000000001100000000000000000000000000000010000000000000000
010000000001000000000000000000000000000000000000000000000000000000001000
000000000000100000000000000000000001000000000000000000000000000000000100
000001000000000000100000000000000000000000000000000000000000000000010000
000000000000000000000000001000000000000000000000000000000000000100100000
000000000000000000000000000000000000000000001010000000000000000001000000
000000000001000000000000000000000000000000000000000000000000000010010000
000000000000000000000000000000000000001000001000100000000000000000000000
000000010000001000000000000100000000000000000000000000000000000000000000
001000000000000000000000000000000000100000000000000000000000000100000000
000000000000000000000000000000100000001000000000010000000000000000000000
000000100000000000000000000000000000000000000000000000001000000000000010
000000100100000000000100000000000000000000000000000000000000000000000000
010000000000000000000000000000000000000000000010000000000000000100000000
100000000000000000000000010000000000000000000000000000100000000000000000
010000000100001000000000000000000000000000000000000000000000000000000000
000000000000001000000001000000000000000000000000000100000000000000000000
000000000000000000000000000000000000001000100000010000000000000000000000
000000000000000000000000000001100000000000000000000100000000000000000000
000000000000000010001000000000000000000000000000000100000000000000000000
000000000000000010000000000000000000000000000010000000001000000000000000
000000000000000000000000000000000100000000000000000000000000010000000001
000000000000000001000000000000001000000000000000000000000000100000000000
000000000000000000000000010010001000000000000000000000000000000000000000
000000001000000000000000000000010000000000000000001000000000000000000000
000100000000000000000000000000000000000000000000010000000010000000000000
000000000000000000000000000000000000000001000000000000001000100000000000
000000100000100000000000000000000000000010000000000000000000000000000000
100000000010000000000000000000100000000000000000000000000000000000000000
000000000000000000000000001010000000000000000000100000000000000000000000
000000000000000000000000000000000000000000000001000100000000000000100000
000000000000000000001000000000010000000000000000100000000000000000000000
000000000000000000000000000000000100000000000000000010000000000000010000
000000000000000000000000000000100100000000000000000000000000000000001000
000000000000000000000000000000000000000100000000010000000000000100000000
000000000000000000000000000000000000000000001000000000100000000001000000
000000000010000000000000000000000000001000000000000000000000000000010000
000000000000010000000000000000000000000000000000000000000001010000000000
000000000000000000001000000000000000000000000000000000000000000010100000
000000000000001000100000000010000000000000000000000000000000000000000000
000000000000000000000000000000000000000000000000101000000000000001000000
000000000000000100001000000000000000000000000000000001000000000000000000
000000000000000000000000001000000000000000000000010000001000000000000000
010000000000000000000000000000100000000000000010000000000000000000000000
000000000010000000100000000000000000000000000100000000000000000000000000
000000000000000000000001000000000000000000100000000000000000000000000100
010010000000000010000000000000000000000000000000000000000000000000000000
000000000000000000000000000000010000000010001000000000000000000000000000
000000000000010000000000000000000010000000000001000000000000000000000000
000000000000000000000000000000000000000000000000000000010000010000000010
000000000000000000000000000000000000000000000000000100100000000010000000
000000000000000100000000000000000000000000000000000000000000001000100000
000000100000000000100000000000100000000000000000000000000000000000000000
000000000000000000000000000000000000000100000000000000000000010000000100
000000000000000000000000000010000001000000000000010000000000000000000000
000000000000000000000001000000000000000000001000000001000000000000000000
000000000000000000100000000000000000010000000000000000000001000000000000
000000000000000000000100000000000000000000000000000000011000000000000000
000010100000000000000000000000000000000000000000100000000000000000000000
000000000000000000000000000000001000000000000000000000001100000000000000
000000000000000100010100000000000000000000000000000000000000000000000000
000000000000000000000100000000000000000000000000010000000000000000100000
000000000000000000100000000000000000010000100000000000000000000000000000
000000000000000000000000000000000100000000000000000000000000010000001000
000000000001000100000000000000000000000000000000000100000000000000000000
000000000000000000000001000000100000000000000000000000000000000100000000
000000100000000000000000000000100000000000000000000000001000000000000000
000010000000000000000000000000000000000100000000000000000000000000100000
000001000000000000000001000000000000000000000010000000000000000000000000
000000000000000000000000001000000000010010000000000000000000000000000000
000000000000000000000000000000000001000000000001000000010000000000000000
000000000000000000000001000000000000010000000000000000000000000000001000
000000000000000000000000000000000000000010000000000000100000010000000000
000100000000000000000000000010000000000000000000010000000000000000000000
000000000000000000000000100000000000000000001000010000000000000000000000
000000000000000000000000000000000000000000000000000001000001010000000000
000000000000000000000000000000000000000000000000100000000100000010000000
000000000000010000000000000010000000000000000000000000000010000000000000
000000010000000000000000000010000000000000000000000000000000000001000000
100000000100000000000000000000000000000000000000000000000000100000000000
000000000000000110000000000000000000000000000000010000000000000000000000
001000010000000000000000000000000000000000000000000000100000000000000000
000000000000000000100000000000000000000001000000000000000000001000000000
000000000000000000000000001000000000000000000000000000000001000000000010
000000000000000000000000000000000001000000000000000000010000000000000010
000001000000010000000000000000000000000000100000000000000000000000000000
000000100100000000000000000000000001000000000000000000000000000000000000
000000000000010000000000000000000000000000001000100000000000000000000000
000000000000010000000001000000000000000000000000000000000000100000000000
000000000000001000000000000000000000000010000000000000000000000000010000
000000000000001000010000000000000000000000000000000000000000000001000000
000000000000000001000000000000000000000000001000000000000000001000000000
100000000000000001000000000000000001000000000000000000000000000000000000
000000000000000001000100000000000000000000000000000000001000000000000000
100000000000000000000000000000000000000000000010000000000000000000010000
000000000000000010000000000000000000100000000000000000000000100000000000
000000000000000000010000000000000001000000000000000000000000000000100000
000000000000000000000000000000000000000000000000000000000000100001000010
000100000000000000000000000000000000000001000000010000000000000000000000
010001000000000000000000000000000000000000000001000000000000000000000000
000000000010000100000000000000000000000010000000000000000000000000000000
000000000000000000000000100000000000010000001000000000000000000000000000
000000001000000000000000000000001000100000000000000000000000000000000000
100000000000000000000100000000000000000000000000000000000000010000000000
000001000000000000000000000000000000000000000000000100000000000000001000
000000000000000000000000010000000001000000000000000010000000000000000000
000001000000000000000000000000000010000000000000000000000000000000100000
010000000000000000001000000000000000000000000000000000000000000100000000
000000000100010000000000000000010000000000000000000000000000000000000000
000000100000000000000000000000000000000000000000001000000000000001000000
000000000000000000000000100000000000000000010000000000000000000000000010
000000000010000000001000000000000000000000000000000000000000000000000100
000000000000000000000000000000000010000000000000000011000000000000000000
000100000000000100000000000000000000000000000000000100000000000000000000
000000000000000000010001000000000000000000000000010000000000000000000000
000000000000000000000000000000010000000010000000000000000000000000010000
000000000000000000000000000000000000000000000000100000000010000000010000
000000000000000000000000000001000000000000000000000000000000000010001000
000000000000000100000000000000000000000000000000010000000000000001000000
000000100000000000010000000000000000000000000000000000000000000100000000
001000001000000000000000000000000000000000000000000000000000000000000001
000000000000000000000000001000000000000010000000000000100000000000000000
000000000000000000010000000000000000000000001000001000000000000000000000
000001000000000000000000000000000000000010000000000000000000000000000010
000000100000001000000000000000100000000000000000000000000000000000000000
000000000010000000000001100000000000000000000000000000000000000000000000
000001000000000000000000000000000000000000100000000000000000000000010000
000000000000000000000000000000000000000100000000000000010000000000000010
000000000000000100000000000000001000000000000000000000000000000001000000
000000010000000000000000000010000000000000000000000010000000000000000000
000000001000000001000000000000000000000000000000000010000000000000000000
000000000000000000000000000000000000100100000000000100000000000000000000
000000000010010000000000000000000100000000000000000000000000000000000000
000000100000000000000000000000000000000000000000110000000000000000000000
000000000000000000000000000000000000100000010000000000000000000000001000
000000000000000000000000000100000100000000000100000000000000000000000000
000001000000000000000000100000000000000000000000000000000000000000010000
000000000000000000001000000000000000000000001000000000000100000000000000
100000000000000000000000000000000100000000000000010000000000000000000000
000000000000000000000001011000000000000000000000000000000000000000000000
000000000000000000000000000010001000000000000000000000000000000000100000
000000001000000000100000000000000000000000010000000000000000000000000000
000000000000100000000000001000000010000000000000000000000000000000000000
000000000000010000000000000000000000010000000000100000000000000000000000
000000000000000000000000000001000000000000000000000000000000001000000001
000000000000000000000000000000000001100000000000000000000000000000010000
000000000000000000000000001000000010000000000000000000000000000001000000
000000000010000000000000000000000000000000100000000000000000000100000000
000000000000000000000000000000000000000000000000000101000000001000000000
000000000000000000000000100000001000000000000000001000000000000000000000
000000000000000000001000000000000000000000000100000001000000000000000000
000000000000000000000000010000000000000010010000000000000000000000000000
000000000000000000000010000000000000000000010000000000000000000000000100
000001000000100000000000000000000000000000000010000000000000000000000000
000000000000000000000000000010000000000000000010010000000000000000000000
000000000010000000000000000010000001000000000000000000000000000000000000
000000000000000000000000100000000100000100000000000000000000000000000000
000000010000000000000000000000000000000000010000000000000000001000000000
000001000000000000000000000000000000000001000000000000000001000000000000
000000000000001000000000000000000000100000000000000000000000000001000000
000100000000000000000000000000000000000000000000000100000000000000100000
000000000110000000000000100000000000000000000000000000000000000000000000
000000000000000000000000000000000000000000000000000010000001000000000001
000000000000000000000000000001000000000000000001000000000000000001000000
000010000000000000000000000000000000000000000000000000000000010010000000
000100000000000000000000000000000000000000000000110000000000000000000000
001000000000000000000100000000000000000000100000000000000000000000000000
000000001000000000000000000000000000000000000010000100000000000000000000
000000000000001010000000000000000000000000000000001000000000000000000000
000000000000001000000000000000000000000000000010000000000000000000000100
000000000000000010000000000000000000000000000000000101000000000000000000
000000000000000000000000000001000000010010000000000000000000000000000000
000000000000000000000000000000010000000000100000001000000000000000000000
000000000000100000000000000000000000000000000100000000010000000000000000
010100000000000000100000000000000000000000000000000000000000000000000000
000000010000000000000000001000000000000000000000000000000000000001000000
000000000000000000000000000000000000100000000000001000000000010000000000
000000000000001000000000000001000000100000000000000000000000000000000000
000000000000000100000010000000000000000000000000000000000010000000000000
000000000000000000000000010000010000000000000000000100000000000000000000
000001000001000000000000000000000000000000000000000000000000000000000001
000000000000000000000101000000000000000000000010000000000000000000000000
000000000000000000000000000001000010000000000000000000010000000000000000
001000000000000000010000000000000000000000000000000000100000000000000000
000000000000000000000000000000000000000001000000000000000001000100000000
000000000000000100000000000000000000000000000000100000000000000001000000
000000000000000100000000000000000000000000000000000000001000001000000000
000000000000000000000100000000000000000000000100001000000000000000000000
001000000000000000000000000000000000000100000100000000000000000000000000
000010000000000010000000000000000000000000000000000000000000000100000000
000000000010000000100000000000000000000000000000000000000000000000000100
000000000000000000000000000000000000000011000000000000000000000000000100
000000000000000000000000000000000001010000001000000000000000000000000000
000000000000000000000000100000000000000010000000000000100000000000000000
000000000000000000000000000000000000000010000001000000000100000000000000
000000000000000000000000000001000000000000000000000000100010000000000000
000000010001000000000000000000000000000000000000000000000000010000000000
000000000000000000001000000000000100000000000000000010000000000000000000
000000000000000000000000000000000001000000000000000000000010000000000100
100000000000010000000000000000000001000000000000000000000000000000000000
000000000000100000000000100000000000000010000000000000000000000000000000
000000000000001001100000000000000000000000000000000000000000000000000000
000000000000000000010000000000000000000010000001000000000000000000000000
000001000000000000100000000000000000000000000000000000000000010000000000
000000000000000000000000000000010000000000000000001000000000100000000000
000000000000000000000100000010000000000000000000000001000000000000000000
000000000000000000000000000000000000000000000000000101000010000000000000
000000000000000000000001000000001000000100000000000000000000000000000000
000000000000000000000000010000000000000000000000000000000000100010000000
000000000000000000000000000000010000000100000000100000000000000000000000
010000000000000000000000000000000000100000000000100000000000000000000000
100000000000000000000100000000000000000000000000000000000000100000000000
000001000000000000100010000000000000000000000000000000000000000000000000
000000000000000000000000000010000000000010000100000000000000000000000000
000000000000000000000000100000000000000000100000000000000001000000000000
000000000000001000000000000000000000100100000000000000000000000000000000
000000000000000000000000000000000100000000000000010000000000000100000000
000000000000100000000000000000000010001000000000000000000000000000000000
000000000001000000000000000000000000000000000000010000000000000000001000
000000000100000000000000010000000000000000000000100000000000000000000000
000000000000000000000000000000000010010000000000100000000000000000000000
000000000000000000000000001001000000000000000000000001000000000000000000
000010000000000000010000000000000000000000000000000000000010000000000000
000000100000010000000000000000001000000000000000000000000000000000000000
000000000000000000000000010000000000000101000000000000000000000000000000
000000000000000000000000000010100000000000000000100000000000000000000000
100000000000000000000000000000000000001000000000100000000000000000000000
000000000000000000000010001000000000000000000000001000000000000000000000
000000000000100000000000000000100000000000000000000000001000000000000000
000000000000000000000000000000001000000000000000000010000000000000010000
000000000010000000000000000000000000000000000000001000000010000000000000
000000000000000000000100000100000000000000000000000000000000100000000000
000000001000000000000000100000000000000000000000000000100000000000000000
000000000000000000000000000000000000000010000000000000100000000100000000
000000000010000000000000000000000000000000000100000100000000000000000000
000000000000000000100000000000000000000000100000000000000001000000000000
000000000000000000000000000100000000000000100000000001000000000000000000
000010000000000000000000000000000000000000100100000000000000000000000000
000000000000000000000000000000000000100000000000000010000000010000000000
000000000000000101000000000000000000000000000000000000000000001000000000
000001000000000000000000000000000000000000000000101000000000000000000000
000000000000000000000010000000000000000000000000000000000000000001000010
000100000000000000000000000000100000000000000000000000000100000000000000
000000000000000100000000000000000010000000000000000001000000000000000000
000000000000010100000000000000000000100000000000000000000000000000000000
000000000000000000000000100000000000000000000000000000000000010000010000
000000000000000000000000000000100000000000000000001000000000000000100000
000000000000000000000010000010000000000000000000000000000000000000100000
000000000001000000000000000000000100000000000000000000000100000000000000
000001001000000000000000000000100000000000000000000000000000000000000000
000010000000000000000000010000000000000000000000000000000000010000000000
000000000010000000000000000000000000000100000000000010000000000000000000
000000000000000000000000000000000010000000001000000000000000000000000010
000000000000000010000000000000000000000000000000010000000000000000001000
000000000000000100000000000000000000000010000000000000001000000000000000
000000000000000000000000000010000000000010000000000000000000000000000100
000000000000000000000000000010000000000001000000000000000000000100000000
000000010000000000000000000000001000000000000000001000000000000000000000
000000000000001000000010000000000000000000000000000000000001000000000000
001000000000000100001000000000000000000000000000000000000000000000000000
000000000000000000001000000000001001000000000000000000000000000000000000
000000010000000000000000100000000000000000100000000000000000000000000000
000000000000010000000000000000000000000001000000000100000000000000000000
000000000000000000000000000001000001000000001000000000000000000000000000
000000000000000000000000000001000000000000000010001000000000000000000000
000000000000000000000000000000100000000000000001000000000000000000100000
000000000000000000000000000000000000000000000000100000000010000010000000
000000000000000000000000000000010000000001000000000000000000000000001000
000000000000000000000010000000000000000000000001000000000000000000000100
000000100100010000000000000000000000000000000000000000000000000000000000
000000010100100000000000000000000000000000000000000000000000000000000000
000000000000000000000000000010000000000000000000000100000001000000000000
000000000000000000000000000001000000000001000000000000000000000100000000
000000000000000000000000010000000000000000000000000000010000010000000000
000010000000000000000000000000000100000000000000010000000000000000000000
000000000000000100000100000000000000000000000000000000000100000000000000
000000000000000000000000000000000000000000000000100100000000100000000000
000000100000000000000000000000000010000000000000000000000000000000000010
000000000000000000000000000000000000001000100000000000000010000000000000
001000000000000000000000000000001001000000000000000000000000000000000000
000001000000000010000010000000000000000000000000000000000000000000000000
000010000010000000000000000000000000000000000000000000000010000000000000
000010000000000000000000000000000000010000000000000000000000000010000000
000010000000000001000000000000001000000000000000000000000000000000000000
000000000000000000000000000000000000000000000000000000010000010010000000
000000000000000000000000000000000000000000010000000000011000000000000000
100000000000000000000000000000000000000000000000000000000000001000100000
000000000000000000000000000000000000000100000000001000000000000000001000
000000000000000000000000000000000000000100000000000000001000000000000010
000000000000000000001000000000000000001000000000000000000000100000000000
000010000000100000000000000000000000000000000000000000000100000000000000
000000000000000000001000010000000000000000001000000000000000000000000000
000000000000000000000000000000000000000000001000000000000000000001000100
000000000000000010000000000000000000000010000000000010000000000000000000
000000000000000000000000000000001000000010000000010000000000000000000000
000001000000000000000000000000000000000000000000000001000000000000000100
000000000001000000000000000000000000010000000000000000000000000010000000
010000000000100000000000000000000000000010000000000000000000000000000000
000000100000100000000000000010000000000000000000000000000000000000000000
000000000000000000000000001000000000010000001000000000000000000000000000
000000001000000000000000000000000000001000000000000000000000000000100000
000010000000000010100000000000000000000000000000000000000000000000000000
010000010000000000000000010000000000000000000000000000000000000000000000
000000100000000000000000000000000000000010000100000000000000000000000000
000000000000100000100000100000000000000000000000000000000000000000000000
000000001000001000000100000000000000000000000000000000000000000000000000
000000000000000000000000001000000000000000000000000001000000000000000001
000000000000000000000000000001000000000000001000000000000000000000000100
000000000000000000000000000000000000000000000000000000000100110000000000
000100000000000000000000001000000000000000000000000000000000000010000000
000000000000000000000000000010100000000000000000000100000000000000000000
000000000000100000100000000000000000000000000000000000000000000000001000
000000000000000000000010000000000000000000000001000000000001000000000000
000000000000000000000000000000000000000000000100000000000010010000000000
000000000001010010000000000000000000000000000000000000000000000000000000
000000010000000100000100000000000000000000000000000000000000000000000000
000000000000000001000000000000000000000000000011000000000000000000000000
000000000000000000000100000000000000000000000000000000000010000000010000
000000000000000000000000000000000000000000000000001000000000010100000000
010000000000000000000000000000000000000000000001001000000000000000000000
000000000000000000000000010000000010100000000000000000000000000000000000
000010000000000000000000000010000000000000000000000000000000000010000000
000001000000000000010000000001000000000000000000000000000000000000000000
000100000000000000000000000000000000000000010010000000000000000000000000
000000000000000000000000000000000000010000000000001000000000100000000000
000000000000000000000000000000100000001001000000000000000000000000000000
000000000000000000000000000000000100000000000000000010000000100000000000
000000000000000000000000000000000000000000000000000100000001000000100000
000100000000000000000000000000000000000010000000010000000000000000000000
000001000000000000001000000000000000000000000000000000010000000000000000
000000000000000000000000000000000000000000000000000000000001100000100000
000010000000001100000000000000000000000000000000000000000000000000000000
000000001000000000000000000000000000000000000001000000000100000000000000
000001000000000000000000001000000000000000000000001000000000000000000000
000000000000000000000000000000000010000001000000000000000000000000000001
000010000000001000000000000010000000000000000000000000000000000000000000
000000000000000000000001000001000000000000000000000000010000000000000000
000000000000000000000000000000000000000000000100001000000000000000100000
000000000000010000000000000000000000000000100000000000000000000001000000
000000010000000000000000000000000000001000010000000000000000000000000000
000001000000100000000000000000000000000010000000000000000000000000000000
000000000000000000000000000000000100000000000000010000000000100000000000
000000000000000000000000000000001000000010000000000000000000001000000000
000000000000000000000000000000000000000000001000000000000000001000000001
000010000000110000000000000000000000000000000000000000000000000000000000
001000000000000000000000000000000000000000000000000000000000000001000001
000000000010000000000000000000000000000000000000010000000000000100000000
000000000010000000000000000100001000000000000000000000000000000000000000
000000000000010000000000000000000000000000000000000010000001000000000000
000000000000000000010000000000000000001000000000000000000000010000000000
010000000000000000000000100000000000000000000000000000000000000000000010
000000000000000000000000000010000000000000000000000000000100010000000000
000000000000000000110000000000000000000000000000000000000000000000000100
000000000100000000000000100000000000000000000000000000000000000000010000
000000000000000000000000100000010000000000000001000000000000000000000000
000000000000000000000000000000000101000000000000000100000000000000000000
001000000000001000000000100000000000000000000000000000000000000000000000
000000000000001000000000000100000000000000000000000000000000000100000000
000000000000000000000000010000000000000000000000000001001000000000000000
100000000000000000000000000000000000000000000010100000000000000000000000
000000000000000010000001000000000000000000000000000001000000000000000000
000000000000001000000000000000000000010000000000000000000000100000000000
000000000000000000001000000000000000000000001000000000000000000100000000
000000000000000000000000010001000000000000000000000000000000001000000000
000000000000000000000001100000000000100000000000000000000000000000000000
000000000000000000000000000000000001010000000000000000000000000000100000
000000000000000000000000000000000000000101000000000000000000010000000000
000001000000000000000000000000000000000000000001000000000100000000000000
000010000000000000000000000000000000000000000000001000001000000000000000
000000010010000000000100000000000000000000000000000000000000000000000000
000000010000000000000000010000000000000000000000000000000000000100000000
000000000100000000000000000000000000000010000000000000000100000000000000
000001000000000000000100000000000000000000000000000000000000010000000000
000000000000000000000000000000000000000000010000000100100000000000000000
000000000000000000010000000001000000000000000100000000000000000000000000
000000000000000000100000000000000000000000000000000100010000000000000000
000000000000000000100000000000000000000000000000011000000000000000000000
000000000000000000000000000000000000000000000100001000000000000000000010
000000000000000000000000000000000100000000000000000000000000000010001000
000000000000000000000000000000000000000000000000000000001000100000001000
000000000000000001001000000000000000000000000000000000010000000000000000
000000000000000010000000000000000000100000000000000000000000001000000000
000000000000000000000110000000000000000000000000100000000000000000000000
000000000000000001000100000000000000000000000000000000000000000100000000
000000010000000000000000000000001000000000010000000000000000000000000000
000010000000000000000000000001001000000000000000000000000000000000000000
000010000000000000000000000000000000000001100000000000000000000000000000
000000000000100000000000000000000000000000000000000000000000000000101000
000010000000000000000000000000000000000000000000000000000000000010000010
000000010000000000000000000000000000010000001000000000000000000000000000
000000000100000000000000000000000000000000010000000000000000100000000000
001010000000001000000000000000000000000000000000000000000000000000000000
000000010000000000000000000000000000000000000100000000000000010000000000
001000000000000000000000000000000000000000000001000000000000000001000000
000000101000010000000000000000000000000000000000000000000000000000000000
000000000000000000000000000000000000100000000000010000001000000000000000
000000000001000000000000000000000000001000000000000000000000000010000000
000000000000000000000100000000000000000000000100000000000001000000000000
000000000000000000100000001000000000000000000010000000000000000000000000
000000000001000000000000000000000000000000000000000000010000000000001000
000000000000000000000000000100000000000010000000000000000000001000000000
000000000000000000000000000000000000001000000010000000000010000000000000
000000000000000000000000010010010000000000000000000000000000000000000000
000000000000000010000000000000000000000000010000000001000000000000000000
001000000000001000000000000000000000000000000000000000000000000001000000
000000000000000000000000000100100000000000000000000000000100000000000000
000000000000010000000000000001000000000000000000000000000000001000000000
010100000000000000000000100000000000000000000000000000000000000000000000
000000000000000000000000000000010000000000000000000000000010000100000000
000000000000000000000000000000000001000000000001000000001000000000000000
000000100001000000000000000000000000000000000000000000000000000100000000
000000000000000000000000000000000010000000000000000000001010000000000000
001000000100000000000000000000000000000000000000000010000000000000000000
000000000000000000000000100000000000000000000000000001000000000000001000
000000000000000000000000000000000100000000000000000000000000010100000000
010000000000000001000000000000000000000000000000000000000000000000100000
010000000000000100000000000001000000000000000000000000000000000000000000
000000000000000000000000000000100000000000000000001000000000000100000000
000000000000000000000000100000000000000000000000000000000100000001000000
000000000000000000000000000110000000000000000000100000000000000000000000
000000010000000000000000000000000000100000000000000000000000010000000000
000000010000000000000000000000000000000000000001000000010000000000000000
000000000000000000000000000000000000000001000000000000000000000100100000
000100000000000000000000000000000000001000010000000000000000000000000000
000000010000000000000000000000000000000000000000000000000000000000100010
000000000000000000000000000000000000000000010000000000000100000000100000
000000000100000000000000001000000100000000000000000000000000000000000000
000000000001000100000000000000000000000000000000000000000000001000000000
000000000000000000010000000100000000000000000010000000000000000000000000
000000000000000000000000001000000000000000000000000100000000000000010000
000100000000000000010000000000001000000000000000000000000000000000000000
000000000100000000000000000000000000000000000000000000000000010000000010
000000000000010000000000000000000000000000001000000000000000100000000000
000000000000000000000000000000000000000000000000010000000010000000000010
000000000000000000000000000000000000000100100000000000000000000000000100
000000000000000000000000000000000000000000100000100000001000000000000000
000001000000000000010000000000000000000000000010000000000000000000000000
100000000000000000010000000000000000000000000000000000000000000000000010
000001000000000000000000000000001000000000000000000000000010000000000000
000000100000000000000000001010000000000000000000000000000000000000000000
000000000000001000000000000000000000000000000000000010000000000000000010
000000000000000000000000000000000000000010100000000000000000000000000010
000000000000000000000001000000000000000000000001001000000000000000000000
010000000000000010000000000000000000000000000000010000000000000000000000
000000000000000000000000000000000000000000100000010000000000000010000000
010000000000000000000000000010000000000000000000000000000000000010000000
000000000000000000000000000000000001000000000001000100000000000000000000
000000000000000000000000000000100000000000000000000000000000000001100000
000000000000000000000000000000000000010100000000000000100000000000000000
000000100000000000000000000000000000000000000000000000000000010000000100
000000000000000010000000000000000000000000000001000000000000001000000000
000100000000000000000000100000000000000000000010000000000000000000000000
000000000000000001000000000000000000100000000100000000000000000000000000
000001000000000000000000001000000000000000000000000100000000000000000000
000000000000000000000000010000000000000000100000001000000000000000000000
000000000000001000000000000000000000000000000100000000010000000000000000
001000100000000000000000000000000000000010000000000000000000000000000000
100000000000000000000000000000000000100000000000000000000001000000000000
001000000000000000000000000000001000000000000000000000000000000010000000
000000000000100000000000000000000000000010000000000000000010000000000000
000000000000000000000000000000001000000001000000000000000000100000000000
000000000000000000000000000010000000000000010000000000010000000000000000
000000000000000000010000000000000000000100000001000000000000000000000000
010000000001000000000000000000000000001000000000000000000000000000000000
000000000000000000000000000001000000000000000000010000000001000000000000
000000000000000000000000000000001000000000000000001000000010000000000000
000000000000000000000000000000000000000101000000000100000000000000000000
000000000000000000000000001000000000001000000000000000000000000100000000
000000000000100110000000000000000000000000000000000000000000000000000000
000000000000000000000000001000000000000000100000000000000000001000000000
000000000000000000000000000001000000010000000000000000000000000000100000
000000000000000000000000000000000000000000000001000000001000100000000000
000000010000001000000000000000000010000000000000000000000000000000000000
000000000100000000000001000000000000000000000000000000000000000010000000
000000000000100000000000000000000000000000001000000000000000000000100000
000000000000000000000000000000000000000001000000000010000000100000000000
000000000000000000000000000000100010000000000000000000000010000000000000
000000000000000000000000000010000000000010000000000000000001000000000000
000000000101000000000000000000000000000000000000000000000000000000000001
000000000000000000000000000000000000000000000100000000100010000000000000
000000000000000000000000000000000000000000000000010000000000010000000001
001000000000000000010000000000000000000000000000000000000000000000000010
000000000000000000000000000000000000000000000000000000000000000100000101
100000000000000000000001000000000000000000000100000000000000000000000000
000000000000000000000000000000100000000001000100000000000000000000000000
000000000000000001000000000000100000000000000000000000000000000000010000
001010000010000000000000000000000000000000000000000000000000000000000000
000000000000000000000000000001000000000000000000000000000000000000011000
000000000000000000000000100100000000000000000000000000000010000000000000
010000000000000000000000000000000000000001000000000000100000000000000000
100000010000000000000000000000000000000000000000000000000000000000000010
000000000000001000000000000000000000000110000000000000000000000000000000
000001000000000000000000010000000000000001000000000000000000000000000000
000000000000000000100000000000000001000000000000000000000000100000000000
000000000000000000000000000000000000000100000000000010000010000000000000
000000100000000000000000000000000000000000000000000000000100000010000000
001000000000000000000010000000000000001000000000000000000000000000000000
010000000000000000000000000000000000000000000000000000000000100000010000
000000010100000000000000000000000000000000000000000000000000100000000000
000000000000000000000000000000001000000010000000000000000010000000000000
000001000000000000000000000000000100000000000000000000000000000000100000
000000000000000000000000000000000000000001000000001000100000000000000000
100000000000000000000000001000100000000000000000000000000000000000000000
000000000000000000000000010000100000000000000000000000000000000010000000
000000001000000000000000000000000000000000001000000000000000010000000000
000000000000000100000100000000000000000010000000000000000000000000000000
000100000000000000000000000000000000000000000001000000000000000000100000
000000000000000000000000000000000000000000000001000000000100010000000000
000000000000001000000000000000000000000000000000000000000000000001000100
000000001000000000000001000000000000000000000000000000001000000000000000
000000000000000000000000001000000000000000100001000000000000000000000000
000000000000000001000000000000000000000000000000000000001000000000010000
000000000000000000010000000000000010000000000000000000000000000100000000
000000000000000000000010000000000000000000001000000000000000000010000000
000000000000000000000000101000000000000000000000000000000000000001000000
000000000000000001000000000000000000000000000000000000001000000000100000
000000000000000000000000000000000100010000000000000000000000000000000010
000000000000000000000100000000000000000000000000100000000000100000000000
000000000000000000000000000001000000000000000001000000100000000000000000
000000000000000000000100000000000000100000000000000000100000000000000000
000000000000000000000000000000100000010000000100000000000000000000000000
000000000100000000000000000000000000000000000010000000000000000001000000
000000000000000010000000000000000000000010001000000000000000000000000000
010000000000000000000000000000000000000000000000010100000000000000000000
000000100000100000000000000000000000000000000000000000000000000001000000
000000000000000000000000000000010000000000000000001000010000000000000000
000000000000010000000000000000000000000000000000000001000000010000000000
000000000000100000000000000000010000000000000000000000000000000000000001
000000000010000000000001000000000000000000000010000000000000000000000000
000000000000000000000000001000000000000001010000000000000000000000000000
010010000000000000000000000000000000000000100000000000000000000000000000
000000000000000000000011000000000000000000000000000000000000010000000000
000100000000000000000000000000000001000000000000000000000010000000000000
000000000000001000000000000000000000000000010000000000000001000000000000
000000000000000000000100100000000000000000000000010000000000000000000000
000000000000000000000000000000000000000000000000100000000001000010000000
000000000001000000000000000100000001000000000000000000000000000000000000
000000000000100000000000000100000000000000000000000000010000000000000000
000000100000000000000000000000000001000000000000000000000000000000010000
100000000000000000000000000000000000010000000000000100000000000000000000
000000000000000000001000010000000000000000000000000100000000000000000000
000000000000000000010010000000000000000000100000000000000000000000000000
100000000000000000000000000001000000000000000000000000000000100000000000
000000000000000000000000000010000000001000000000100000000000000000000000
001000000000000000000000000000000010000000000000000001000000000000000000
001000000100000000000000000000100000000000000000000000000000000000000000
000000000000000000000000000000000100000010000000000000000000000000001000
000000000000000000000000000000010000000000000000000000000101000000000000
000000000010000000000000000000000000000000000000000000000000001100000000
000000000000000000000000000000000000000000000000100000001000000100000000
000000100000000000000001000000000000000000000000000000000000000000000010
000000000000000000000000000011000000000000000000000000000000000000000100
000000000000000000000000000000001000000000000000000000000000001000100000
000000001000000000000000000010000000000000000000000000000000010000000000
000000000010000000000000100000000000000000000000000000000000001000000000
000000000000000000000000000000000000000000010000000000000010000000000100
000000000000000000000000000000000000001000000000000000010000000000100000
000000000000010000000000000000000000000000000000000000010000010000000000
000000000000000000001000000000000000000000000000000010010000000000000000
000100000000000000000000000000000000000000100000000000000000000100000000
100001000000000000000000000000000000000000000000000000000000000000000010
000000000000100000000000000000000000000000000000100000000000010000000000
000000000000000000000000000000000010000000000000000000000000100000100000
000000000000000000000000000001000100000000010000000000000000000000000000
000000000000100000000000000001000000000000000000000000000010000000000000
000000000000000001000110000000000000000000000000000000000000000000000000
000000000000000000000000000000000100000000000000100000100000000000000000
000000000000001000000100000000000000000000000000000000000000000000000001
000000000000000000000001000000000000000000000000001010000000000000000000
000000000000000000000000000000100000000100000000100000000000000000000000
000000000000000001000000000000000000000010000000000000000000000000001000
000000100000000000000000000000000100000000010000000000000000000000000000
000000000000000000000010001000100000000000000000000000000000000000000000
000000010000000000000000000000000000000000000000000000000011000000000000
000000000000000000000000000000000000000100000000000000000000000000100010
000000000000000000000000000001010000000000000000000000000010000000000000
000000000000000000000000000000000000000000000001100000000100000000000000
000000000001000000000100000000000000000000000000000000010000000000000000
000000000000000000100000010000000000000000000000000000000000000010000000
000000001000000000010000000000000000000000000000100000000000000000000000
100000000000000000010000000000000000000000000000000000010000000000000000
000000000000000001000000000000000000000000000000001000000000100000000000
000000000000000100000000000000000000000000001100000000000000000000000000
000001000000001000000000000000000000000100000000000000000000000000000000
000000000100000100000000000000000000000000000100000000000000000000000000
000000000001000000000000000000000000000000000000001000100000000000000000
000000000000000000000100100000000000000000010000000000000000000000000000
000001000000000000000000000000000000010001000000000000000000000000000000
000000000000000000000000000000001000000000001000010000000000000000000000
000000000000000000000000000000001000000000100000000000000010000000000000
000000000000000000010000010000000000000000000000000000100000000000000000
000000000000001000000000000001000000000000000000000000001000000000000000
000000000000000010000100000010000000000000000000000000000000000000000000
000101000000000000000000000000000000000000000000000000000000000000100000
000000000000000000001011000000000000000000000000000000000000000000000000
000000000000010000000000000000000000000000000000000100000000000000001000
000000000000000001000000000000000000000000000000000000000100001000000000
000000000000001000000000000000000000000000000000000000000000101000000000
000000010000000000000000000000000100000000100000000000000000000000000000
000000100000100001000000000000000000000000000000000000000000000000000000
000000000000000000000000000000000000000100000000000000000010000100000000
000000000001000000000000000010000000000000000000000100000000000000000000
000010000000000000000000000100000000000000000000001000000000000000000000
100001000000000000000000000000000000000000000000000000001000000000000000
000000000000000000000000000100000010000000000000000000100000000000000000
000000000000000000000000000000001001000000001000000000000000000000000000
000000000000000000100000010000000000100000000000000000000000000000000000
000000100000000000000000000000000011000000000000000000000000000000000000
000100000000000000000001000000000000010000000000000000000000000000000000
000000000000000000100000000000000000000000000000000000000110000000000000
000000000000000100001000000000000000000000000000010000000000000000000000
000000000000000000000010100000000000000000000000000000000010000000000000
000000000000000000000000000000001000000000000000010000000000010000000000
000001000000000000000000000000000000000000000000100000000000100000000000
000000000110000000000000000000000000000000000000000000010000000000000000
000000001010000000000000000000000000000000000000100000000000000000000000
000000010000000000000000000000010000000000000000000000000000010000000000
000000000000000010000000100000000000000000000000000000000000000000100000
000000001000000000000000100000000000000000000000100000000000000000000000
000000000000000100000000000010000010000000000000000000000000000000000000
000000000000000100000000000000000000000000010000000000000000100000000000
000000001101000000000000000000000000000000000000000000000000000000000000
000000000000000000000000100000000000000000000001000000000000100000000000
000000000000000000000000010000001000000000000000100000000000000000000000
000000000000100000000000000001000000000000000000100000000000000000000000
000000000000000000000000010001000100000000000000000000000000000000000000
000000000000000001000000000000000000000000100000000000000010000000000000
000001000000000000000000000000000000000000100000000010000000000000000000
001000000000000000010000000000000100000000000000000000000000000000000000
000001000001000000000000000000000000000100000000000000000000000000000000
000000000000000000000001000000000000000000000001000000000001000000000000
000000000000000000000000000001000000000000000000000000000000001100000000
000000000000000000010000000001000000000000000000000000000000000000000001
001000000000000000100000000000000000000000000000010000000000000000000000
000000000000000000000000000000000000000000000001010000000000000000000001
000000000000000100000000000000000000001000000000000000000000000000000010
000100001000000000000000000000000000000000000000000000000000001000000000
100000000000000000000000000000000000000000000000001000000010000000000000
000000100000001000000000000000000000000000000000000000000000000010000000
000000000000000000000000000000000100000000001000000000000000100000000000
000000000010000000000000000001000000000000000000000001000000000000000000
010000000000000000000000000000000000000000000000001100000000000000000000
000000000000000000000000000000000000000000000000000100000000000000011000
000000000000000000000000010000000000000000001000000000010000000000000000
000000000000100000000000000000000000000000000000000100000000001000000000
000000000000000000000000000100000001000000000000000001000000000000000000
000000000000001000100000000000000000000000010000000000000000000000000000
000000000000000000000000000000000000000000000000100000000000000000001010
000000000000000000000000000000001000000000010000010000000000000000000000
000000000000000000000000000000100000000000000000000000000010000000000010
000000000000000000000000000000000000000000000010000000000100010000000000
000000010000000000000000000000000100000001000000000000000000000000000000
000000000000000000000010000000000000010000000000001000000000000000000000
000000100000100000000000000000000000000000000000010000000000000000000000
100000001010000000000000000000000000000000000000000000000000000000000000
000000000000000000000000000000000000000000000001000000000100000100000000
000010000000000000000000000000000000000000000000001000000000000001000000
000000000000000100000000000000010000000000000000000000000000000000010000
000000000000000000000000000000000010000000000000000001000000000000100000
000000000100000000000010000000000000000000000000100000000000000000000000
000000000000000000101000000000000000000000000000000001000000000000000000
000000000000000000001000000000000000000000000100000000100000000000000000
000010000000000000000000000010000000000000000000000000000010000000000000
000000010000000000000000000000000010000001000000000000000000000000000000
000000000000000000000000000010000000000000000100000000000100000000000000
000000000000000000000000000001000000000000000000000000100000000000000100
000000100000000000000000010000000000000000000000000000000010000000000000
000000000000000100000010100000000000000000000000000000000000000000000000
000010000000000000000000000001000000000000000000000001000000000000000000
000000000000000000000100000000000000000000000000000000000000000001000100
000000000000000000000000000000100000000000000000000000000010000100000000
000001000000000000000000000000010000000001000000000000000000000000000000
000000000000000100001000000000000000000000000000000000000000000000100000
000000000000000000000000010000000000000000000000000000001000000000000001
000000000000000000000000000000100000100000000000000000000000100000000000
000000000000000000000000000000000000000000000100001010000000000000000000
000010000000000000000000000000001000000000000000000000000010000000000000
000001000000000000001000000000000000000000000000000000000000000000100000
000000000000000100000000000000000010000000000000000000000010000000000000
000000010000000000000100000000000000000000000000000100000000000000000000
000000000000000001001000000000100000000000000000000000000000000000000000
000000000000000000001000000000000000000001000010000000000000000000000000
000000001000000010000000000000000010000000000000000000000000000000000000
000000000000000000000000000110000000000000000000000000000000000000010000
000000000000000000000001000010000000000000000010000000000000000000000000
000000000001000000000000000000000000000100010000000000000000000000000000
000000000001000010000000000000000001000000000000000000000000000000000000
100000010000000000000000000000000000000000000000000000100000000000000000
000000000100000000000000000000000000000001000000000000000010000000000000
000000000000000000001000000100000000000010000000000000000000000000000000
000000000000000000000000000000010000000000000000100000000010000000000000
000000000000000000000000000000000000100000000000000000000010000000000100
000000000000000000000000010000000000000000000000000000000100000001000000
000000000000000000010000000000000000000000000000000000000000000100001000
000010000000000000000000000000000000010000000000000000000000000000000001
000000000000100000100000000000000000000000010000000000000000000000000000
000000000000000000000000000001000000000000000000000000000000100000000001
000000000100000000000000001000000000010000000000000000000000000000000000
000000001000000000000000000000000000000100000100000000000000000000000000
000000000000000000000000010000000000000000000000000100000100000000000000
000000000000000000000000000000010000100000000010000000000000000000000000
000000000000000000000000000000000100000001000000010000000000000000000000
000000000000000000100000001000000000000000000000000000100000000000000000
000000000000000000000000100000000000000000000000010001000000000000000000
000000001000000000000000000010000000000000000100000000000000000000000000
000000000000000010000000000000000000000010000000100000000000000000000000
000000000000000001100001000000000000000000000000000000000000000000000000
000000001000000000000000000000000000000000000000010000000000000000000100
000000000000000000001000000000000000000011000000000000000000000000000000
000000000000100000000000000000000000010000000000000010000000000000000000
000000000000010000010000100000000000000000000000000000000000000000000000
000000010000000000000010000000000000000001000000000000000000000000000000
000000000000000000000000000010000000100000000000000000000000000001000000
001000000000000000000000100000000000000010000000000000000000000000000000
000000000010000000000000000000000000001000000100000000000000000000000000
000000000000001000000000000000000000000000000000000100000000000000000010
000000000000000000000000000000000000000010000000000000000100000000010000
000100000010000000000000000000000000001000000000000000000000000000000000
010000000001000000000000000000000000000000000000000000010000000000000000
000000000001000000000000000100000000000000000000000000100000000000000000
000000000000000000000100000010000000000000000000001000000000000000000000
000000000000000000000000000000000100000000000001000100000000000000000000
000000000010000000000000000000000000000000100000000000100000000000000000
100000000000000000000000000000000000000000000000000000010000000010000000
001010010000000000000000000000000000000000000000000000000000000000000000
000000000000000000000010000000000000000000100000000000010000000000000000
000000000000000000000000000001000000000000000000001000000000000100000000
000000100000000000000000000000000000000000000000000000000000000100001000
000000000000000000100000100000000000000000000000000000000100000000000000
000000001000000000000000000000000001000100000000000000000000000000000000
000000000000000000000010010000000000000000000001000000000000000000000000
000010000000000000000000000000000000000100000000010000000000000000000000
000000000000000000000001000000000000000000000000000000000000100000000001
000000000110000000000000000100000000000000000000000000000000000000000000
000000000000000000000000000000000000000000000001101000000000000000000000
001000000000000000000001000000000000000000000000000000000000000000010000
000000000000000000000010000100000000000000000000000000000000000000100000
010000000000000000000000000000000000000001000010000000000000000000000000
000000000000000000000000000000000000000000001000000000000000001000000100
000000000100000000000000000010000000000000000000000000000000000000001000
000000000000000000001000000100000000100000000000000000000000000000000000
000000000000000000000000000000000000000001000000000000010100000000000000
000010000000000000000000000000000100000000000000000000000001000000000000
000000000000000000000000000000010001010000000000000000000000000000000000
000000010000000000000000000010000000000000000000000000000000000000010000
000000000000001000000000000000001000000000000000000000000100000000000000
000000000000000000000000100000000000000000000000000000010000000000001000
000000000000000000000000100000000000010100000000000000000000000000000000
000000000000000000000000000010000000100100000000000000000000000000000000
000100000000000000000000000000000000010000000000000000000000000001000000
000000000000000000000000100010000000010000000000000000000000000000000000
000100000000000000000000000000000000000000000000000000010000001000000000
000000000000100000000000000000000001000000000000000000000000000000000010
000000000010000000000000000000000000000000000000000000001000000000000001
000000000000000000000000000000000000000011000000000000000000000000000001
000000000000000000000000010000000000000000000000001000000000000000100000
000100000000000000000000000000010000000000000000000000000000010000000000
000000000000100000000000000000000000000000000000000000001000001000000000
000000000000010000100000000000000000000000000000000001000000000000000000
001100000000000000000000000000000000000001000000000000000000000000000000
000000000001000000000000000000000000000000000000010000000000100000000000
000000000000000000000010000001000000000000000000000001000000000000000000
001000000000000000000000000000000000000000000100000000000000000000010000
000000000000000000010000000000000100000000000000000000000000000001000000
000000000000000000000000000000000000000000100100000000001000000000000000
000000000000000000000000000000000000000100000000000000100000000100000000
000000000000000000000000000000000001000000000000000000000000010000000001
000000000100000000000000000001000000000000000000000000000000000000000001
000000000000000001000001000000000000000000000000000000000000001000000000
001000000010000000000000000000000000000100000000000000000000000000000000
000000000000000000000010010001000000000000000000000000000000000000000000
000000000000000001000000000100000000000000000000100000000000000000000000
000000000000000001000000000000000001000000000000000000000000000000000010
000001000000000000010000000000000000000000000000000000000001000000000000
000000000000010000000000000000000001000000100000000000000000000000000000
000000000000000000000000000100000000000000001100000000000000000000000000
000000000000000000000000000000000001000000000000000000100001000000000000
000000000000000000010000000000000000100000000000000000000001000000000000
000000000000000000000000000000000000100010000000000010000000000000000000
010000000000000000000000000000000000000000000000000000000001000000010000
000000000000000000001000000001000000000100000000000000000000000000000000
000000000000000000000000000100000000000000000000000000000000100000100000
010000000000000000000000000000001000000000000000001000000000000000000000
000100000000001000000000000000000000000000000000000000000000000001000000
100000000000000000000000000000100000000000000100000000000000000000000000
000000000000000000100000000000001000000000000010000000000000000000000000
011000000000000000000000000000000000000000000000000000100000000000000000
100000000000000000000100000000000000000000000000000000000000000100000000
000000000000000000000000010000000000000000000001000010000000000000000000
000000000000000001000000000000000000000000000000000000000100100000000000
000000000000000000000000000000010000000000000100000000000000000000010000
001000000000010000010000000000000000000000000000000000000000000000000000
000000000000000000000100000000100000000000000000000000000000000001000000
000000100000010000000000000000000000000000000000000000000100000000000000
000000000000000000010001000000000000000000000000000001000000000000000000
000000000000000000000000001010000000000000000000000000000010000000000000
001000000000000000100000000000000000000000000000000000000000000000010000
000000000001000000000001000000000000000000000000000000000000100000000000
000000000000000000000001000010000010000000000000000000000000000000000000
000000000000000000000000000000000000000000000000010000000001000010000000
000000000000000000010000000000010000000000000000000000000000000001000000
000000000000000000000000000001000000000000001010000000000000000000000000
000000000000010000000000000000000000000000000000000000010000000000000010
000100000000000000000000000000000000000000010000000000000000000001000000
000000000000000000001000000000000000000000000000010010000000000000000000
000000000000000000000001000000000000000000000001100000000000000000000000
000100000000000001000000000000000000100000000000000000000000000000000000
000000000000000000001000000000000000000000000001000000100000000000000000
000000000000000000000000000000000000011000000010000000000000000000000000
000000000000000000000000000000000000000100000001000010000000000000000000
000000000100000000000000000000000000000000001000000100000000000000000000
000000000000000001000000000000000000000000000000001000000000000100000000
010000000000000000000000000001000000000000000000000000000000000001000000
000010000000000000000000000010000000000001000000000000000000000000000000
000000000000000000000001000000000000000000001001000000000000000000000000
000000000000000000010000000000000000000000100000000000000000000000100000
000001000000000000000000000000000000000000000000000010010000000000000000
001000000000000000000000000000100000000000000001000000000000000000000000
100000010000000000000000000100000000000000000000000000000000000000000000
000000100000000000000000000100000000000000000000000000000000000100000000
000000000000000000000000000000000000000001000000000000000000000000000110
000001000000000000001000000000100000000000000000000000000000000000000000
000000000000000000000000010000000000000000100000000000000000010000000000
000000000000000000100000000000000000000000000000000000000000010001000000
000000000000000000000000000000001000000000000000000000000100000000000100
100000000000000000000000000100000000000000000000000000000000000000100000
000000000000000000000000000001000100000000000000000000000000001000000000
000000000000000100000000000000000000000000000000100000000000000100000000
000010000000000000000000001000000100000000000000000000000000000000000000
010000001000000000000000000000000000000000000000000000000000000000010000
000000000000000000000000000000000000010000000000001000000000000000000001
001000100000000000000000000000000100000000000000000000000000000000000000
000000000000000000000000000000000000000100001000000000000000000000000010
000000000000000000000000000000001000000000000000000000000000000000100010
000000000000000000000000000101000000000000000000000000000100000000000000
000000100000000000001000000000000000000000000100000000000000000000000000
000000010000000100000000000000100000000000000000000000000000000000000000
000000000100001000000000000000000000000000000000000000010000000000000000
000000000000000000000000000100000000100000000000010000000000000000000000
010000000100000000000000000000000000000000000100000000000000000000000000
000000000010000000000000000001000000000000000000000000000000000001000000
000000000010000000000000000000000100000000000000000000000001000000000000
000001000000000000000010000000000100000000000000000000000000000000000000
000000000000000000001100000000000000000000000000000000000000000000000100
000000100001000000000000000000000000010000000000000000000000000000000000
000011000000000000000000000000000000000000000000000000000100000000000000
000000010000000000000100000010000000000000000000000000000000000000000000
000100010000000000000000010000000000000000000000000000000000000000000000
000000000000000000000000000000000000000000000010000000000001000010000000
100000000000000001000000000000000000000000000000000000000000000000100000
000000000000000010000000001000000000000000000000000000000000000001000000
000001000000010000100000000000000000000000000000000000000000000000000000
000000011000000000000000000000000000000001000000000000000000000000000000
000000000000000001000000000100000000000000000000000000000000001000000000
000000000000000000100000000000000000000000000100000000000000000000010000
000000000000000000000000000000000000000000000000000010000000000001001000
000000000000000000000000000000100000000000000000000100000010000000000000
000000000000000010000000000000100000000100000000000000000000000000000000
000000000000000000010010000000000000000000000000000000010000000000000000
000000000000000000000000000000000010000010100000000000000000000000000000
000010000010000000000000000000000000000001000000000000000000000000000000
000000000100000010000000000000000000000010000000000000000000000000000000
000000000000000000000000000000000000000000000000000001000000001000000010
000000000010000000000100000000000000000000000000000000000100000000000000
000000000000000100000010000000000000000100000000000000000000000000000000
000000000000001000000000000000000010000000000000000000000000000100000000
000000010000000000000000000000010000000000000000000000000000000000000100
000000000000000000000000000000000010000000001000000000000000001000000000
000000000001100000000000000000000000000000000000000000010000000000000000
000000000000000000000000000000000101000000000000000000000000010000000000
100000000000000000000000000000000000000000000000000000000000000000001001
000000000000010000000000000000000000000000000000000000010100000000000000
000000000000000000100010000000100000000000000000000000000000000000000000
100000000000000000100000000000000000000000000000000000000001000000000000
000000000000000000000000000000000100000000000000000001000000000000001000
000000000001000000100000000000000000000000000000000000100000000000000000
000000000000000000000000000000000000000000000000010010000000001000000000
000000000000000000000000000000000000000000000100001100000000000000000000
000000000000000000000000000001000000000000000000000010000000001000000000
100000000000000000000000000000000000000000000000000000010000000000010000
000000000001000000000000100000000000000000000000010000000000000000000000
000010000000000000000000000000000000000000000000000000000000000000100001
000000101000000000000000000000000000000100000000000000000000000000000000
000000000000000010000000000000000000000000000001000000000010000000000000
000000000000000000001000100000000000000000000000010000000000000000000000
000000000000000000000000000000000000000000101000000000001000000000000000
000000100000000000000000000000000010000000000010000000000000000000000000
000000000000000000001000100000000000000000000000000000000000010000000000
000000010000000000000000000000000000000000000000000100000000000100000000
001000000000000000000000000001010000000000000000000000000000000000000000
000000000000000000000000000010000001000000000000000000000000000000000001
000000000000000000000000000000000010001000000000000000000100000000000000
000000100000000000000000100000000000000000000000000000000000000001000000
000000100010000000000000000000000000000000000000000100000000000000000000
000000100000000000000000000000100000000000000000100000000000000000000000
001000000000100100000000000000000000000000000000000000000000000000000000
000000000000000000000000000000000000000010000000001000000000010000000000
000000000000001000000000100000000000000000000000000000000000000000010000
010000000000000000000000000000010000000000001000000000000000000000000000
000000000000000000000000000000000001000010010000000000000000000000000000
010001000000000010000000000000000000000000000000000000000000000000000000
000000000000000000000001000000000000010000000000000000100000000000000000
010000000000000000001000100000000000000000000000000000000000000000000000
000000000000000000000000010000000001000000000000000000000000000000001000
010000000000000000000000010000000000000000000000000000000000100000000000
000000000000000100000000000000000000000000000000000000000001000001000000
000000000000000000010000000000000000000000000010000000000000000000001000
000000100000000000000000000000000000000000000000000100000000000000000100
001000000000000000000000000000000000000000001000000000000000001000000000
000000000000000100000000000001100000000000000000000000000000000000000000
000000000000000000000000000000000000000000010100000001000000000000000000
000000000000000000000000000000000000000101000100000000000000000000000000
000000000010100000000000000100000000000000000000000000000000000000000000
000000010000100000000000000010000000000000000000000000000000000000000000
000000000000000000000001010000000000000000000000000000000000000001000000
000000000000000000000000000100000000000000010000000000000000100000000000
000000000000000000000000000000000000000000000000000100010001000000000000
000000000100000000010000000000000000000000010000000000000000000000000000
000000000000000000000000000000000000000000000000000000000000011000010000
010000000000000000100000000000000000000100000000000000000000000000000000
000000000000000000001000000000000100000000000000010000000000000000000000
000000000000000000000000000000000000001000000000001000000000000000000001
000000000100000010000000000001000000000000000000000000000000000000000000
000000000000000000000000001000100000000000000000000000000000000100000000
000000000001000000000000000000100000000000010000000000000000000000000000
000000000000001000000000000000000000000000001000000100000000000000000000
000000100000000000000000000000000000000000001000000000001000000000000000
000000000000000000000000000000000100000000000000100000000000000000010000
010000000000000000000000000000000000010000000000000001000000000000000000
000000000000000000000000010000000100000000000000001000000000000000000000
000000000000100000000000000000000000000000000000000000000001000100000000
000010000000001000000000000000000000100000000000000000000000000000000000
000000000010001000000000000000000000000000000000000000000000000100000000
000000000000100000000000000000000000000000000000100000000000000000000001
010000000000000000000000000000000000100000000000000010000000000000000000
000000000000000000000000010000000000000000000010000000001000000000000000
000000000000000001000000000000000001000000000000000000010000000000000000
000000000000000001000000000010000000000000000000100000000000000000000000
000000010000000000000000000000000000000000001000010000000000000000000000
000000000000000000000000000000000000000000001000000000000000000100001000
000000000000000000000000000000000000000000001000001000010000000000000000
000000000000000000000000000001000000000100000001000000000000000000000000
000000100000000000000000000001000000000000000000100000000000000000000000
100000000000000000000000000000000000000000010000000000000000000001000000
000000000000000000000000000000000000000000000001000000100010000000000000
000000000000000000010000000000001000000100000000000000000000000000000000
000000000000000000000000000001000000000001000000000100000000000000000000
000000000000000000000000000001000000000000000010000000000100000000000000
000000000000000000000101000000010000000000000000000000000000000000000000
000110000000000000000000000000000000000000000000000000000000100000000000
000000000000000000000001001000000000000001000000000000000000000000000000
000000000000000000000001000000000000000000000010000000001000000000000000
000000000000000001000000000000000000000000010000000000000000000000001000
000000000000000000000000010000000000000100000000000000000000001000000000
000001000000000000000000000000000000000000000100000000001000000000000000
000000000000000000000000000000000000000101000000000000000000000000100000
000000000000000000000000100001000000000000000000000000000000000001000000
000000000000000000000100000000000000000000000000000001000000000000000001
000000000000000000000000010000000000000001000000001000000000000000000000
000000001000000000001000000000000010000000000000000000000000000000000000
000000000000000000000000000000000000000000000100000000001000000000001000
000001000000000000000000000000000000000000000000010000100000000000000000
000100000100000000000000000000000000000000000000000000000000000000100000
000000000000000000000000000000000001001000000000000000001000000000000000
000000000000010000000000000000000000000001000000010000000000000000000000
000000001000000000000000000000000000000001000000000000000000000010000000
000000000000000000000000000100000000000000100000010000000000000000000000
000000000000000000000000100100000000000010000000000000000000000000000000
000000000000000010000100000000000000000000100000000000000000000000000000
100000000000100000000000000000000000100000000000000000000000000000000000
000000000000000000000000000000000000000000001000100000000000000010000000
000100000000000000000000000000001000100000000000000000000000000000000000
000000000000100010000000000000000000000000000000000000000000000000000100
000000000000100000000000000010000000001000000000000000000000000000000000
000000000100000000000110000000000000000000000000000000000000000000000000
000000000000000000000000000000000000000100000000010000001000000000000000
000000010000000000000000000000000000000000000000000000000000000000100001
000000100000000000000000000001000000000000010000000000000000000000000000
001000000000000000000000000000010000000000000000001000000000000000000000
000000000000000000000000010000000000000100000000000000000000000000100000
000010000000000000000000000000000000000010000000000000100000000000000000
000000000000000000000000000000000000000000000000000000100010000000000010
000000000000000000000010000000000000000000001000010000000000000000000000
000000000000000000000000000000000000000000000000000000000010000000001001
000000010000000000000000000000000000000000000001010000000000000000000000
000000000000000100000000000100000000000000000000010000000000000000000000
000000000000000000000000000001010000000010000000000000000000000000000000
100000000010000000000000000000000001000000000000000000000000000000000000
000000000000010000100000000000000000000000000000100000000000000000000000
000000000000000000100000000000000000000000000000100000001000000000000000
000000000000010000000000000000000000000000001000000010000000000000000000
100000010000000000000000000010000000000000000000000000000000000000000000
000000000000000000000000100000000000001000100000000000000000000000000000
000000000000010000000000000000000000000000000100000000100000000000000000
000000000000000000000000000000000000000000000010000000000000100010000000
000000000000010000000000000000000000000000000000000000000000000000100010
000000000000000000000000001000000000000000000000010000000000000010000000
000001000000000000010000000000000000000000000000001000000000000000000000
100000001000000000000000000000000000000000010000000000000000000000000000
000000000000010001000000000000000000000000000000000000000000000000000100
000000000000000000000000000000000000010000000000000100000100000000000000
001000000000000010000000000000000000000000000000000000000000000000100000
000000000000000010000000000000000000000010000000010000000000000000000000
000000000001000000000000000000000000000000010001000000000000000000000000
000000000001000000000000000000001000000001000000000000000000000000000000
000000000000001000000000000001000000000000000000000000000000001000000000
000000110000000000000000000000000000000000001000000000000000000000000000
000000000000000000000000010000000000000000000001000000000000000000010000
000000000000000000000010000000000000000000000000000010000000010000000000
000000000000000100000000000000000100000000000000000000000000100000000000
000000000000010000000000000000100000000000000000000001000000000000000000
000000000000000000000000000000000100000010010000000000000000000000000000
000000000100000010000000000000000000000000000001000000000000000000000000
000000000000000000000000000000000010000000000000010000000000000000001000
000000000000000000000000001000000010000000000000000010000000000000000000
000000000000000000000010000000010000000000000000000000000000000010000000
000000000000000000000000000000000000100000000000000000000000000100010000
000100000000000000000000000000000000000000000001000000000000000000001000
000000000000000000000000000000001000000000000000000010010000000000000000
000100000000000000000000000000000000001100000000000000000000000000000000
011000000000000000000000000000000000000000000010000000000000000000000000
010100100000000000000000000000000000000000000000000000000000000000000000
000000000000000000000000000000000000000000010000000000001000000000100000
000000000010000000000000100000000000000000100000000000000000000000000000
010000000000000000000000010000000000000000010000000000000000000000000000
100100001000000000000000000000000000000000000000000000000000000000000000
000000000001000001000100000000000000000000000000000000000000000000000000
000000000000000000000000000100000000000000000000100000000000000000100000
000000000000000001000000000000001000000010000000000000000000000000000000
000000000000000000000000000000000000100000000000000000000010100000000000
000000000000000000000100000000000000000000000000000000000000010000100000
000000000000000000001000000000000000010000000000010000000000000000000000
000000000000000001000000000000000000010000000000000000001000000000000000
000000000000000000000000000100000000000000001000000100000000000000000000
000000000000010000000000000000000000000001000010000000000000000000000000
000000000000000000000000010000000000000000000000000000000000000000010001
000000000000000010000000000000010000000000000000000000000100000000000000
000000000000000000000000000100000000010000000000000000000010000000000000
000000000000000000000000000000000000000000001000000100000000000000000001
000000000001101000000000000000000000000000000000000000000000000000000000
000000000000000000100000000000000000000000000100000001000000000000000000
000000000000000000000100000000000100000000000000000000000000000000100000
000000000000000000000000000000000000000000000000001000000000010010000000
001000000000000001000000000000100000000000000000000000000000000000000000
010000000000000000100000000000000000000000000000000000000000100000000000
000100000000000000000000000000000000000000000000000001000000000000001000
000000000000000000000000000000000100000000010100000000000000000000000000
000000000001000000000000000000000000000000000000010000001000000000000000
010000000000000000000000000000000000000000000000000010000000000001000000
000000000100000000000000000000000000000000000000000100000000000000001000
000000000000000000001000000000000000000000000000000000000100000000000010
000000000000000000100100000000000000000000001000000000000000000000000000
000000000000001000000000000000000001000000000000000000100000000000000000
000000000000010000000000000000001000000000000100000000000000000000000000
100000000000001000000000000000000000000000000000100000000000000000000000
000000000000000010000000000000000000000000000000101000000000000000000000
000000000000000010010000000000000000000000000000000000000000000001000000
000000000000000000000000000000000000100000000000000000000000000000101000
000000000000000000000000000000000000000000000000000010010000000000000010
000000000000010000000100000000000000000000000000000000000000000100000000
000000000000000000010000000000000000000000100000000000000100000000000000
000000000000000000000000000000000000000010000000000100000000000000100000
000000000000000000001000000000000000010000000000000100000000000000000000
000000000000000000000000000000000000000001010000000001000000000000000000
000000000000000000000000100000010000000000000000000000000000000000100000
000000000000000000000000000000000100000001000000000000001000000000000000
000000000000000000001000000000000010001000000000000000000000000000000000
000000000001000001000000000000000000000000000100000000000000000000000000
000000000000000000000010000000000000000100001000000000000000000000000000
001000000000010000000000000000000000000100000000000000000000000000000000
000000000000000000000000000000100000010000000000000000010000000000000000
000000000000000000000000000001000000000000000000000000000000000000010010
000000000000000100000010000000000000000000100000000000000000000000000000
000000000000000100000001000000000000000000000000000000000000000000000100
000000010000000000000001000000000010000000000000000000000000000000000000
000000000000000000000000000000000000000000000000000010000000000000100100
000000000000000000000000000000100000100000000001000000000000000000000000
000000100000000000000000000000001000000000000000000000000000000000000100
000000000000000000000000000000000000000000000000000000010000100100000000
000000010000000000000000001000000000000000000000000000000000000010000000
000000000000000000000000000100000000000100000000000000000000000001000000
000110000000000000000000000000000000000000000000001000000000000000000000
000000000000000000000100000000000000000000000000001010000000000000000000
000000000010000000000010000000000000000000001000000000000000000000000000
001000000000000000000000000000000000010000000000000000000000000001000000
001000001000000000100000000000000000000000000000000000000000000000000000
000000000000000000000000010000000000010000000010000000000000000000000000
000000000010000000000000000000000000000000001000000010000000000000000000
000000000000000100000000000000000000000000000000000000000001001000000000
000000000000000000000000000000000000000000000000001100000000000000000001
010001000000000000000100000000000000000000000000000000000000000000000000
000000000000000000000000000000000000000010000000000000000000001001000000
000001000000000000000000000000000000000000000000000000000000000100010000
000000000000000010000000000000000100000000000000000000000000000000010000
000000000000000000000000000000000100000000000000100000000000000000100000
000000000000100000000000000000000000010000000000000000000000000000000100
000000000000000000000010000000000000000000100000000000000100000000000000
000000000000000000010000000000000000000000010000000000000000001000000000
001000000000000000000000000000000100000000000000000000100000000000000000
000010000000000000000000000000001000000000000000000100000000000000000000
000000100000000000000000001000000000000000100000000000000000000000000000
000000000000001000000000000000000000100000000000000000000000010000000000
010000000000000000010000001000000000000000000000000000000000000000000000
000000000000000100000001000000000000010000000000000000000000000000000000
000000000000000001100000000000000000000000000000000010000000000000000000
000000000000000000000000000000001100000010000000000000000000000000000000
000000000000000000010000000000000010000000000000000000000000010000000000
000000000100000000100000000000000000000000000000000000000100000000000000
000000000000000000100000000000000000100000000010000000000000000000000000
000000010000000000000000000000000000000000000000000000100000000100000000
000000000000000000100000000000000010000000000010000000000000000000000000
000000000000000100000000000000001000000000010000000000000000000000000000
000010000000000000000000000000000000000000000000000000000000100000000010
000000000000000000000000000000000000110000000000000000000000000000001000
000000000000000000000000000000010010000000000000000000000001000000000000
000000010000000000000000000000010000000000000000000000000000000100000000
000000000000100000000000000000000010000000000000000000000000100000000000
000000000000000000000000010000000000000000010000000000000000000001000000
000000000000000100000000000000000000000000000000000000000000001000010000
000000000000000000010000000000001000000000000000000000000000000010000000
000000000000000001000000000000001000010000000000000000000000000000000000
000000000000000000000000000000000000000000000000000000000000101100000000
000010000000000000100000000000000000000000001000000000000000000000000000
000000000000000100000000000010001000000000000000000000000000000000000000
000000000100000000000000000000000000000000100000000000000000000000000010
000000000000000000000000000000000000000101000000000000000000000000001000
000000000000000000000000000000000000000000100000010000000000000000001000
000000000000000000100000100000000000000000000000000000000000010000000000
000000000000010000000000000010000000000000100000000000000000000000000000
000010000000000000000000000000000000000000000000000010000010000000000000
000100000001000000000000000000000000000100000000000000000000000000000000
000000000000000000000100000000000000000000000000000100000000000000000010
000000000000000000001000000000000000000000000000000000001000000000001000
000000000000000000000000000000000000000000100000000000000010000100000000
000000000000000000000000000000000001000010000000000000000000000000000001
000000000001000000000000000100001000000000000000000000000000000000000000
000000000000010000000000000000000000000000000001000000000100000000000000
000000000000000000000000100000000000100000000000100000000000000000000000
000001000000000000000000000000000000000000000000000001010000000000000000
100000100000000000000000000000000000000000000000000000000000000000000001
000000000001000000000000000000000000000000000000000000000100000000001000
000000000000000000000000000000100000010000000000001000000000000000000000
010000000000000001000000000000000000000000000000000000010000000000000000
000000000000000000000000010100000000000000000000000000001000000000000000
000000000000001000001000000000000000000000000000000000000001000000000000
000000000000000000000000000000000000000000000000010000100000000000100000
000000000010000000000000000000000000000100000000000000001000000000000000
000001000000000000000000000000000000000000000000000000000000100000001000
000000000000000000000000000001000000000000000000000000000001001000000000
000000000000100000101000000000000000000000000000000000000000000000000000
000100000000000000000000000000000000000000000100000100000000000000000000
000000001000001000000000000000000000000000000000000000010000000000000000
000100000000000100000000000000000000000000000000000000000000001000000000
000000010000000000000000000000000000000000001000000000000000000100000000
000000000010000000000000001000000000000000000000000100000000000000000000
000000000000000000000000000000000010010000000001000000000000000000000000
000000000000000000000000100000000000000000000000000001000000000100000000
000000000000000000000000000000001010000000000000000000000000010000000000
000000000000001000000000000000000000000000000100000000000010000000000000
000000001100000000000000000000000000000000000000000000000000000001000000
000000100000000000000000010000000000100000000000000000000000000000000000
000000000000000000000100000000000000000100000000000000000000010000000000
001000000000000000000100000000000000000000000000000000000000000000001000
000000000000000000001000000000000000000000000000000000000000000101000000
000000000000000010000000000000010000000000001000000000000000000000000000
000000000000000000000000000000000000000000110000100000000000000000000000
000000001000000001000000000000000000000000000000000000000000000000001000
000000000000000000100000000000000010000000000000000100000000000000000000
000000000000000000000000110000000000000000000000000000000001000000000000
000001000000000000000000000000000000100000000000000000000000000100000000
000000000000000010100000010000000000000000000000000000000000000000000000
000001000000000000000000000001000000000000000000000000000000010000000000
000000100100000000000000000000000000000000000000000001000000000000000000
000000000000000101000000000000000000000001000000000000000000000000000000
000000000001000000000000000000000000000000001001000000000000000000000000
000000000100000000000100000000000000000000000000000000000000000000100000
000000000000000000000000010000001000000000100000000000000000000000000000
000000000000000000000000000000000101000000000000000000000000001000000000
000000010000000000000000000000000100000000000000000001000000000000000000
000000000000000001000000000001000100000000000000000000000000000000000000
000000001000000001000010000000000000000000000000000000000000000000000000
010000000000000001000000001000000000000000000000000000000000000000000000
000100000100010000000000000000000000000000000000000000000000000000000000
000000010000000000000001000000000000000000000000000000100000000000000000
000000000000000100000000000000000000100000000000000000000000000010000000
000100000000000000000001000000000000000000000000000000000010000000000000
000000000001010000000000000000000000000000000000000000000000001000000000
000000000000000000000000000100000000000000000001000000000000000000000001
000000000000000000000000000000000000010010000000001000000000000000000000
100000000000000000000000100000000000000000000010000000000000000000000000
000000000000000000000000000000000000000000000000001000000001001000000000
000000000010000000000100000000100000000000000000000000000000000000000000
000000000000000000000000000000000000100100000010000000000000000000000000
000000000000000000000000000000000000100000010000000000000100000000000000
000000000110000000000000000000000000000000000000000010000000000000000000
010100000001000000000000000000000000000000000000000000000000000000000000
000000000000000000000000000000100000000100000000000000000000000000000010
000000000000000000000100000000000000000010000000000000000010000000000000
100000000000000000000000000000000000001000000000000000000000000001000000
010000000000000000000000000000000000000000000000000001000000100000000000
010000000000000000000000000000000000000000000000000000010000000100000000
000000010000000000000000000000100000000000000000001000000000000000000000
100000000000000000000000000000000000000001000000000000000000001000000000
001000000000000000001000000000000000000000010000000000000000000000000000
000010000000000000000000000000000000000001000000000000000000100000000000
000000000000000000000000000000000000000000000100000000000000000000100001
010000000000000000000000000000010001000000000000000000000000000000000000
000000001000000000100000000000000000000000000000000000000000000000010000
010000000000000000000000001000000000000000000000000000100000000000000000
010000000000000000000000000000000000000000001000000000000000000000010000
000000010000000000000000000000000000100000000000000000000000000100000000
000000100000000000100000000000000000000000000100000000000000000000000000
000000000000000000100000000000000000001000000000000000000000010000000000
000001000000000000000000000000000000000000100000000100000000000000000000
000000000000000000000000000001000000000000000000000000000000000001000010
000000000000000000000000000000000100001000000000001000000000000000000000
000000000001000000000000000000000000000000000000000000000001000000000001
000000000010000000001000000000000000000000000000001000000000000000000000
000000000001000000000000000000000000000000000000000100000000000000000100
001000000000000000000000000000000000000000000000000000000100000000000001
000000100000000000000000000000000000001000000000000000100000000000000000
000000000010000000100000000000000000000000000000100000000000000000000000
000010000000000100000000100000000000000000000000000000000000000000000000
000000000000000101000000000000000000000000000000000000000000000000000100
000000000000000000000000000000000000001000000000000000000000000101000000
100000000000000000000000000100000000000000000000000010000000000000000000
000100000000000000000000000000001000000000000000001000000000000000000000
000000000000000000000001000000000000000000000000000010000000000000000001
000000000000000000100000000000000000001000000000010000000000000000000000
000000000000000000000000000000000000000001010000000000000000000000000010
000000000000000000000000000000000001000000000000000011000000000000000000
000000000000000000000001000000000000000000100000000001000000000000000000
000000000000000000000000000100000000000000000000000000000100010000000000
010000000000000000000000000001000000000000000000000000000100000000000000
000000000000000000100000000000000000000000000000000001000000000000000010
000000100000001000000000000000000000000000000000000000010000000000000000
100000000001000000000000000000000001000000000000000000000000000000000000
000000100001000000000000000000000000000000000000000000000000000000001000
010000000000000000000010000000100000000000000000000000000000000000000000
000000000000000000000001000000000000000000000000000010000001000000000000
000000000000000001000000000000000000000000000000000000010010000000000000
100000000000000000000000000000000000000000000001001000000000000000000000
001000000000000000000000000000000000000000000000000000000000000000000101
000000000000000000000000000000001000000000000001000000000000010000000000
000000001000000000000000000000000000000000000000000000000010000000010000
000001000000000000010000000000000000000000000000000100000000000000000000
100010000000000000000000000000000000000001000000000000000000000000000000
001001000000000000000000000000000000000000000000000000000100000000000000
000000000000000000000001000100000000000000100000000000000000000000000000
000000000000000000000000000010001000000000000000000000000010000000000000
000000000000000001000010000000000000000000100000000000000000000000000000
000011000000000000000000000000000000100000000000000000000000000000000000
000000000000000001000000000010000000000001000000000000000000000000000000
000000000000000000100000100000000000001000000000000000000000000000000000
000000000000000000000000000000000000000000000010001000100000000000000000
001000000100000000000000000000000000000000000000000000000010000000000000
000000000000010000001000000000000000100000000000000000000000000000000000
000000000000000000000100000000001000000010000000000000000000000000000000
000001000000000000000000000000000000000010000000000000100000000000000000
010110000000000000000000000000000000000000000000000000000000000000000000
000000000000000000000000000000001000000000000001000000000000100000000000
000010000000000000000000000000000000010000000000000000000000000000010000
000001000000000000000000000000000000000001000000000000000000000010000000
000100000000000100010000000000000000000000000000000000000000000000000000
000000000000000000000000001000000100000000000000000000000000001000000000
010000000000000000000000000000000000000000100000000000000000000000100000
000000100100000001000000000000000000000000000000000000000000000000000000
000010000000000000000000000000000010000000000000000000001000000000000000
000000000100000000000000000000000000000000000000000000000000011000000000
000000000000000000000100010000000010000000000000000000000000000000000000
000000000000000000000000000000000001001001000000000000000000000000000000
000000000000000000010000000000000000010000000100000000000000000000000000
100000000000000000000000000000000000000000000000000000000000001001000000
000000000000000100000000000000000000000000000000000000100000000000000100
000000000000100000100000000000000000000000000000000000000000010000000000
000000000000000000000000000000010000000000000000000010000000001000000000
000000000000010000000000000000000010000000000000000000000000000000000010
000000000000000000000001000000000000000000000000001000000001000000000000
000000000000000000000000000001000000000000000100000000000000000010000000
000000000000000100000000000000100000000000000000000100000000000000000000
000000000000000000000000100000000000000000000101000000000000000000000000
001000000000000000000000001000000000000000000000000000000000000000000100
010000000000000000000000000000000000000000000001000000000010000000000000
000000000000000000000001000000000000000100000000000001000000000000000000
000000000000000000000000000000000100000000000000010000000001000000000000
000010000000000000000000000010000000001000000000000000000000000000000000
000000000000000000000000000000000000000001010000000000000000000010000000
000100000000000000000000000000010000000000000100000000000000000000000000
100000000000000000000000000000000000000000000000000000000011000000000000
000000000000000000010010000000000010000000000000000000000000000000000000
000000000000000010000000000000000000000001000000000000001000000000000000
000000000100000000000000000100000000000000000001000000000000000000000000
000000000000000000001000000000000000000000100000000100000000000000000000
000000000000100000000000000000000000000000000101000000000000000000000000
000000000000000000000000000000000001000000000000000100000000000000000001
000000000000000000000100000100000000000000000000100000000000000000000000
000000000001000000000000000000000000000000000000000000100000000100000000
000000000000000000000000000000000000000000000001000000000000000000101000
010000000000000000000000000000000000000000000000000100000000001000000000
000000000000000000000000000000000001000000000000000000000000010000000100
000001000000000000000000000000000000000000000000000000000001000000000100
000000001000000000000000000000000000000000000000000000000010010000000000
000000000000000000000000000000000000000000010100000000000000010000000000
000100100000000000000000000000000000000000000000000000010000000000000000
000000000000000000000000000000000000000000100000000000010001000000000000
000100000000000101000000000000000000000000000000000000000000000000000000
010000000000000000000000000000000000000000000001010000000000000000000000
000000000000000000000000000000000000000000000000000000000000100010000100
000000000000000000000000000000000000000000000010000000000000000100000010
000000000001000000000000000000000000000000000100000000000000000000000010
000000000000000000000000000000000000000010100000000000001000000000000000
000000000000100000000000000000000000000000000000000000000000001000001000
000000000000000000001010000000000000000000000000000000100000000000000000
000000000000000000000000000000010000000000000100000000100000000000000000
000100000100000000000000000000000000000000000000000000000000000010000000
000000000000010000000000000000000011000000000000000000000000000000000000
000000000000000000000000000010000001000000000000000000000000000001000000
000000000010000100000000000000000000000000000000010000000000000000000000
000000000000000000000000100000010000000000000000000000000000000000010000
000000000000000000100000000000000000000000000000000000000000000010000010
000000010000000001000000000000000000000000000000000000000000000100000000
001000000000010000000000000100000000000000000000000000000000000000000000
000000000000010000000000000100000000000000000000000001000000000000000000
000000000000000000000000001000000010000000000000000000000000000000000001
000000000000000100000000000100000000000000000000100000000000000000000000
000000100000000010000000000000000000000100000000000000000000000000000000
100000000000000000000000000000000000000000000010000000000010000000000000
000000000001100010000000000000000000000000000000000000000000000000000000
000000000000000100000000000000000000000000000000100000000100000000000000
000000000000001000000000100000000000000000000000000000000000000000000100
000000000000000000000000000000000000001101000000000000000000000000000000
000000000000000100000000000000000000000000000000000000000000010000000100
000000000000100000000000000000000000010000000010000000000000000000000000
000000000000010000000000000000000000000000000000010000000000000000100000
001000000000000000000000000000000000000000000000010000000001000000000000
000000000000000000000000000000000000000000000000000000000010000000000011
000000100000000000000000000000000000000000000000001000010000000000000000
000000000000000000001000000000000001000000000100000000000000000000000000
000000010000000000000000000000000000000000000000000100000010000000000000
000000000100000000000000010000000000000000000000000000000000000000000010
000000000000000000000000000000100000000000000010000000000000000000100000
000000000000000000000000010000000000000100000000000100000000000000000000
000010000001000000000000000000000000000000010000000000000000000000000000
000010000000001000000000000000010000000000000000000000000000000000000000
001000000000000000000000000000000000000000010100000000000000000000000000
000000000000000000000000000000000000000000000100000000000000010000100000
000000000000000000000000000001100000000000000000001000000000000000000000
000000000000000000000000000000100010000000000000000010000000000000000000
000100000000000000000000000000000000000000000000000000000101000000000000
100000000000000001000000000000000000000000000000000000010000000000000000
000000000000100000001000000000000001000000000000000000000000000000000000
000001000000000000000000000000000000000000000010000000000000000000100000
000000000000000000000000000000000000000001000000000000010000000000100000
000000000000000000001000000000000000000010000000000000010000000000000000
000000000000000000000000000000000000000000100000000000010000000000100000
000000000000000000000000000000000001000000000000000000000000001000000010
010000000000000000000000000010000100000000000000000000000000000000000000
000000000000000000000000000001000000000000000000000000000000000011000000
000000000000000000010000000000000100100000000000000000000000000000000000
000000000000000001000000010000000000000000010000000000000000000000000000
000000000100000000000000000000000000000000000000000000000000010010000000
000000000000000000000000000001000000000000000000000100000001000000000000
000000000000001000000000100000000000000000010000000000000000000000000000
000000000000000000000000001000000000000001000000000000000000000100000000
000000100000000000000000000000010000000000000000000000001000000000000000
000000000000000001000000000000000000000000000000000000000000000000100100
000000000010000000000000000000000000000000000000000100000000000000000100
000000000000000010010000000000000000000000100000000000000000000000000000
000000000000000000000000000011000000000000000000000000000000000000000010
000000010000000000000000000000100000000000001000000000000000000000000000
000000000011000000000000000000000000000000000000000000000000000000010000
000000000000000000010000000000000000000000000010100000000000000000000000
000000000000001000000000000000001000000000000000000000000000000100000000
001001000000000000000100000000000000000000000000000000000000000000000000
010001000100000000000000000000000000000000000000000000000000000000000000
000000000000000000000000000000000000000000110000000000000010000000000000
010000000000000000000000000000000001000000000000000001000000000000000000
000000000100000010000000000000000000000000000000000000001000000000000000
000000000000000000000000001000010000000000000000001000000000000000000000
000010000000000000001000000000000000000000000100000000000000000000000000
001000000000000000000000000010000000000001000000000000000000000000000000
100000000000000000000000000000100000000100000000000000000000000000000000
000010000000000000000000000000000000000000100000000000000000010000000000
000000000000000000000000001000000000100000000000000100000000000000000000
000000000100000000000000000010000000000000000000000000000000001000000000
000000010010000000000000000000000000000000000000000000000001000000000000
000010000000000000000000000000000000000001000000000000000000000000000010
000000000000000000000000001000000000000001001000000000000000000000000000
000000000000010000000100100000000000000000000000000000000000000000000000
000000100100000000001000000000000000000000000000000000000000000000000000
000000000000000000000000000000000000000000100000000000000001000001000000
000000000000010000000000000000000000100000000000100000000000000000000000
000010000000000000000000000000000010000000000000000000000100000000000000
000100100000000000000000000010000000000000000000000000000000000000000000
100000000000000000100000000000000000000000000000000010000000000000000000
000100000000000000000000100000000000000000000000000000001000000000000000
000000000000010000000000000000000000000000000000001000000100000000000000
000000010000000000000000000100000000000000000001000000000000000000000000
000000000000100000000000000000000000000000001000000000000000000000000010
000000000000100000010000000000000000000000000000000000000000000000001000
000000000000000000000000000000000000000000000010100000000000000000000100
000100000000000000000000000000000000000000000000000100000000000100000000
000000000000000000100000000010001000000000000000000000000000000000000000
001000000100000000000000000000000001000000000000000000000000000000000000
000000000000000000000000010010000000000000000000000000000000000000100000
000000010000000000000000000000000010000000000000010000000000000000000000
000000000000000000100000000000000000000100000000000000000100000000000000
000000000000000000000000000000001000000001000000000000000000000000001000
010000000000000000000000000000000000000011000000000000000000000000000000
000000000000000000000000000000000000001000000001000000000000001000000000
100000000000000000000000000000000000100000010000000000000000000000000000
000000000000000000000000000000000000000000000001000000010010000000000000
000001000000000000000000000000000100000000000000000000010000000000000000
000001000000000000000000000000000001000000000000000000100000000000000000
000000000000000000000000100100000100000000000000000000000000000000000000
000000000000000010000000000000000000000000000000000100000000000000001000
000000000000000000000000000000100010000000000000001000000000000000000000
100000000000000000000000000000000000000100000000000000000000000010000000
000000000000000000001000000000000000100000000000000000000000001000000000
000000000000000000000010000000000010000000000000000000000000000000000010
000000100000000000000000000000000000000000000010000000001000000000000000
000001000000000000000000000000000000000010000000100000000000000000000000
000100000010000000000000000000000000000000000000000000000000100000000000
000000000000000000000100000000000001001000000000000000000000000000000000
001000000000000000000000000000000000000000100000000000000000000010000000
000000000000000000000000000000010000000000000000100000010000000000000000
000000000000000010000010000000000000000000000000000000000000000010000000
000000000000000000000000000000000000000000000000000100010000000000000010
000000000000000000000000000000000000000000000000000110000000010000000000
000010000000000000000000000000000000000001000010000000000000000000000000
000000010001000000000010000000000000000000000000000000000000000000000000
000000000000000000000000000000000000000000000000000000010000001000010000
000000000000000000010000000000000001000000000001000000000000000000000000
010000000000000000000000000001000000000000000000000000000000010000000000
000000000000000000000000001000000000000000000000000000000000011000000000
000000000001000000000000000000010000000000100000000000000000000000000000
000000000000000000000000000000000000000000000000000000000100100001000000
000000001000000010010000000000000000000000000000000000000000000000000000
000000000000000000000000000000000000000100000000101000000000000000000000
000000000000000001000000000100000000100000000000000000000000000000000000
000001000000000000000000000000010000000000000000000000000010000000000000
000000000000011000000000000000000100000000000000000000000000000000000000
000000010000000000000000000000000000000000000000000001000000001000000000
100000000000000000000000000000000000000000010000000010000000000000000000
000000000000000000000000000000100010000000000000000000010000000000000000
000000000000000000000100000000000000000000000100000000100000000000000000
000000000000100000000000000000000000000010000000000000000000000000000100
000000000000000000000000000000000000000100000000000000100000100000000000
000000000000000100000000000000000000000000000000000000010001000000000000
000000000000000000000000000000000000000000000000000000000010000010001000
000000000000000000000001000000000000010000000000100000000000000000000000
000010000000010000000000000000001000000000000000000000000000000000000000
000000010000000100000000000000000000010000000000000000000000000000000000
000000000000100000000000000000000000000000000001000000000001000000000000
010000000000000000000000000000000000000000000000000000000100000001000000
000000001000000000000000000000000000000000010000000010000000000000000000
000000000000000010000000000000000000000000000000000010000000000000001000
000000000000000000100000000000000000000001000000000000000000000000100000
010000000000000000000000000000000000000000000000000100000001000000000000
000000000000010010000001000000000000000000000000000000000000000000000000
000000100000001000000000000000000000000000000000000000000100000000000000
000000000000000000000100000000000000000001000000000000000000000000010000
000000000000000000000000000100000000000000000000000010000000000000001000
000001000000000000000000000000000000000000000000010010000000000000000000
000000000000000000000000000000001000000100000000000000000000000100000000
000000000000000000000000010000000010000000000000000000000000000000001000
000000000000000010000000000000000000010000100000000000000000000000000000
000000000000000000000000010000000000000000000000000001000000100000000000
000000000001100000000000000000000000000000000000000000000000010000000000
000000000000010000000000000000000000000000000000000000000000001001000000
000000000000001000000000000000001000000000000000100000000000000000000000
000000000000000000000000000000000000000000000000000100000100001000000000
000000000000000010000000000000010000000000100000000000000000000000000000
000000000000000000000000001000000000000000000000000010000000010000000000
000000000000000000001100000000000000000000000000000000000000000000010000
100000000000000100000000000000000000000000000000000000000000000100000000
000000000000000000000000000001000011000000000000000000000000000000000000
000000000000000000000010000000000000000000000000000000001010000000000000
000000000010000000000000000000000000000000000100000000000000010000000000
000000000001000000000000000001000010000000000000000000000000000000000000
000000000000000010000000000000000000000000001000000000000000010000000000
010000000010000000000000000000000000000000000000000000000000000000100000
000000100000000000000000000000001010000000000000000000000000000000000000
000000100100000000000000100000000000000000000000000000000000000000000000
000000000000000010000000000000000000000000000000110000000000000000000000
000000000000000000000000000100010000000000000000000000001000000000000000
000000000000000000000000000000000001000100000000000000000000100000000000
000000000000000010000000000000000000010000000000000000000000000000000001
000000100000000010000000000000000000100000000000000000000000000000000000
000000000000000000000000000000100000000000000000000000000000000010000100
000000000000000000000000000000100000000000000000000000000001000000000100
000000000000000000000000000000000000000100000000000000000000000000100001
000000000000000001000000000100000000000000000000010000000000000000000000
001000000000000000101000000000000000000000000000000000000000000000000000
000010000000000000000000000000100000000000000000000000000010000000000000
000000000000010000000000000100100000000000000000000000000000000000000000
100000000000000000000000000000000001000000000010000000000000000000000000
000000000000000000000000010000000010000000000000000000000000100000000000
000010000100010000000000000000000000000000000000000000000000000000000000
000100000000000000000000000000000100000001000000000000000000000000000000
000000000000000000000010000000000001000000000000000000000000000000000001
000000000010000000000000100000000000000000000000000000000000000000000100
010001000000000000000000000000000000000000000000000000000000000000000100
000000000000100011000000000000000000000000000000000000000000000000000000
000000000000000000000000000000000000000001000100000000000000000000000010
000000000000001000000000000000000000000100000000000000001000000000000000
000000000000001000000000000000000000000000000000000000000000001000000010
100000000000010000000000000000000000000000000000000000000000100000000000
000000000000000000000000100000100000000000000000010000000000000000000000
000000100001000000000000000000000000000000000010000000000000000000000000
000001001000000000000000000000000000000000000001000000000000000000000000
000000000000001100000000000000000000000000000000000000010000000000000000
000000000000010000100000000000000000000100000000000000000000000000000000
000000001000100000000000000000100000000000000000000000000000000000000000
000000000000000000000000000000000000100000000000000000001000000000100000
000000000000000000000001000000000100000000001000000000000000000000000000
000000000000000000000000010000000010000000100000000000000000000000000000
000000000000000000000000000000000100000000000000000100000000000001000000
000000000000010000000000000010000000000000000000000000000001000000000000
000000000000000000000000000000000000000001000000000000011000000000000000
000000000000000000001000000000000000000000001000000000000000000000010000
000100001000000000000000000000000010000000000000000000000000000000000000
000000000000000000000000000000000000000001000000000000000000000001000001
000000101000000100000000000000000000000000000000000000000000000000000000
000000000000010000000000000000000000000000010000000000000000000001000000
000000000000000000000000000000000000000000000010001000000000000000010000
100000000000000000010000000000000000000000000000000000000000000000010000
000000000000000000000000000000000000000000000100000000100000000000100000
000010000010000000000000000000000000001000000000000000000000000000000000
000000001000000000000000000000100001000000000000000000000000000000000000
000000000000000000000000000000100011000000000000000000000000000000000000
000000000000000000000000000001001000000000000000100000000000000000000000
000000000000000011000010000000000000000000000000000000000000000000000000
000000000000000000000000000001000000000000000001000000000000000000100000
000000000000000000000000000000010000000000000000000000001000100000000000
000001000010000000000000000000000000000000000000000001000000000000000000
000000000000000000001000000000000000010000000000000001000000000000000000
000000001000000000000000000000000000000001000000000000000001000000000000
010000000000000000000000010000000000000000000000000000010000000000000000
000000100000000000000000000000000000100000000000000000000000100000000000
000000000000000010000000000000000000000100000000000000000000000000000010
000000000000000010000000000000000000000000000000000100001000000000000000
000000000000000000000001000000000000010000000000000000000100000000000000
000010000000000100000000000000000010000000000000000000000000000000000000
000000000000000010000000000000000000000000001000000000000000000000000010
000000000000000000000000000000000000000000001000001000000000000000100000
001000000000000000000000000010000000000000000000010000000000000000000000
010000000000000000000001000000000000000000000000000010000000000000000000
000000000000000001000000000000010000000000000000000000000000000100000000
000000000100000000000000000000000001000000000000000000000001000000000000
000000000000000010000000000000000000000000000000000001000000100000000000
000000000000000000000000000000001000000000000000000000000000001000000001
000000010100000000000000000000000000000010000000000000000000000000000000
000000000000000000000000000000010000000000000000000000100000000000001000
000010001000000000000000000100000000000000000000000000000000000000000000
000000000000000000000000000010000000001000000000001000000000000000000000
000000001000001000000000000010000000000000000000000000000000000000000000
000000000001000000000000000000000000100000000000000000000000000000000001
100000000000000000100000000000000000000000000000000000000000000000001000
000001000000000000000000000000000000000000010000000000000000000000010000
000000000000100000000100000000000000000000000000000000010000000000000000
000000000000000000000000000000000000000000000010000010000000100000000000
001000000100000000000000000000000000000000000000000000000000100000000000
000000000000000101000000000000000000000000000000000000000000100000000000
000000000010000000000001000000000000000001000000000000000000000000000000
000010000000000100000000000000000000001000000000000000000000000000000000
000000000000000000000000000000000000000000010000000100000000100000000000
000000000000000000100000000000000000000000010000000000000000000000000001
000000000010000001000000000000000000000000100000000000000000000000000000
000000000000000000000000000000100000000010000000000001000000000000000000
000000000000101000100000000000000000000000000000000000000000000000000000
000000010000000000000000000100000000000000000000000001000000000000000000
000000010000000000010000000000000000000000000000000000000000000100000000
000000000000000000000000000000000100000000000000000000000100000000000001
000000000010000000000000010000000000000000001000000000000000000000000000
100000000000000000000000000001000000000000010000000000000000000000000000
000000101000000000000000000000000000000000000000000000000000000000000001
000000000000000000000000100000000100000000000000001000000000000000000000
000000000000000000000100010000000000000000000000000000010000000000000000
000000001000000000000000000000010000000000000000000001000000000000000000
000000000000000000000010010000000000000100000000000000000000000000000000
000000000000000000001000000000001000000000000000000100000000000000000000
100000010000000000010000000000000000000000000000000000000000000000000000
000000000000000010000000000000000000100000000000000001000000000000000000
000000001000100000000010000000000000000000000000000000000000000000000000
000000000000000100001000000000000100000000000000000000000000000000000000
000000000000001000000010000000000000000000000000000000000000010000000000
000000001000000000000000000000000000000001000000010000000000000000000000
000000000000000000000000000011000000000000000010000000000000000000000000
000000000000011000000000000100000000000000000000000000000000000000000000
000000000010000000000000000000000000000000000010000000000000000010000000
000000000000000000000000000000100000000000000010000000000000010000000000
000000000000000000000000001100000000000000000001000000000000000000000000
000000000000000000000000000000000000100000000000000000010000000000000100
000001000000000000000000000000000000001000000010000000000000000000000000
010000000000000000010000000000010000000000000000000000000000000000000000
000001000000000000000000000000000000000000001000000000000000000000001000
000000001000000000000000000000000100000000000100000000000000000000000000
000000000000000000000000000000000001000000010010000000000000000000000000
010000000000000000000000000000000000000000000000000100000000100000000000
000000000000000000000000000000000000000000010001000000001000000000000000
000000000000000000000000000000000000000000000100000000000000001000000100
001100000000000000000000000100000000000000000000000000000000000000000000
000000100000010000000000000000000000000000000000000000000000100000000000
000000000000000000000100000000000000000000000000010000000001000000000000
000000000000100000000000000000100000000000000100000000000000000000000000
000000000000000000000000011000000000000000000010000000000000000000000000
000000000000000000000000000000000000000000010000000000000000000100010000
000000001000000000000100000000000000000000000000000000000010000000000000
000000100010000000000000000000000000000000000000000000001000000000000000
000000000000000000000000000001000000000000000000000000000000000100100000
000001000000000000001000000100000000000000000000000000000000000000000000
000000000100000000000010000000000000000000000000000000000000000000000001
000000000000000000000000000000000000001000000000000001000000100000000000
000000100000001000000100000000000000000000000000000000000000000000000000
000000000000000000000000000000000000000000000000000000100000100000000100
000000000000000000000000000000100100000000000000000000000000000000100000
000000000000000000000000000000000000000000000000000000010001000000100000
000000000000000000000000000000000000000000010000000000000000010000010000
000000000000000000000000000000000001000001000000000000000000000000100000
000000000000000000000000000000000010001000010000000000000000000000000000
000000000000000100000000000000000000000010000000000000000000000100000000
000000000000000000010000010000000000000000000000001000000000000000000000
000000010000100000100000000000000000000000000000000000000000000000000000
000000000001000000000000000000000000100100000000000000000000000000000000
000010000000000000000000000000000000000000000000010000000000000010000000
000000000000010000000000000000000000000010000000000000000000000001000000
000000000000000000000011000000000000000000000100000000000000000000000000
000000000000000000000000000000000000000000000000001000001000000000000100
000000000100000000100000000000001000000000000000000000000000000000000000
010000000000000000000000000000000000000000000000000000000100000000000100
000000000000000000001000000000000000010000000000000000000000000001000000
000000000000000000000000000000000000100000000000100000000000000001000000
000000000000000000000000000000000000000000000000001000000000001010000000
000000000010000000000000000000000000000000000001000000000100000000000000
000000000001000000000010000000000000000000000000000010000000000000000000
000000000000010000000000000000000000000000000000001000000000000000000100
001000000000000000000000000101000000000000000000000000000000000000000000
010000000100000000000000000000000000000000000001000000000000000000000000
000000010000000000000000000000001000000000000000000000000000000010000000
000000000000000000000100000000000000000010000000000000000000000000000001
000000000000000000000000000000000101000000000000000000000000000010000000
000000000000010000000000000000000000000000000000000000000000010000000010
100000000000000000000000000000000000000000000000000100000010000000000000
000000000000000010000000010000000000000000000100000000000000000000000000
000000000000000000000000000000000001000000000000000010000000010000000000
000000000000010000000100000000000000000000000000100000000000000000000000
000000000000100000000000000000000100000000001000000000000000000000000000
000000000000000000000000000000001000000000000000000100000000010000000000
001000000010000010000000000000000000000000000000000000000000000000000000
000000000000000000000100000000000000000000000000100010000000000000000000
000010000000000000000000000000000100100000000000000000000000000000000000
000000000000000000001000101000000000000000000000000000000000000000000000
000000000000000000100000000000000000000000000000000001000100000000000000
000001000000000000000000000000000000000000000000000001000000000000100000
000000000000000000000000000000000000000010000000000000001000000000100000
000000000000000000000000000000000000100000000000000110000000000000000000
000000010000000000000000000000000000010000000001000000000000000000000000
000000000000000000000100001000000000010000000000000000000000000000000000
000000000000000000000100000100000100000000000000000000000000000000000000
000000000100000000000000000000000000000010000000000000000000000010000000
000000000000000000110000000000000000000100000000000000000000000000000000
000000000000000000000000000000000000001000010001000000000000000000000000
010000000000000100000000000000100000000000000000000000000000000000000000
000000000000000000000000000000000000000000000000100000000000000100100000
000000001000000000000000000000000000000000000000000000000001000000000001
000000000001000000000000100000000000000000000000000000000000000000000010
000000000000000000000000000000010000000000000000000001010000000000000000
000100000000000000000000000000000000000010000000000000000100000000000000
000000000000000000010000000000000000100000001000000000000000000000000000
000000000000001000000000000000010000000001000000000000000000000000000000
000000000000000000000010000000000100000000000000000000000000010000000000
000000000000000000000000000000100000000000000000000000000000100000000001
000000000001000000000000000000000000000001000000100000000000000000000000
001000000000000000000000000000000000000000000000000000100000010000000000
000000000000000000000010000000000000000000000000000000010000000100000000
000000000000000000000000000000000010000010000000000000000000001000000000
000000001000000000000000000000000000000000000000100000000000001000000000
000001000000000010000000010000000000000000000000000000000000000000000000
001000000100000001000000000000000000000000000000000000000000000000000000
000000000000000000000000100000000000000000000100000000000100000000000000
000000101000000000000000000000010000000000000000000000000000000000000000
000001000000000000000000000101000000000000000000000000000000000000000000
000000000000000000000000010100000000010000000000000000000000000000000000
000000000000000000000000000000000001000000000000000000000000100000000001
000000010000000000000000000000000000000001000000000001000000000000000000
000010000000000000000001000000010000000000000000000000000000000000000000
010000000000000000000000000000000000000000100000000000000000000000000001
000000000000010000000000000000000000000000000001000000000000001000000000
000000000100000000000000000000000000000000000000000000000000100000010000
000000000000000000000000000001000000000000000001100000000000000000000000
100000000000000000000000000100000000000000000000000001000000000000000000
000000000000000000000000000000000001000000000000010000000000000000001000
000000000000000000000000000000010000000000000000000000001000000000000100
000000000000000000000000000000000000000000100000001000000000000000000001
000000000000000000000010000000000000000000000000000000000100100000000000
000000000000000000000000000000000000000000100000000000000000010000000100
000000000010000000010000000000000000000000000100000000000000000000000000
000000000000000000000000100100000000000000000001000000000000000000000000
000000000000000000000000000000100000000000000000010000000000000001000000
000000000000000000000100000000000000000000000100000000000000100000000000
000000000000000100000010000000000000100000000000000000000000000000000000
000000010000000000001000000000000000000000000000000000000000001000000000
000100000000000000000000000000000000000000000000000000100000000010000000
000001000000000010000000000000000000000000000000001000000000000000000000
000000000000000000000000010000000000000000000000100001000000000000000000
000000000000000100000000000000000000000000000000000000001001000000000000
000000000000000000000000000000000010000000100000000000000000001000000000
000000000000010000000000000000100000000100000000000000000000000000000000
000000000000000000000000000000100000000000000000000001000000010000000000
000000000000000000100000000000000000100000000000000000000000100000000000
000100000000000010000000000000000001000000000000000000000000000000000000
000100000000000000000000000000000000000000000000000001000001000000000000
000000000000000000000000000000000000000000000011000000000000000010000000
000001000001000000000000000000000000001000000000000000000000000000000000
000000000000010000000000000000000000000000000000000000000001000000010000
000000001000010000000000000000000000010000000000000000000000000000000000
000000100001000000000000000000000000000000000000100000000000000000000000
000001000000000000000000000000010000000000000010000000000000000000000000
000000000000000000000000000010000000000000000000000000010000000000000100
000010000000000000000001000010000000000000000000000000000000000000000000
000000000000000100000000000000000000000010000000100000000000000000000000
000000000000000000000000000010000000000000000000000010000000000000000010
000000000000000000000001000000001000000000000100000000000000000000000000
000000000000000000001000000000000000001000000000000000000010000000000000
000000000010000000000000000000100000000000000000000000010000000000000000
000000000000000000000000000000000000001001000000000001000000000000000000
000000000000000000000000000000000000000000001000000000000000000000000011
000100000000000000000001000000000000000000000000001000000000000000000000
000000000000000000001000000000000000000000100000000000000000000000000010
000000000000000000000000001000000000010000000000000000000000000000100000
000000000000000000000000000000000010000000000001000000000000001000000000
100000000000000000000000000000000000000000010000000000000000000000010000
001000000000000000000000000000001000000000000001000000000000000000000000
000000000000000000100001000000000001000000000000000000000000000000000000
100100000000000000000000000000000000000000000000100000000000000000000000
000000000010000000000000010100000000000000000000000000000000000000000000
000000000000000000000000000000000000000000000000000000100010100000000000
000010001000000000000000000000000000000000000001000000000000000000000000
000000100000000000000010000001000000000000000000000000000000000000000000
000000000100000000000000000000000000000000000000000010000000000000000010
000000000000000000001010000000000001000000000000000000000000000000000000
000000000000000000000001000000000001000000100000000000000000000000000000
000000000000000000000010000000000000000000000000000000000000010000100000
000000000000000000000000000000010000000000000001000001000000000000000000
000000000000000000000000000000000000001000000000000000000000000001001000
000000000010000000000000000000000000000000000000000000100000010000000000
001000000001000010000000000000000000000000000000000000000000000000000000
000000000000000000000000000000000000000000000000000000100000110000000000
001000000000000000000000001000000000000001000000000000000000000000000000
010000000000000000000010000000000000000000000000100000000000000000000000
000000000000000000000001000000000010000000000000000000010000000000000000
000000000000010000000000000100000000000000000000010000000000000000000000
000000000000001000000010000000000000000000000000000001000000000000000000
000000000000000000000001000000000000000001000000000000000100000000000000
000000000000000010000000000000000000000100010000000000000000000000000000
000000000010000000001000000000000000000000000000000000000000000000000001
000000000000000000000000000000000000000000000000001000100000000000010000
000001000010000001000000000000000000000000000000000000000000000000000000
000000010000000000010000001000000000000000000000000000000000000000000000
000000000000010000000000000000000000000000000010000000000000000010000000
000000000010010000000000000000000000000000000000000000000000000000000100
000000000000100000000000000000000000000000000001000000000000000000000010
000000000000000000000000000010000000000000000000010000000100000000000000
000010000000000000000000000000000000000000000000010000000010000000000000
000000000000000000000100000001000000000000000010000000000000000000000000
000000000000001010000000000000000000000000000000010000000000000000000000
000000001000000000000000000000000000000000000000000000000000000100000100
000000000000000000000000000000100000000000001000000000000000001000000000
000000000000010000100000000000000000010000000000000000000000000000000000
000000000000000000000000000100000000010000000000000000010000000000000000
000000000000000100000000000010000000000000000000000000000000000000000010
000000000010000000000000000000000000000010000000000000010000000000000000
000000000000000100000000000000000000001000000000000000000000000001000000
101000000000001000000000000000000000000000000000000000000000000000000000
000000000100000000000100000100000000000000000000000000000000000000000000
000000000000000000000000000000001000000010000000000000000000100000000000
000000000000000000000000000000100000000000110000000000000000000000000000
000000100000000000000000000010000000000000000000000000000000000000000100
000000000000001000000000100000000000000000000001000000000000000000000000
000000000010000000000000000000000000000000000000001000000000001000000000
000000000010000100100000000000000000000000000000000000000000000000000000
000000000000000000000000000000000001000000000000100000000000000000000100
000000100000000000000000000000000000000000000100000000000000010000000000
100000000000000000000000000000000000000010000000000000010000000000000000
000000010000000100000000000000000000000001000000000000000000000000000000
000000000000000000000000000000000000000000000100000000000010000000000001
000000000010000000000000000000000000000000000110000000000000000000000000
000000000000000000000000000001000001000000000100000000000000000000000000
000000000000000000000000000000000001000000000001000000000100000000000000
000100000000000000000000000000000100001000000000000000000000000000000000
000000000000000000000001000000000000000000000000000001000000000000000001
000000000000000000000000000000000000000100000000000000000000100000010000
000000000000000000000000000000000000000100000000100000000000000000000001
000000100000000000000000000000010000000000000000000100000000000000000000
000000000000000000000000000000000000100000000000000000000000000110000000
000100010000000000000000000000000000000000000000000000000000000000000010
000000000000000000000000000000000000000000000101000010000000000000000000
000000000000000000000000000000000000010000000000000010000000000000010000
000000000000000000000000000000000000000000000000000000000000000011010000
001000000000000000000000000000100000000000000000000000000000000000000100
000000000000000000000000000000000000000000000010000100000000001000000000
000010000000000000000000000000000000000100000000000100000000000000000000
000000000000001000000000000000000000000000000000000000000000010100000000
000000000000000010000000001000000000000000010000000000000000000000000000
000000000000000000000000000000000000000001000000100000000000000000000001
000000000000000000000000000010000000000000000000000000001010000000000000
000000000000000000011100000000000000000000000000000000000000000000000000
000000000000000000000000010000010000000000000000000000001000000000010000
000000000000000000000000000000000000000100000000010000000000001000001000
000010000000000000000000000000000000000011000000000000000000000000010000
000000010000001000000000000010000000000000000000000000000000000000010000
000000000000000000000000000000010100000000000000000000110000000000000000
000010000010000000000000000000000000000000000000000000000100000100000000
000001000000010000000000000000000010000000000000000000000000001000000000
000000000100010000100000000000000000000000000000010000000000000000000000
000000000000000010000000000000000010000000000000000000000010010000000000
000000000000000000000000000000010100001000000000000000000000000001000000
000000000000001000000000000000000000000000010000000001000001000000000000
000000000000000000000000010000011000000000000000000000000000000000000100
000011001100000000000000000000000000000000000000000000000000000000000000
000000000000000000000100000000000000000000000000010000000000000001000100
000000101000000000000000000000000010000000000000000000000000000000000001
000000000010000000000000000000000000000000000000000000010100010000000000
010000000100000000000000000100000000000000000000001000000000000000000000
000000000100000001000000000100000000000000000000000000000000000001000000
000000000000000000000000000000000000000000100100010000001000000000000000
000001000001000000000000000000000000000000000000000000000000000000001100
000000000000000000000000000000000000100000000000000000000100100000000010
000000000000000000000001000000000110000000000000000000000000000000000001
000000000000000000010000000000000010100000000000000000010000000000000000
000100000000100000000000000000010000000000000000000000010000000000000000
000010000000000001000000000000000000000000000010010000000000000000000000
000000000100000000000000000000010000000000000000000000000000000101000000
010000000000000000000000000000100000000000000000000001000000000010000000
000000000000000000000000101000000000000000000000000010000000000010000000
000000000010000000000000000000100000010001000000000000000000000000000000
100000000000000000000001000000000000000000100000000000010000000000000000
000000001100000000000000000000000100000000000000000000000000100000000000
000000000000010000000000000000000000100000000000000000000000001010000000
000000000000000000000000000010000000000000000000000100101000000000000000
000000000000000000000010000000000000000000010000001000000000000000000100
000000000000001001000000000000000000000000000010000100000000000000000000
000000000010000000000000100000000100010000000000000000000000000000000000
000000000110000000000000000000000000000000001000000000000000000010000000
000000010000000000001000000000001000001000000000000000000000000000000000
000000000000000010000000000000000000000000100000001000000000000001000000
000000000001000100000000000100000100000000000000000000000000000000000000
000000100000000000000000000000000000100000000000000000000000010100000000
000000000000000000000000000000100000000010001000000000000000001000000000
000000000000000000000000100000000000000000000000000110000000000001000000
000000000000000000010000000000000000000000000000001001000010000000000000
000000000000000010000000000000000000000000010000000000100000100000000000
000100010000000000000010000000000001000000000000000000000000000000000000
000000000000000000000000100000000001000000000000010000100000000000000000
000000100000000000010000010000000000000001000000000000000000000000000000
000100001000000000000000000000000000000000000000000110000000000000000000
000001000000000000001000000100000000000000000000000000010000000000000000
001000000000000000000000000000000000000000000010010000000000000000000001
000000000010000000000000000000000000100000000000000000000000001000010000
100000000000000000000100000000000100000000000000000000000000000000000001
000001000100000000000000000000000000000000001000000001000000000000000000
000000010000000000000000000000000000001000100000000000000000000000100000
000000000000000000000000000000000000000001000000000000000010000100001000
000000000000000000000000000000000000000000000001001010000000000000100000
000011000010000000000000000000000000000000000000000000000010000000000000
000000000000000000001010000100000001000000000000000000000000000000000000
000000000000010000000000000000000000000000000000000000010000100000000010
000000000000000000000001000000100000000000000000000001000000010000000000
000000000000000000000000000000000000000001010000000000000000000000100001
000000000000000000000100000011000000000000001000000000000000000000000000
000000000000000000000000000000000000000000100000010000000001000000100000
000000000000000000010010000000000000000000000000010000000000000000000010
000000000110000000000000000001000000000000000000000000001000000000000000
000000000000000000000000000000000000000000000000100000001000001000010000
000000000000100000000000000001100000000000000000100000000000000000000000
100000000000100000000000000100000000000100000000000000000000000000000000
000100000000101000000000000000000000000000000000000000000000001000000000
001000000000000001000000000000000000000000000000000000101000000000000000
000000000000000000000000000000000000000001000000000100000010000000000001
000001000000000000000000000000000100000000000000000000000000000000100100
010000100000000010000000000000100000000000000000000000000000000000000000
000000000000000010000000000000010000000000000000000010000000000010000000
000000000000000100000000100000000000000000000001000000000000000000001000
000000100000000000000000000010010000000000000000000000000000010000000000
000000000000000000000100000010000000000000000000010000000000000010000000
000000000010000000000001000000000000000000000000000000000001100000000000
000000100010000000000000000000000000000000000000000000001001000000000000
010000000000010000000000000000000000010000001000000000000000000000000000
000000000000100001000000000000000000000000000000000010000001000000000000
100000000000000000000000000000000000100000000000000001001000000000000000
000000000000000000100000000000000100000000001100000000000000000000000000
000000000000000000000000000000001000000100100000000000000000000010000000
000000000000000000000000000000000001000001000000010000010000000000000000
000010000000000000000000000000000000000000000000000000000001010000001000
000000000000000010000000100001000000000000000000000000000000000001000000
000000000000000000000001000000000000001001000000100000000000000000000000
000000000000000000000000000000000000001000000000001000000000100000000010
000000001000010000000110000000000000000000000000000000000000000000000000
000000000000000000000010000000000000000001000011000000000000000000000000
000010000000000000000000000000010000000000000000000000000000000000010100
000000000001000000010000000000000000000000000000000010000100000000000000
000000000000000000000010010000000010000000000000000000000001000000000000
000000000000000010000000000000000000000000100000100000000000000000000001
000000000001000000000000000000000001000000000000001100000000000000000000
000000000000000000000001000000000000000000000100000001001000000000000000
000000000000000000000000000000100000000100000000000000000000010000000001
000010010000000000000000000010000000000000000000000100000000000000000000
100000000000000100000000000000000001000000000000000010000000000000000000
000001000000010000000000010000000000000000001000000000000000000000000000
010000000000000000010000000000000000000000000010000000000000100000000000
001000100000000000000000000000000000000000000100000000000100000000000000
001000000000000001000000000000000000000000000000000001000001000000000000
000000000000100010000000000000000000000000001000000000000000000000010000
000001000001000000000000000000010000000000000000000000000000000000010000
000000000001100000000000000000000010000000000000000010000000000000000000
000000000000000000000000000000000001000000000000100101000000000000000000
001000000000000000000000000000000000000000100000000000000000000000000101
000000000000001010000000000000000000000000000000000100000000000001000000
010000000000000000000000010000000000000000000000000010000000000000001000
000000000000100000000000000000000000000000100010000000000010000000000000
000000000000000000000100000000000010000000001000000000000000000100000000
001000000000000000000000000000000000000000000001000000000000101000000000
000000000000001000000000010000000000010000000001000000000000000000000000
000000000000100001000000000000000000000000000000000000000000000000100001
000000000100000000000100000000000100000000000000000000100000000000000000
000000000000000010000100001000000000000000000000000000001000000000000000
000000000000000000000100001001000000000010000000000000000000000000000000
000000000000000000000000000000000000000000010000000000000000011000001000
000000000100000000000000000000000010000000000100000000000000001000000000
000000000000100000010001000000000000000000000000000000010000000000000000
000000000000001000000010000000000000001000000000000000000000000000000001
000010000000010000000000000000000001000000000000100000000000000000000000
000001000000001000100000000000000000000000000000000010000000000000000000
000000000000000001000000000000001001000000000000000000000000000001000000
000000000000010000000001000000000000000101000000000000000000000000000000
000100000000010000100000000000000000000000000000000000000000000100000000
000000000010000000000001000000000000000000010000000010000000000000000000
000000000000000000000100000000000010000000010000000000000000000000000010
000000000000000000000010000001001100000000000000000000000000000000000000
000000000000001000000010000000000000000000000000000000000000010000100000
000000100000000000001000000000100000000000000000001000000000000000000000
001000001000000000001000000000000000000000000000010000000000000000000000
000000000010000000000000000100000000000000001000000000001000000000000000
010000000001000000100000000000000000000000000000001000000000000000000000
000000000000000000000001100000000001000000000000000000000000000000100000
000000000100010000000000000000010000000000010000000000000000000000000000
000000000000000000000000000000000001000000000000000000100001000001000000
000000000000000000010000000000000000000010000000000000000000000000000101
000000000000001000000000110000000000000000000000000000001000000000000000
000000000010100000000000000000000000000000000100000000100000000000000000
000000000000100000000000000000000000000000100000010000000000000000001000
000000000000000000000100101000001000000000000000000000000000000000000000
000000000000000100000000001000000000000000010000000000000000000000000100
000000000000001000000000000000000000100000000010100000000000000000000000
000000100001000000000000000010000000000000000000000010000000000000000000
000000000000000000000000000000000000000000000010100000000000000100000010
000000000000000000000100000000000000000000000010000000000010000000100000
000000000000100000000000001000010000010000000000000000000000000000000000
000000000000000100100000000000000000000000010000000100000000000000000000
100000000001000000101000000000000000000000000000000000000000000000000000
000000000000000000000100000000011000000001000000000000000000000000000000
000000000000001001000000001000000000000000000000000000000010000000000000
001000000000000000000000000000000000001000000000000000100000000000000100
000000000000000000000000000000100000000000000100000010000000000000000100
000010000000000000000100100000000000000000000000000001000000000000000000
000000000000000000000000000000000000000100000010001000000000000000010000
000000000000100000000000000000000000000100000000000010000000000000100000
000000000000000001000000000010000000000000000000000000000000000000000011
000000000100000100000000000000000000001000000000000000000001000000000000
000000000000100000000000000000000000000000010000000000000000000001010000
001000010000000000000000000000000000000000001000000000000000000000000001
000000010000000000000100000000000000000000000000000000000001000000100000
000000000000000000000000000000000000100000000011000001000000000000000000
100000000000000000000000000000000000010000000000101000000000000000000000
000000000000000100000000000000000010000000001000000000000001000000000000
100000000000000000000010000000000100000000000000000000001000000000000000
000000010000000000000000000100000000000000001000001000000000000000000000
000000000000000000000000000000100000000001010000100000000000000000000000
000010000000000000000000000000000000000000100000000000000000000000100010
000000000010100000000000000000100000000000001000000000000000000000000000
000000001000000000000010000000000000100000000100000000000000000000000000
000000000000000000000000000000100000000000000000000000000100000001000010
000000000000001000000000000000000000000001010000001000000000000000000000
010000000000000010000000010000000000000000000000000000000000000000000010
000000000000000000010000000101000000000000000000000000000100000000000000
000100000000000000000000000000000000000000010010000000000000010000000000
000000001000100000000000000000000000000000000000000010000000000000100000
000000000000000000000000101000000000000001000000000010000000000000000000
000010000000000000000000000000000100000000000000000000000000010000100000
000000000001000000000000000000000000000100000010000000000000010000000000
000000010000000000000000010000000000000100000100000000000000000000000000
000000000000000000000100000010010000000000000000000001000000000000000000
000000000000000000000000001000100000000000000000000010000000100000000000
100000010000000000100000000000000000000000100000000000000000000000000000
000000000000000000000000000000000001000000000000000000000000100000000011
000000000000010000010000010000000000000000000000000000000000000000000100
000000000000000000001000000100000000000010000000000000000000010000000000
000000000000000001000000000100000000000000000000000000000001000000100000
000000000000000000000000000000000010000000000000000001000001000100000000
000000000100000000000000000000000010001000000000000000000000010000000000
000001000000000000000000000000000000000000000001000100001000000000000000
101000000000000000000000000000010000010000000000000000000000000000000000
000000000010010000000000000001000000000000000000000010000000000000000000
000000100000000000010000000000000000000000000001000000000000000000000010
000000001000000000000000000000000010000000000000000000000000100000001000
000000001000000000000000000000000000001000100000000000000000000000100000
000000000000000000000000000000010000000000000000000001000000101000000000
000001000000000001010000000000000000000000000000000000000010000000000000
000100000000000000000000000000000000000000000001100000000000000100000000
000000000000000000000000000000000000000000000000000000000010011000001000
000000000000000000000000000000000000000000100000100000000000010000000001
000000000000000001000000000000000000000100000000000000010000000000001000
011000000000000000000000000000000000000000000000000010000100000000000000
000000000001000000010000000100000000000000000000000000000000000000000001
000000000000010000000000100100010000000000000000000000000000000000000000
001000000000000000000000000000000001000000000000000010000000000000010000
000000000000000000000000000000000001000000101100000000000000000000000000
000000000000000000000000000000000000000000000110001000001000000000000000
000001000100000010000000000000000000000000000000000010000000000000000000
000000101000000010000000000000000001000000000000000000000000000000000000
000000000000000000000000100000000010000000001000000000001000000000000000
000000100000000000001000000000001000000000000100000000000000000000000000
000000000000000000000000000000000000100001000000000010000000000001000000
000000000000000000100000000000000000000000100000000000001000000010000000
000011000000000000000000000000000000000000001000100000000000000000000000
000000000000000000000100100000000000000000000000000000100100000000000000
000000000010000000000000000000000010000000000000000000000001000000000001
000000000000000000000000000000000000000000010000000000000000000100010010
010000000000001000000100000000000010000000000000000000000000000000000000
000000000100000000010001000000000000000000000000000000001000000000000000
000000000000000000000000100000100000000000000000100000000000000000010000
000000000000001000000000000000000010000000000000000000000010000100000000
000100000000100000000000000000000000000001000000000000010000000000000000
000000000000000000000000000000101000010000001000000000000000000000000000
010000000000010000010000000001000000000000000000000000000000000000000000
000000000001000000000010000000000000001000000000000000000000100000000000
000000000000100000000000001000000000000000001000001000000000000000000000
000000000000000000010000000010000010000000000000000000000100000000000000
000000000010000000100000000000000000000001000000000000000000000001000000
000000010000000010000010000000000000000100000000000000000000000000000000
000100000000000000000000000000000000000000000000000000100100000100000000
000000000000000010000010000000000000000000000001000000000000000000010000
000000000000000000000000001001000000000000000000000000000000001100000000
000000000010000000000000000000000000010000100000100000000000000000000000
000000000000010000000010001000000000000000000000000010000000000000000000
000000000000001000000100000000000000000000000000000000000001001000000000
001000000000000000000000001000000000000000000000000001000000100000000000
000000000000000000001010000000000000000010001000000000000000000000000000
000000000001000000000001000000000000000001000000000000000000000000001000
000010000000000000000000000000010000000100000000000010000000000000000000
000000110000000000001000000000000000000000000000000000010000000000000000
000000000100000000000001000000000011000000000000000000000000000000000000
100000000000000000000000000000010000010000000000000000000000000000000010
000001000000000000010000000000000000000000000000000000000000000000000110
000001000000000000000000000000000000100100010000000000000000000000000000
001000000000000000000100000000000000100000000000000000000000010000000000
000001000000100000001000000001000000000000000000000000000000000000000000
000000000000000010000000000000000010000000000000000000000000100100000000
000000000000000000100001000000000000000001010000000000000000000000000000
001000010000000000000100000000000000000000000000000000010000000000000000
000000000000000001000001000000001000000000000000000000000000000010000000
000000000000000000000000000100000101000000000000000100000000000000000000
000000100010000000000000000000000000000000000100000000000000000000100000
000000000001000000000000000100000000000000000001000000000000000010000000
000000001000000000100000000000000000000000000000000000001000000001000000
000000000000000000000000100000000100000000000000000000101000000000000000
010000000000000000000000000000000000000000000000000000000000100011000000
000000000000000000000000000010000000000000000000000000000000110000000010
000000000000000001000000000000000000000010000000000000000000010000000100
000000000000000000000010100000000000000000001000000000000000010000000000
000000000000000000100000000000000000000001000000000000001000000000000100
000001000000000000010000010000000000000000000100000000000000000000000000
000001000010000000000000010000000000000000000000000000010000000000000000
000000000000000000010000000000000011001000000000000000000000000000000000
000000000000000000000000000000000100000010001000000000000000000000000100
000000100000000000000000000000000010000000000010000000000000000010000000
000100000000000000000000000000000000100000100000000000000000000000000001
000000000010000000000000000000010000000001000000000000000000000000000010
000000001000000000000010000000000000100000000000000000000000000000100000
100000000000000000000000000000000000000000100000000001000000000000100000
010000000000000000000000000000000010000000000010000001000000000000000000
000000000000000000000000000000000000100000010000000000001000000100000000
000001000000001000000000000000000000000000000000011000000000000000000000
000000000000010000000000100000000000000010000000000000000000000010000000
000000000000000000000000000000000000000000000000000111100000000000000000
000000100000000000000000000100000000000000000000000000000001000001000000
000001000001100000000001000000000000000000000000000000000000000000000000
000000010100000000000000000000000000000000000000000000001000000001000000
000000000000000000000000000000000000010000000000000010000010000000010000
000100010000000000000000000000000000001000000000000000000000000010000000
010000000000000000100000000100100000000000000000000000000000000000000000
000000000000001000000000000000000001100100000000000000000000000000000000
000000000000000000000000100100000000000000000000000010000000000100000000
000010000000000000000010000000001000000000000000000000010000000000000000
000000000010000000000000000000000010000000000000000000010000000001000000
000000000000000000011000000000000010000000000000001000000000000000000000
000000100000000000000000000000000000000000000000000000010000000001100000
001100000000000000000000000000001000000000000010000000000000000000000000
000100000000000000000000000000000000000000000000100000010000000000000010
000000000000010000000000000000000000000100000010000000000000000100000000
000000000000000000000001000000100000001000000000000000000000000100000000
000100000000010000000000000000000000000000001000000000000000000100000000
000000000000000000100000000000010000100000000000000000000000000000100000
000000000000000010000000000000000000000000100000000000010000000000010000
000000100000000000000010000110000000000000000000000000000000000000000000
000011000000001000000000000000000000000000000000000000010000000000000000
001000000000000000100001000000010000000000000000000000000000000000000000
000000000100000001000000000000000100000000000100000000000000000000000000
001010000000000000000010000000000000000000000000100000000000000000000000
010000000010000000000000000000000100000000000000000000000010000000000000
000000000000000000000010000000000000000000010000000100000001000000000000
000000000110000000100000000000000000000000000001000000000000000000000000
000000000000001100000000000000000000000000000000000000000100000010000000
000000001010000000000000000100000000000010000000000000000000000000000000
000000001000000010010000000000000000000000000000010000000000000000000000
000100000000000010000000000000010000000000000000000000000000010000000000
000000000000000000000110000000000000000000000000000000000000100000000100
000000101000000000000000000000000010000000000000000100000000000000000000
001000000000000100000100000000000000001000000000000000000000000000000000
000000000000000000000000000000000110001000000000000000000000000000010000
000000000010000000001000000000000000000000000000000000010000000010000000
000000000000000000000000000000000000100000000000000000100000000000110000
000000000000100000000000010000000000000001000000000000000000000000000100
000100000001000000000000000000001000000000000000000000000010000000000000
000000000000000000000000000000000000000100000010000100000000000000100000
000000000000000000000000100010000000000000010000000000000000000000100000
000000010000001000000000000000100010000000000000000000000000000000000000
000000000000000000000000000000100000000010000000000000000000001001000000
001000000000100000001000000000000000000000000000000000000000001000000000
001000000000000000000000000000000000010010100000000000000000000000000000
000101000000100000000000000100000000000000000000000000000000000000000000
000000001100000000000000000000000001000000000100000000000000000000000000
000000000000000000001001000001000001000000000000000000000000000000000000
000000000100000000000000000000010000000100000000000000000000000001000000
000001000000000000000000000000000000100000000000100100000000000000000000
000000010000000000000000000000000010000000000000100000000000000000010000
000000000000000001000000000000010001000000000000000001000000000000000000
000000000000000000000000001000000000000000000000000000110000000000000100
001001000000100000000000000000000000000000000000001000000000000000000000
000000000001100000100000000000100000000000000000000000000000000000000000
000010000000000000000000000000000000100000000000000010100000000000000000
000000000000000000000000000000010001010000000000000000000000000100000000
000000000000000001000000000000001000000100000000000000000000010000000000
000100000000000000000001000000000001000000000010000000000000000000000000
000000000100000000000000000000000001000000000000000000000000000000010001
000000000010000000000001000000000000000000000000000000000000000001000100
000000000000000000000101000000000000000000000001000000000000001000000000
000000000000000010010000000001000000010000000000000000000000000000000000
000001000000000000000000001000000000000000000010000000010000000000000000
000000000010000100000000000000000000000000000001000000000001000000000000
000000000000000000000100100000000000000000001000000000000000000000100000
000000000000001000000000000000010100000000000000000000000010000000000000
000000000000000010000000000000100000000000000000000000000010000000000100
010000000000000100000000100000000000000000000000000000000000000010000000
000000000000100000000000010000000000000000000000001000000000000001000000
010000000000000010000010000000001000000000000000000000000000000000000000
000000000100000000000001000000000000000000000000000000000010000000000010
000000000000000000000001000000000010000000000000010000000000000000000100
000000010000000001000000000000000100000000010000000000000000000000000000
000000000000101000000000000010000000000000000000000000000000000000001000
000000000000000110000000000001000000000000000000000000000000100000000000
000000100000000001000000000000000000000000000000000000010000000100000000
000000000000000010000000000000000000100010000000000000000000000000000100
100000000000010000000000000000000000000000000000000001010000000000000000
000010001000000100000000000000000000000000000000000010000000000000000000
000001000000010000000000000000000001000000001000000000000000000000000000
000000000000000000000000000000000000000001000000000001000100000100000000
001000000000000000010000000000000010000000000000000000000000000000001000
001000000000000000000000000000000000000100100000000000001000000000000000
000000000000010000000010000000000000000010000001000000000000000000000000
101000000000000000000000100000000000000000010000000000000000000000000000
000000000000000000000000001000000000000000000000100000001000010000000000
000000000001000010000000000000000000000000000000000000000000000000000011
000000000010000000000000000010000000000000000000100000000000000000100000
100000000000000000000000000100000000000000000000000000001000000000000001
010000000000000000000000010000001000000000000010000000000000000000000000
000000000000000001000000000001000000000000000000000100100000000000000000
000000000001000000000000000000000000100000110000000000000000000000000000
000000000010000000000000000000000000000000000000001000000000010000000001
000000000000010000010000000000000000001100000000000000000000000000000000
000000000000000000000000000000000000000100010000010001000000000000000000
000000000000000000000000000001000000000000100000000000000010100000000000
000010000000000000000000000010000000000000000000000000000000100000000100
000000000000001000100000000000100000000000000000000000000000000100000000
000000000000001000000000010000000100000000000000001000000000000000000000
000010000000000000000000000000000000000000000000000000110100000000000000
000000000000000000000000001000100000000000000010000000000000010000000000
000000000000000000000000000000000000000000001010001000000000000010000000
000000000000000000000000100000000000010000000000000000000000100001000000
000000000000000000000010000000000000000001000000000000010000000000000100
100000000000000000000000000000000000100001000000000000000000100000000000
000001001000000000000000000000100000000000000000000000000000010000000000
000000000000000000001000000001000000000000000000001000100000000000000000
000000000000000010000000000000100000000010000000000100000000000000000000
000000000000000001001000000000000000000000000000000000100010000000000000
000000110000000000000000000000000000000000010000001000000000000000000000
000000000000000000000000000010000101000000000000100000000000000000000000
000001000000000000000000000000000000000000000001000100000000010000000000
001000000000000000000100010000000010000000000000000000000000000000000000
000000000000000100000000100000010000100000000000000000000000000000000000
000000000000000000000010001000000000000010000100000000000000000000000000
000001000000000000000000000000000000000010000010000000000000000000000001
000001000000000000000000000000000000010000010000000000000000000100000000
010000000000000000000000000000000000000000000000000000000110000000000010
000000000000000000000000001000001000000000000000000000010000010000000000
000010000000000000000000000000000000000000000000000010000000010000000100
000010000000000010000000000000010000000000000000000000000000000000000100
000000000000000000000110000000000000000000010000000000000000000010000000
000000000000000000010100000000101000000000000000000000000000000000000000
000000000000000010000000000000000000001000000000000100000000100000000000
000000000100000000000000100000000000000000001000000100000000000000000000
000000010000010000000000010001000000000000000000000000000000000000000000
000000000000001000000000000000000000010000000100000000000000000000100000
000001000000000000000100000000000000000000000000000010000000000010000000
000000100000000000000000000000000000000000000000000111000000000000000000
000000000010000000000000101000010000000000000000000000000000000000000000
010000000000000000000000000000000000000000000000000000000010100010000000
110000000000000000000000100000000100000000000000000000000000000000000000
000000000000000000000000000000000000000000000000110000001000100000000000
000000000001000000000000000000000010000000000000000000100000000000000010
000000000000000001000010000000000000000000000000000001000001000000000000
000000000000000000100000010100000000000010000000000000000000000000000000
000000010000100010100000000000000000000000000000000000000000000000000000
000000000000000000100000000000000000001000000000000000000000000100010000
000000000000000000000000000000100000000000000000000000010000000000010001
100000000000000000000000000000100000000010000000000000000000010000000000
000000000000000000000000000000000000100100000000000001000000100000000000
001000000000000010000000000001000000000000000000000100000000000000000000
000000000000000000000100001100000000000000000000000010000000000000000000
110000000000000000001000000000000000001000000000000000000000000000000000
000000010000110000000000000000000000000000000000010000000000000000000000
000100000000010001000000000100000000000000000000000000000000000000000000
000010000000000000000000000000100000100000000000100000000000000000000000
000000000000000010000010000000000000000010000000000000010000000000000000
000000010000000000000000000000000000000000010000000010000000000100000000
000000010000000000000000000000000010000000000000000100001000000000000000
000000000000000100000000000000011000000000000010000000000000000000000000
000000001000000000000000000000000000000000101000000000000000000000000010
000100000000000000000000000000000000000000001000010000000001000000000000
100000001000000000010000000000000000000000001000000000000000000000000000
100000000000000000000000000000000010000000000000000000010000000000100000
000000000000000000100010000000000001000000100000000000000000000000000000
000000000000010000011000000000010000000000000000000000000000000000000000
000000000000001000000000000000000000010000000001100000000000000000000000
000000000000000000010000000100000000000000100000000000000000000001000000
000000110000000000000000001000000010000000000000000000000000000000000000
000000000000000000000000000000100000000010000100001000000000000000000000
000000000000000001000001000000000000000000000000000000000000100000010000
000000000000100000000000010010000000000000000000000000000000000010000000
000000001000100000000000000000000000010000000100000000000000000000000000
000000000000000000000000000000100000000000001001000000000000000000000001
000000000010000001010000000000000000000000000000000010000000000000000000
000000000001000000000000000000000000000000000100000000000100000000000100
000000000000000000000000000000000000100000000000000000000000000110001000
000000000000000000100100000010100000000000000000000000000000000000000000
010000000000000000000000000100000000000000000000001000100000000000000000
000000000000000010000000100000000000010000000000000000010000000000000000
000000000000001001000000001000000000000000010000000000000000000000000000
000000000000001000000000000000000000000000000000010000001000000000000100
000000000000000000000010000000100000000000000000000000000010000000000001
000000000000000000000000000001000010000000000000001000000000010000000000
000000000000000000000001100000000000000000001000000010000000000000000000
000000000000000000000010000000101000000000000000000000000000000000010000
000000000101000000000000000000000000000000001000000000001000000000000000
000010000000100000000000000000000000000000000000001000000000001000000000
010000000000000001000000001000000000000000000000000000010000000000000000
010000000000000000000000000000000001000000000000000100000100000000000000
000000000000000000010000000001010000000000000000000000000000000001000000
100001000000000000000000000000000000000000000000000001000000100000000000
000000000100000000000000000011000000000000000000000000000000000000001000
000000000000000000000001000000101000000000000000000000000000000000010000
000000010000000000000000010000000000000000000000010000010000000000000000
000000000001000000000000000000000000000000000010000100000000000000000001
000000000010000000000000000001000000000000000000000010100000000000000000
000000000100000000000000000000000100000001000000000000000000000000001000
000000000000100000001000000000000000000000100000000000000000000000100000
000100000000000000000000010000000000000000000000000000000000000001001000
000000000000000000000000000000001000000001001000000000000000000001000000
000000010000000000000000000000000000000000000000000000001000000001000001
000010000000100000000000000000000000000000000000000010000000000100000000
000000000100010000000000000000000000000000001000000100000000000000000000
000000100000000000000000001000000000010000100000000000000000000000000000
000001000000000000010000100000000100000000000000000000000000000000000000
010000000000000000000000000000000000000000000000000000000001000000000110
000000100000000000000000000000000000000000100000000000001000000000001000
000000100000001000000000000010000000000000001000000000000000000000000000
000000000001010000000000000010000000000000000000000000001000000000000000
000000000000010000000000000000000000010001000000010000000000000000000000
000000000000000010000000000001000000001000000000000000000000000000000001
000000000000010000000000000000000000000000000000000000000001001000000010
000000000010000000000000000000000000000010000011000000000000000000000000
000000000000000010000000000000000000000000000010000001000000000000000100
000000010000000000000000000000000101000000000000000000000000000000010000
000000010001000000000000000010000000000000000000000000000000001000000000
000010000000000000000000000000000000000000000000000000000000000010000110
000000000001000000000100010000000000000000000001000000000000000000000000
000000000000000000000000000000000010000000000000001000000000100000010000
000000000010000000010000000000000000000000100000000010000000000000000000
010000000000000010000000100000000100000000000000000000000000000000000000
000000000000000000000000000000000010000010000000000000000000000000100001
000000000010000000000000000000000001000000000000000000000001000010000000
000000100000000000000000000000000000000000000000000000000101000000000001
000000000000000000000001000000001000000010000000000001000000000000000000
000000000000000000000010000000000000000000001000000000001000001000000000
000001000000000000000010000000000000000000000010000000000000000000100000
000000000100000000000000000000000001000000000001000000000000010000000000
000000000001000000000000110000010000000000000000000000000000000000000000
000000000000000000000000000000000000000010001000000000000000000000001100
000100000000010000000000000000000000000000000000000000000001000000000100
000000000010000000000000110000000000000000000000000000000100000000000000
000000000010000000000000010000000000000100000000000000000000001000000000
000000000000001000000100000000000000000000000000000000000100000100000000
000000000000000000000100000000000001000000000010000000000001000000000000
000000100000000000000000000000000000000000000100000000001000000000000100
000000010000000000000000100001000000000000000000000000000000000100000000
000000000000000000000000000000000000000000001000001001000000000000000100
000000000000000000000000000000001000000000100000000000001000000000010000
000000000000000100000000000000000000000000001001000000000000000000000010
000100000000000000001000000001000000000000000000000000100000000000000000
000000000000000000001000100010000000000000000000000000000000000000000001
000000000000000000000000001000001000010000000000000000000000000000000010
000000000000000000000000000000000100000001000000000010000001000000000000
000000000000000000001000000010000100000000000000000100000000000000000000
000000000000000000000000000000001000000000000000000110000000100000000000
000000000000100000010000000000000010000000000000000000000001000000000000
000001000000000000000000000000000000000000000000000010010000000000001000
000100000000000000000000100010000000000000000000000000000100000000000000
000000000001000000000000000000100000000000000000000000000010001000000000
001000000000000000001000100000000000000010000000000000000000000000000000
001000000000000000000000000000000000100000000100000010000000000000000000
000000000000000000000000000000000100000010000000000000000000100000000001
010000000000000000000100000000000001000000000000000000000010000000000000
000000000000000000001001000001000000001000000000000000000000000000000000
000001000000001000000000000000000010000000001000000000000000000000000000
000000000000100000000000000100000000000000000000000000000000000100001000
000000000001000000010000000010000000000000000000000000001000000000000000
000000000000000000000000000010000000010000000000010000000000010000000000
000010000000000000000001000000000000010000000001000000000000000000000000
000000000010000010000000000000000000100000000000000000000100000000000000
000000010000000000000000000000000000000001000000001000001000000000000000
000000000000000000000000100000000000000000000001000000000000001000000001
000000001000110000000000000000000000000000000000000001000000000000000000
000001000000000010010000000000000000000000000000000001000000000000000000
000000000000000001000000000000000000000000000010100000000100000000000000
000000001000000000000000000000000000010010000000000000000000000000000010
000001000000000000000000000001000000000000000001010000000000000000000000
000000000000001000000000000000000000000000001000000000000100000000000001
000000000000000000100000100000000000000000000000000000000000010001000000
000000000000010000000000100000100000000000000000100000000000000000000000
000000000001000010000000000100000000000000000000000000000100000000000000
000000010000000000000000000000000000000000100000100000000000010000000000
000000000000000000000000101000000000000000100000000100000000000000000000
001000000000000000010000000000001000000000000000000000000000000000001000
000000000000000000000000000000001000000000000000000000000000100100000010
000000000000001000000000000001000000000100000000000000001000000000000000
000000000000000000000000000000000100000000000000000100000000010000010000
100000000000000100000010000000000000000000000000000000000000010000000000
000000000100000001000000000000001000000000000000000000100000000000000000
001100000000000000000000000000000000000100000000001000000000000000000000
000000000000000000000100000001010000000000000000000000000000000010000000
000000000000001000001000000000000000000000000001000000000000000000100000
000000000000000000000100000100000000000000000100000001000000000000000000
000000000000000001000000000000000000000001000010000000000000000010000000
000000000000010000000000000000000000000000000001000100000000000000000010
000100000000000100000000000000000000000000000000000000000000001000100000
000000000000000000000000000000000000010100000000000001000000000000001000
001000000000010000000000000000000000000000110000000000000000000000000000
000000000000000000000000000000000000000000000000000010110000010000000000
000001000000000010000010000001000000000000000000000000000000000000000000
000000000010000001000000000010000000000000001000000000000000000000000000
000000000000000010000000000000000000000100100000000000000000000100000000
000000000000000000000000000000000000000000000000010000000001001000001000
000000000000000000000000000100000000001000000000000000000000100000001000
000000000000000001000000000001000001000000010000000000000000000000000000
000000000010000000000000000000000000000000000000000000100000001000000100
000000000000000000001000000000000000000000000000000000010110000000000000
000000000000000100000000000000000000000000000000000100000010000000000001
000000000110000000000001000000000000000000001000000000000000000000000000
100000000000000000000000000000001100000000000000000000000000000000000010
100000000000000000000000000000010000000000000000000001100000000000000000
000000000000000000100001000000000000000000000000000100001000000000000000
000000100000000000000000100100000000000000000000000000000000000000001000
000000000000000001010001000000000000000000000000000000000000000000001000
000100000000000000000000000000000000000000000000100010000000000100000000
000000000000001000000000000000010010000000000000000100000000000000000000
000010000000000000000000001000000000000000000000000100000000010000000000
000000010000000000001000000000000000000000000000000000000000000100000100
010010000000000000000000000000000000101000000000000000000000000000000000
000000000000000000000000100001000000000010000000000100000000000000000000
000000000000000100001000100000000000000000000000000000000000000100000000
000000001000000000000000000010001000000000000000000000000000000000100000
000000001000100000000000000000000000000000010000000000000010000000000000
000000100001000010000000010000000000000000000000000000000000000000000000
000100000001000000000000000000000000010001000000000000000000000000000000
001000001000100000000000000000000000000000000000000000010000000000000000
000000000000000000000010001000000010000000100000000000000000000000000000
000000000010000000000000000000000000000000000010000000000100000100000000
000001000000000010000000000001000000000000000010000000000000000000000000
000000001000000000000000100000000000001000000000000000100000000000000000
000000000000000010000000000001000000010000000000000000000000010000000000
000000100010000000000100000001000000000000000000000000000000000000000000
000001001000100000000000000000000000000000001000000000000000000000000000
000000000000000000000100000000000000000010010000000000000000000000000001
000000000000000000000000000100000000000000000000000000001000100000000100
000000000000000000010000100000001000000000100000000000000000000000000000
000000100000000000000010000000000000000000000100010000000000000000000000
000100000000000000000000000100000000000000000000000001000000000000001000
000000000000000000010000000000000000000000110000100000000000000000000000
000000000000000000000010000000000000000000000100000000011000000000000000
000100000100100000000000000000000001000000000000000000000000000000000000
000100000000101000000000000000000000000000000000000000000000000000000010
000000010000000000000000000010001000000001000000000000000000000000000000
000000000000000010000000010000000000000000000000000000000000100000001000
000000000000000000000000000100000000001000000000010000000000000000000001
000000000010000000000000000000100000000000000000010000000000000000010000
000000000000000000010000000000000000000000101000000000000000100000000000
000000010000000000000000000000000000000000100000000000010000100000000000
000100000000000000001000000000001000000000000000000010000000000000000000
000000000000001000100000000000000000100000001000000000000000000000000000
000000000000000000000000000000000000000000001100100000000000000000000001
000000000000000000000000000000000000000000100000000000001010100000000000
100000000001000000010000000000000000000000000001000000000000000000000000
000000000000000000000000000000000000000000000000000000100000000001010010
000101000000000000000000000000000000000000000000010000000000000000000010
000000000100000000000000000000100000000000000001001000000000000000000000
000000000000000000000100000000000000000010000010000000100000000000000000
000010000000000000000000000000000000000000000000001000000000000100000100
000000000000000100000000000000000000000000000000000001101000000000000000
000000000000000100000000000000000000000000000000001001010000000000000000
000000000000000000000000011000000010000000000000000000000000000000001000
000000100000000000000100000000000000010000000000000000000010000000000000
000000010000000000000000000000000000000000000001000100100000000000000000
000000010000000000000000000000000000100000000000000000000000000000101000
000000000010010000000100000000000000000000000000000000000000100000000000
100000000000100000000000000010000000000000000000000000000000000100000000
000100000100000000000000000000000000000010010000000000000000000000000000
000000000000000000000001001000000000000000000000000001000000100000000000
000000000000000000000000000000000000010000000000000000000001001000000001
100000000000000000100000000000000000000000000010000000000000000000100000
000000000000000000100000000000000000000000000000000100001000001000000000
000000000000000000000000000000000000000000000001000010100000001000000000
000000000000000000000000000000010000100000000000000000100000000000100000
000010000000010000000000000000010000000000000000000000000000000010000000
000100000000000000000000000000000001000000000000100001000000000000000000
000000000000000000000000010000000000000100000100000001000000000000000000
001000000100000010000000000000000001000000000000000000000000000000000000
000000000000000000000010000000000000000000100000000100000000000000000001
010001000000000000000000000000000000000000000010000000000000100000000000
000100000000000000000000000110000000000010000000000000000000000000000000
000000000000010000001000000000000000000000000000000000000000001000000010
000000000000010000000000000000000110000000010000000000000000000000000000
000000000000000010000010000000000000000000000000000000100000000010000000
000000000010000000000000000100011000000000000000000000000000000000000000
000000000000000000000100000000000000000000000000100000010000000000000010
010100010000000000000000000000000000000000000000000000000000000000000100
000001000000000000000000100000000000000100000000000000000000000000001000
001001000000000000000000000000000000000000000000000100000000000010000000
000010000001000000000000000100000000000000000000000000000000000010000000
000000000000000000000000010000000000000001000000000000000000100000010000
000000000001000000000100000000000000000000010000000000000000000000000100
000000000000000000000000001000000100000000100000000000000000000000100000
100000000000000000000000000000000000000000101000000000000000000010000000
000000000000000000000000000000000000000001000000010001000100000000000000
000000000000000000000000100100000000000010000000000000000000000000010000
000000000000000000100100000000000000010000000000000000000000000000001000
000000000000000000000000000000000000000000000000010000000010000100000001
000000000000100010000000000000000000000000000000000000001001000000000000
000000000000000000000000000000000000000000010000010000010001000000000000
000000000000000000101000000000000000000000000000000001000000000001000000
000000000000000000100000000000000000001000000000000100000000000100000000
000000000000000000000000000100000000000010000000000010000000000001000000
000000000000000000000000000010000000010000000000000001000000000000010000
000000000000000010000000000000000010000000100000000000000000000000000100
001000000000000000000000000000000000000000010000000000000010000001000000
000000000000000000101010000000000000000000001000000000000000000000000000
100000000000000000000000000100000000000000000001000001000000000000000000
000000001100010000000000000000000000000000001000000000000000000000000000
000000000000000000000001010000000100000000000000000000000000000010000000
000000000000000000000000000000100010000000000000100000000000000000001000
000000000000000000000000000000000000100000000000000000000001000000001100
100000000000000000000000000000100000001000000000000000000000000100000000
000000000000000000000010000000000000001000000000000000000000010000000010
000000000000000000000000000000001000000000000001000000000100000000000100
000000000000000100000100000000000000010000000000000000000000001000000000
000000100000000000001000001000000000001000000000000000000000000000000000
000000000001000001000000000000000000000000000000010000000000100000000000
000000000000100000000000000000010000000000010000000000001000000000000000
000000000000000000000000000000000000100110000000000000000000000000000100
000000000000000100000000001000000000001000000000000001000000000000000000
000000010000000001000000000000000000000000000000001010000000000000000000
000000100000000000001000000000000000000000000000000000000000000010100000
000000100000000100010000000000000000000000000000000000001000000000000000
000001000000100010000000000001000000000000000000000000000000000000000000
000000010000000000000000000010000000000000000001000000000000000001000000
000000000000000000000000000000100000000000100001100000000000000000000000
000000010000010000000000000010001000000000000000000000000000000000000000
000000000000000000000001000000010000010000000100000000000000000000000000
000000000000000000001000000000110000000000000000000000000001000000000000
100010000000010000000000000000000000010000000000000000000000000000000000
000000000000000000000010000000010000000000000000010000001000000000000000
000010001000000000000000000000000000000000000000000010000000000000000001
010000000000000000000000011000000000000000000000001000000000000000000000
000000000000000000010000000000000000000001000000000000000100001000000000
000000000000000000110000000010000000000000000000000100000000000000000000
000000000000000000000000100000000000000100000000000001000000010000000000
000000000000000000000000000000010000000000010000000001000000000000001000
000000001000000000000000000000000000000101000000000000000000000100000000
000000000000001000000000000000000000000000000010000000010000000000000001
010000000000000000000100000000000010000000000100000000000000000000000000
000000000000001000000000000000000000000000000001000000000001000010000000
000000000000000001000000000000000000001000000010010000000000000000000000
000000000000000000000000000000000100000000000010000000000100000001000000
100000000000000000010000000000000000000001000000000000000000000001000000
000000000000000000000000000000000000000000000100100000010000010000000000
000000000000000000001000000000000100000000000000001001000000000000000000
000000000000000000000100000000000000000000000010000001000000000100000000
000000000000001000000000000000000000000000000000000000010000000001010000
000000100001000000000000000000000000000000000100000000010000000000000000
000000000000000000000000000000100000000000000000000000000000010000010010
000000000000010000001000000000010000000000000000000000000000000010000000
000000000000010000000000000100000000000000000000001000000000100000000000
000000000000100000010000000000000000000000000000000000000000000000001100
000000000001000000000000001001000000000000000000000100000000000000000000
000000000000000000000000000000000000100100000010000000000000000000000010
000000000000000001000000000000000000000101000000000001000000000000000000
000000000000000011000010000000000000000000000000000000000000001000000000
000000000000000000000000000000000010000000000000001000000010000000001000
000000000000000000000000000000000000010000000001000000000100000000001000
000010000000000100000000000000001100000000000000000000000000000000000000
000000000000000000000000000000000000000000000000100000000000110000010000
000000000100000010000000000000000010000000001000000000000000000000000000
000010000000000000001100000000000000000000000001000000000000000000000000
000000000000010000000000000000000000000000000100000000000001100000000000
000000000000000000000000000000000000000000000000000000000010000000111000
000000000000000000001000100000000000000000000000000000000000000000011000
010000000000000000000000000100000000001000000000000100000000000000000000
000000000000000000000000000000000000000000010000000010010000000000001000
000000000000000000000000000000010000000001000000000000010000100000000000
000000000000000000000000000010000000000000000000000000010101000000000000
000000000100000000000000000000000000000000100000000000000010000100000000
000000000010000000000000100000100000000000000000100000000000000000000000
100000000000000000000000000000001000000000000000000000000000000000011000
000100000100000000000000001000000000000010000000000000000000000000000000
000000001000000000000000000001000000000000000000010000000000000010000000
000000000001000000000000000000000000000000100000100010000000000000000000
000000010000000000000001000000000100000010000000000000000000000000000000
000000000000000000000000000000000000001000000000010000010000000001000000
000000000000000000000000010000000000010000100000010000000000000000000000
000000000000000000000010000000000000000001100001000000000000000000000000
000000000001000000000000000000000000000000000100000000000000000001010000
000000000000001000000000000000000000000100000000000000010100000000000000
000010000000000000000000000000000000000000100100000000000000000000001000
101000000000000000000000000000000000010000000000000000000000100000000000
000000000000000000000000001000000000100000000000000000000100010000000000
000100010000000000000000000000000000000000000000000000100001000000000000
000100100000000000000000000000000000000000000101000000000000000000000000
000000100010000000000000000000000000000100000000000000100000000000000000
010000000000010100000000000000000000000000000000001000000000000000000000
000001000000000000000000010010000000000000000000000001000000000000000000
000000000000001000010000000000000001000000000000000000000010000000000000
000000000001000000000100000000000000000000000001000000000010000000000000
000000000000000000001010000001000000000000000000000000000000000000000010
000100000000000000100000000000000000001000000000000000000000000000000001
000000000000010000000000000000000000010100000000000000010000000000000000
010000000000000000000100000000000000000000000010000000000000000100000000
000001001000000000001000000000000000000000000000000000000000000100000000
100000001000000000000010000000000000000000000000000000000000000000000100
000000000000000000000000000000000000001100000000000000000001000100000000
000000000000000000000001000000100000000000000110000000000000000000000000
000000000010000000000000000100000000001000000000000000000000100000000000
100000000000000000000000000000000000000000000001001000000001000000000000
010000000000000000000000100000000000000000001000000000000000000000000010
000100000000000010000000000000001000000000000000010000000000000000000000
000000000000000000000000000000000000001000000100000010000000000000010000
000000001000000000000100000000000010000000000000000000000000100000000000
000000000000000000000001000000000000110000000000000000000000000010000000
000000000000000001000000000000001000000000000100000000010000000000000000
000000000000010000000000000000000000010000001000000000000000100000000000
000000000000000001000011000000000000000000000000000010000000000000000000
000000000000001000100000000000000000000010000010000000000000000000000000
000000000000010000000100000000000000000000000000000000000000001000001000
000000000000000000000010000000000100000001000000000000000100000000000000
000000000000000100000000000000100000000000000000010000000000000001000000
000000000000000010000000000100000000000000100000000001000000000000000000
000000000100000000000000000000000000000000000000000000000000000101010000
000001100000000000000000000000000100000010000000000000000000000000000000
000000000000000000000010000000000000010000000000100000000000000010000000
000000000000000000000000000000000000000000000000000001000100110000000000
000000000000000000110000000000000000000000000100000010000000000000000000
000010000000000000000000001001000010000000000000000000000000000000000000
000000001000000000100100000000000000000000000000000000000100000000000000
000000000000000000000000000000010000000000000000000000000000100100000100
000010000000000000000000000000000001000000000000000100000000000000000001
000000000000000000000000000000000000001000000000010000100000010000000000
010000000001000000000000000000000000000100000000100000000000000000000000
000000000001000000000000000000000000000001000000000000000000000110000000
000000000000000000000000000100000000000000000000000000010000000000110000
000000000000000100000000000000001000000000000000000000000000000000110000
000000000010001000000000000000000000000010000000000000001000000000000000
000000000000000010010001000000000000000000000000000000010000000000000000
000000000000000010000010000001000000000000100000000000000000000000000000
000001000000000000000000000000000000000000000001000000000000000001000010
010010000000000000000000000000000000000100000010000000000000000000000000
000000000000000000000000000000010000000100000000000000000000001000000010
000000000000000000000000000010100100000000000010000000000000000000000000
000000000010000000000000000000000000000000000001000000000000000010000001
000100000000000000000000100100000000000000000000000000000000000001000000
000000000000000000001000000000000000000000000000000000000000000010001001
000000000000000000000000000000010000000000000100001000000000100000000000
000000000000011000001000000000000000000000100000000000000000000000000000
000000000000000010000000000000010000000000000100000010000000000000000000
000100000000000000000000000001000100000000000000000000000000010000000000
001000000000000000000010000000000000000000000000000000001000000000000100
100000000000000100000000000000000000000100000000000000000000000000000001
000000001000000100100000000000000000000000000000000000000000000100000000
000000100000000000000101000000000000000000000000000000000000000000000010
010000000000000000000000000000000010000000000000000000100000010000000000
000100000100000000000000000000100000000000000000000000000000000010000000
000000010000000000010000000000000000000000100000000000010000000000000000
000000000000000000000000000010000000110001000000000000000000000000000000
000000100000000000000000000000000000000100010000000000000000000000010000
000000000000000100000000010000000000000000000000000000000001000000000010
000000000000000000000000000000000000000100000000000100100000000000000001
000000000000000000000000010010000000000000000000000001000000100000000000
010000000000000000000000011000000000000000001000000000000000000000000000
000000000000000000000000000000000001000010000000000000101000000000000000
010000000000001000010000000000000000000001000000000000000000000000000000
000000000000110000000000000000000010000001000000000000000000000000000000
000010000000000000000000010000000000000000000000000000001010000000000000
000100000000000000000000000000000000000000000000000000000011100000000000
000000000000100000000000000000011000000000000000000000000000000000000001
000000000000000001000000000000000010000000011000000000000000000000000000
000010000000000000000000000001000010000000000000000000000000000000000010
000000000000000000000000000000100000000001000000000100000000000000010000
000000000000100000000000000000000000000010001000000000000000000000000100
000000000000001000000000100000000000000000010000000000000000010000000000
000000000000010000001000000000000000000000000001000000100000000000000000
000000000001000000000010100000001000000000000000000000000000000000000000
000100000000000000000000000000000000000000100000000000110000000000000000
000000000000000000100100001000000000000000000000000000000100000000000000
000000000000000000000000000000000000000000000000100010010100000000000000
000000000000000000000100000000000000000000000000000000000000110010000000
000100000000000001000000000000000000000000000000000000100000000000100000
000000000000000000000000000000001000000001000000000000000000000010100000
000000000000000000000000000000000000000000000000010000001100100000000000
000000010000000000000000001000000001000000000000000000000000000001000000
000000000000000000000000000001000100000000000000000000100000010000000000
001000000000000000000000000000001000000000100000000000000000000000001000
000000000000100000000000010000000000000000000000001000100000000000000000
000000000000010000000000000000000000000000000000000100000000001000000001
000001100000000000000000000001000000000000000000000000001000000000000000
000000000000000000100000000000000001000001000000000000000000010000000000
000000001000000000000001000000000000000010000000000000000001000000000000
000000000000000000000000100000000000001000000000000001000000000000000010
000000000000000000000000000000100100000010000000000000000000000000010000
000000000000000000001000000000000000000010010000000000001000000000000000
000000000001000000000000000000100000001000000000010000000000000000000000
000100000000000000000000000000000000011000000000000000000000001000000000
000000000000000000000000000000000000010000001100000001000000000000000000
001000000000001100000000000000000000100000000000000000000000000000000000
000000000000000000000000000000010000000100000000000000100000000001000000
000010100000000000000000000000000000000000000000000000000000010010000000
001000000000000000000000000000000010000000000001000000000000000000001000
000010000100000000000000000010000000100000000000000000000000000000000000
000000001000000010000010000000000000000000000000010000000000000000000000
000000000000000100000000000001000000001000000000000000000000000010000000
000000010000000010000000000000010000000000000000000000000000000010000000
000000000010100000000000000000000000000000000000001000000000000001000000
000000000000000000001001000000010000000000000000000000000000000010000000
000001011000001000000000000000000000000000000000000000000000000000000000
000000000000000001000000000000000100000000001000000000000000000000000001
000000000000000000000000000000000000001000000000000001000000010000000001
100000000000100000000000000000010000000000000000000000000000000000000100
100010000000000000000001000000000000000000000000000000000001000000000000
000000000000001000001000010000000000000000000000000000000000010000000000
000000000001000000000000100000000000000001000000000000000001000000000000
000000001000000000100000000001000100000000000000000000000000000000000000
000000000100000000000000000000000000000000000000000001000000000000000011
001000000000000000001000000000000000100000000000001000000000000000000000
000000000000000000000000000000000000001000100000000000000100000000010000
001000000000000000010000000001000000001000000000000000000000000000000000
000000000000000000010000000000000000010000000010000000000000000000100000
000000000000000100000000000010000001001000000000000000000000000000000000
100000000000000000100000000000001001000000000000000000000000000000000000
000000000000000000010100000000000000000000000000000000001000010000000000
010000000000000000000000000000000000000010000000100000000000000100000000
100000000000000000000000000000000000000000000000000000000101000000000010
000000000000000000000000000000001010100000000000000000000000000000000001
000000000000000010000000100000000000000010000010000000000000000000000000
000000000000000010000000010000000000000000000000000000000010000010000000
000010100000000100000000000000010000000000000000000000000000000000000000
000000000000000000000000000000010000000010000000000010000000100000000000
000000100000000000000000000000000000000001010000000000000000000000010000
000000000000100000000000000100000000000000000000000000000000000100010000
000000000000000000000000000100000000000000100000000000001000001000000000
000100000000000000010000000000000000000000000000000000110000000000000000
000010100000001000000010000000000000000000000000000000000000000000000000
000000000000000000000000000010100000000000000000000100000000001000000000
000000000000000011000000000000000001000000000000001000000000000000000000
000000000010000000000000000000000000000000001001000100000000000000000000
000000000011000000000000000000010000000000000000001000000000000000000000
000000000000000000000101000000000000000100000000000000000000100000000000
000000000000000000100000000000000000000000000000000000000100000011000000
000000000000000000000000000000001101000000010000000000000000000000000000
000000000000000000000001000000000001000100000000000001000000000000000000
000000000000000001000000000000000000000100000000000001000000100000000000
001000010000000000000000000000000000000000001000000100000000000000000000
000000000000000000100000010000000000001010000000000000000000000000000000
000000000000000000001000000100000000000000000000000000110000000000000000
100000010001000000000000000000000000000000000000000000000000000000001000
000000000000000001000000000000100000000000000001000000000000000000100000
000001001100000000000000000000000000000000000000000100000000000000000000
010000001000000000000001000000000000000000000000000000000000000000000100
000000000000001000000000001000000000010000000000000000000000000001000000
000000000000001000000000000010000000000100000000000000000010000000000000
000000000000000000000010000000100000100000000000000000100000000000000000
000000001000000010000001000000000000000000000000000000000000000010000000
000000001100000000000010000000000000000000000000000010000000000000000000
000000000100000000000100000000000000000000000000001000000000000100000000
000000000000000000100000000000000001000000000001000000000000000000001000
000000000000000000001000000001011000000000000000000000000000000000000000
010000100000000000000100000000000000000000000000000000000000000000000010
000100000000001000010000001000000000000000000000000000000000000000000000
000001000000000000000000000000000000000100000000000000000000010000100000
101000000000000000000000000001000000000000000000000000000000000010000000
000010000000001000000000000000000100000000000000000000100000000000000000
000000000000000000000000001000000000000001000000000000000000001000000100
000000000000000000000000001000000000000100000000000000000001000000001000
000000000000000000000100000000000000000000000000000001000000000000101000
000000000000000010000000000000000000100000100000000000000000100000000000
001000000000000000000000000000000000001010000000000001000000000000000000
000000000000000000000000100000000000000010000000000000000100000010000000
000100000000000001000000000000010000000000000000000000000000000001000000
000000010000100000000000000000010010000000000000000000000000000000000000
001000000000000000000000000001000000000000000000000000000001000000001000
000000000001000000000000000000000000001000000000001000001000000000000000
100000000000000000100000000000000000000000100000000000000000000000001000
000000000000100000001000000000000000000000000000000000001000000000000100
000001000000000000000001000000000000000000000010000000000000000010000000
000000000000100000000000000000000000000000100000000000000000001000000010
000000000000000000010000000000000100000000000000010000000000000000100000
000000001000000000000000000000000000000000000000000000000010010001000000
000000000000000000010000010000000000000000000000000000100100000000000000
000000000000000000001000000000100100000000000000000000000000000100000000
000001000000000000000000000000000000100000000001000000000000100000000000
000000000000000000000100001001000000000000000000000000000100000000000000
000010100000000000000000000000001000000000000001000000000000000000000000
110000000000000000100000000000000000000000000100000000000000000000000000
000000000000000000000000100000000010110000000000000000000000000000000000
000000000101000000001000000000000000000000010000000000000000000000000000
000000000001000000000000000000001000000000000010000000000000000000010000
000000000001000001000000000000000000000010000000000000000000010000000000
000000000010000000000000000000000100000000000000000000000000000000010010
000000011000000000000000000000000010000100000000000000000000000000000000
000000000000000000100000001000100000000000010000000000000000000000000000
000000000001010000000000000010000000000000000000000000000000000010000000
000000000000100000000000101000010000000000000000000000000000000000000000
000000000000100100000000000000000000000000100000000000000000000000001000
000000000000000000000010000000000001000000000000000100000000000000000001
010000000010000000000000000000000000000000000000000000000001000000100000
000000000000000000000000000000000000010000000001001000000000000010000000
000000000000000000000000000001001001000000000000000000000000010000000000
000000000000001000000000000001001000000000100000000000000000000000000000
000000000000100000100000100000000000000000000010000000000000000000000000
001000000000000000000000000000000000000000010000000000000000100010000000
000000000000001000100000001000000000000100000000000000000000000000000000
000000100000000000000010000000000000000000000000000001100000000000000000
000010000000000001000000000010000000000000000100000000000000000000000000
001000000000000000000000000000000000000000000001000011000000000000000000
000000000110001000000000000000100000000000000000000000000000000000000000
000000100000000000000000011000000000000000000000000000000000100000000000
000000000000000000100000000010000000000000000000010000000100000000000000
000000000000000000000000000000000000100000000000000000000000001110000000
000000000000000000000000000000000000000000000000010101000000000000000010
000000000000000011000000000000000000000000000100000000000100000000000000
010000000000000000000001000000000000000000000000000010000000000000001000
001001000000000000000000000000000000000001000000000000000000001000000000
000000000000000000000000000000000000000100010000000000000010000000000100
000000000010000010000000000010000000000000000000000000000000000000100000
001000000000000010000000001000000000000000000100000000000000000000000000
010000000000000000000000000000100000000000000000100001000000000000000000
001000000010010000000000000000000000000000000000000000000001000000000000
000000000000000000000000000100000000000000000000000000100001000000000100
000010000000000000000000000000000100001000000000000000000000000000000010
000000000000000000000000000000010000000000100000000000000000001000100000
000000000011000000000001000000000000000000000000000000000010000000000000
000000000000000000000100000000000000000000010000000000100010000000000000
000000000000000000000000000000000010000000000000000000000000001000101000
000100000100000000000000000000000000000000001000000000000000000000000100
000001000000000000000000000000000000100010000000000000001000000000000000
000000000000000000000100000000000000001000000000010000000000000000001000
000001100000000000000000000000001000000000000000000000000000000000000010
000000001000000000000000000000000000000000000100000001000000001000000000
000000000000000000000000000101000100000000100000000000000000000000000000
000000000000000000000000000001000000000000000100000000000000001100000000
000000010000000000000000000000000000000000000000000000100010000001000000
000000000000000000000000000000000010010000000000000000000000110000000000
000000000000100000000000000000010000000001000000000000000000010000000000
000000000000000000000000000000001000001010000000100000000000000000000000
000000000000010000000001100000000000000000000000000000000000000000000001
000000001000000000001000000000000000000000000001000000001000000000000000
010000000000100000000000010000000000000000000000000000100000000000000000
000000000001000000000100000000000000000001000000000000001000000000000000
000000000001000000000000010000000000000000000001000000000000000010000000
000000000010000000000000000001000000000000001000000000000000100000000000
000100000000000000100000000000000000100000000000010000000000000000000000
000001000000001010000000000000000000000000000000000000100000000000000000
000100000000000000000000000000000000001000000000000000001000000000000100
000000000000000100000000000000000000000000100100000000100000000000000000
000000000100000000000000000000000001000000000100000001000000000000000000
000000000000000000001000000000100000000000000000001000000000000100000000
001000000000000000010000000000000001000000000000000001000000000000000000
000000000000000000000000010000100001000000000000000000000010000000000000
000000000000000000000000000000000100001000000100100000000000000000000000
010000000000000100000000000000000000000001000000000000000000010000000000
000000001000100000000000000001000000000000000000000000000000000000010000
000000000000010000001000000000001000000000000000000000000000000000010000
000000000000000000100000000000000000000000000000000000001000000010010000
000000001000000000000010000000100000000000000000010000000000000000000000
000000000000000000000001000000100000000000000001000000001000000000000000
010000000000001000000000000100000000000000000000000100000000000000000000
000000000000000000100000000000000000000000000000000100000000100001000000
000000000000000010000000001000000001000000000000000000000000010000000000
000000000000100001000000000000000000000000000000000000001000000001000000
000000000000100000000000000010000000000000000000000000100000000000000100
000000000010000000000000000000000000000000000010000011000000000000000000
000010100000000000010100000000000000000000000000000000000000000000000000
000000100000000000100000000000000000000010000000000000000100000000000000
000000000000000000000000100000000100000000000000000000000010000000000010
000000000000000100000000000000000000000000001000000000000000100000001000
000001000000000000000000010000000000000000000000000000000000001010000000
000000000000000000000000001000000000000000001010000000000000100000000000
000000000000000000000000000000000000001000100000000000000001000000000010
000000000000000000000100000101000000000000000000000000000000000000100000
000000000000000001000000000010000001000000000000000000000000000100000000
000000000000000000000000000000010000011000000000000000000000000001000000
000001000000000000000000000000000000000000000100000000100000000000001000
000010000000000000100000000000001000000000000001000000000000000000000000
000000000000000001000000010000000000000000000000010000000000000000000100
000000000000000000000000000000000010000000000000000000010010000010000000
000000010000000001000000100000000000000000000000000000000001000000000000
100000000000000000000000000000001000000000000000000000000000000001100000
000000000000100000010000000000000000000000000000000001100000000000000000
000000000000000100001000000010000000000000001000000000000000000000000000
000000000000000000000000001000000000100000000000000000000000001000000100
000100000100000001000000000000000000000000000000000000100000000000000000
000000011000000000000000000000100010000000000000000000000000000000000000
011000000000000000000000000000000000000010000000000000000000000010000000
100000000000000000000010000000000000000000000000000000000000000000000011
000000001000001000000000001000000000000000000000010000000000000000000000
000000000000000000000010000010000001000000000000000000000100000000000000
000000001000000000000000000100000000000001001000000000000000000000000000
001000000000000000000000001000000000000000000000000100000000000000010000
001000000000110000000000000000000000000000000000000000000001000000000000
000000000100001000000000000000000000000000000000000000000000001001000000
000000010000000000000100000000000000000000100000000000000000001000000000
000000000000000000000000110000000000000000000000000000000000010000000100
000000000000100000100000000000001000000000000000000000000000000100000000
000000000000000000000000000000000100000000010000000001000010000000000000
000100000000000000001010000000000000010000000000000000000000000000000000
000000000000000000100000000000000000000100000000000100000000000001000000
000010000000000000000000010000000000000000000010000010000000000000000000
000000000000000000000000000000001000000000000010001001000000000000000000
000000100000100000000000000000000000010000000000000000000000000000000100
000000001000000000000000000000000000010000000000000001000000000000010000
000000000000000000010000000000000000100100000000100000000000000000000000
010000000000000000000000000000000001000000000000000000000100000010000000
000000000000000000000000100000000000000100000000001000000000000010000000
000000000000100000001100001000000000000000000000000000000000000000000000
000000000000000100000000010000000010100000000000000000000000000000000000
000000000000001000000000000000000000000001000000000000000000000000100001
000010000000000000000000010001001000000000000000000000000000000000000000
000000000000000000000000000000000000000000000000000100000000001000000101
010000000000000000000010000000000000100000000000000000000000100000000000
000001001000000000000000100000010000000000000000000000000000000000000000
000000000000000000000000000000000000010000001000100000000100000000000000
000001000000001000000000000000000000000000000010000000000000000000010000
000000000000001000000000000000000000000000100000001000000000000000100000
000000000000000000000000000000000000000000000100000000001000000001001000
000000000000000000000010100000100000000000000000000000010000000000000000
000100000000000000000000000000000001010000000000000000000000100000000000
000000000000000000000000000000000000010000000000000010000001010000000000
000000000000000000100000100000000000000000000000000010000000000001000000
000000000000000000000100000000000000000000001000100000000100000000000000
010000000000010000000000000000000000000000100000000000010000000000000000
100000000000001000000000000000000000000000000100000000100000000000000000
000000000000000000000001000000000000000010000001000000000000000000001000
000100000000000000000010010000000000000000000000000000000100000000000000
000000010000000000000000000000000000000000001000000000000000000100100000
000000000001100000000000000100000000000000000000000000000010000000000000
000000000001000000000000000000001000000000000000000000000100000000000010
000000000000000000000000100000000000100000000000000000000000000010000010
000000000000000000000000001000000000001000000001000000000010000000000000
100000000001000000001000001000000000000000000000000000000000000000000000
001000001000000000000010000000000000000000000001000000000000000000000000
000000000000000010000000000000000000000000000000000000010000000010010000
000000000000000000000010000000001000000000000100000000000000000000000001
000000000000000000010000000000000000000000000000000000000001000000001100
000000000000010010000100000000000000000000000000000001000000000000000000
100000000000010000000000000000000000000000010000000000000000000010000000
000000000000001000000000000000000000000000010001000010000000000000000000
000000000000000000000000000000000000100000001001000000001000000000000000
000000000010000000000000000000100000000100000000000000000000000010000000
000001000000000000000000001001000000000000000000000000000001000000000000
000001000000000010000000000010000000000000000000010000000000000000000000
000000000000000000000000100001000000000000000000000000000100000001000000
100000010000000000000001000000000000000000000000000000000100000000000000
000000001000000000001010000000010000000000000000000000000000000000000000
000001000000000001000000000000000000000000000000000000000000000001010000
000001100000000100000000000000000000000000000000000001000000000000000000
000000000000000000000010000000000001000000000000000000000000000000010001
000000000000000001000000000000000000000000000000000000000000011100000000
000000100000000000000010000000000000000000000000000101000000000000000000
100000000100000000000000000000000000000001000000000000000000000100000000
000001000000000010000000000000000000000000000000000000000101000000000000
000000000000000000000000000010000000000000000000010100000000000000001000
010000000000000000000000000000000000100000011000000000000000000000000000
000000000000000000000000000000000000010000000100000110000000000000000000
000000000000000000001000000100000000000000010000000000000000000000100000
101000000000000000000000000000000000001001000000000000000000000000000000
000000000000001001000000000000000001001000000000000000000000000000000000
000000000000000000100001000000000000000010000000000000000010000000000000
000000000000000000100000001000000000000000000000001000010000000000000000
000010000000010000000000000010000000000000000000000000000000100000000000
000000000000000000010000000001001010000000000000000000000000000000000000
000000000000000000000000000000000000000000000000000100011000010000000000
000000000000100000000000000000000000010000000000001000000001000000000000
000000000000000000000010001000000000000100000000000000000000000100000000
000000001000000000000000100000000000001000000000000010000000000000000000
000010000000000000100000000000000000000000000000001000000000000100000000
000000000000010100000000000000000000000000000000000100000000000000000010
000000000100000000000000000000000000000000000000000000001000001000010000
100000000010000000000000000000100000000000000000010000000000000000000000
000100000000001000000000000000100000000000000000000001000000000000000000
000000000000000000000000000000100000001001000000000000000000010000000000
000001000000100000000000000000000010000000000000000000000000100000000000
000000000001000000000000000000000000001000010000000000000000000000000100
000000000000000000000000010101000000000000000000000000000000000000100000
100000000000100000000000000000100000000000100000000000000000000000000000
000000000000000000000000000000000000010000000000010000000010100000000000
000000000000000000000000000000000000000000010000100000000000000000001001
000101000000000000000000010000000000000000000000000000000000000000001000
000000000000010000000000000000000000000000000000000000000000000000100011
010000000000000000110000000000000000000000000000000000000000010000000000
000000000000001110000000100000000000000000000000000000000000000000000000
000001000000000000000001000000000100000000100000000000000000000000000000
000000000000000000000000000000000000100100000010001000000000000000000000
000000000000000000000000100000000000010000000000001000000000000000010000
000000000100000001000000000010000000000000000000000000000000010000000000
000000010000000000000010000000000000000000000001000000000000000000010000
000010000000010000000000000000000100000000000000000100000000000000000000
000000000001001000000000000000000000000000000000000100000000000100000000
000000000000000000000001001000000010001000000000000000000000000000000000
000000001000100000000000000000001000100000000000000000000000000000000000
000010010000000000000000000000010000000000000000000000000000000000000100
000000000010000001000000000000000000000000000000000000000001000000010000
000000100000000000000000000000000000000000000000100000000000010000010000
000000000000000010000000000000000000000000000000000000010100010000000000
000000000000000000000000010000000000100000000000000000000000000000100001
000000000010000000000000000000000000000000000000000100001000001000000000
000000000000000000000010000000000000000000000000100001000100000000000000
000000001000000100000000000000000000000000000010000000100000000000000000
000000001000000000000000010000000000000000000000000000100000100000000000
100000010000000000100000000000000000000000010000000000000000000000000000
000000000000000000000000100000000000000000001000000000001000100000000000
000000000000000000000010000010010000000000000010000000000000000000000000
000000000000001000000000000000000000100000000000010000000000100000000000
010000100000000000000000010000000000000000001000000000000000000000000000
000000000000000010100000000000000000000000100000000000000000000000001000
000000000000000000100000000000000000000000000010000001000000000000000001
000000000000000000000000001000000000000000000001000000001000001000000000
000010000000000000000000000000000000000000000000000000001000000000010010
000000010000000000000000000000000000000000000000000000100000000001000001
000000000000000001000000110000000000000000000000000000000100000000000000
100000000000000100000001000000000010000000000000000000000000000000000000
000000000000000100000000000000000100000000000000010000000000001000000000
000000100000001000101000000000000000000000000000000000000000000000000000
100100000000000000000001000000000000000000010000000000000000000000000000
000000000000000000000000000000000100000001000000110000000000000000000000
110000010000000000000000000000000000000000000000000000000001000000000000
000000000000000000000000000001000000010000000000000000000000000001001000
001000000000000000010000000000000000000000000000000010000000000000100000
000000000000000100000000000000001000000000000000000000001100000000000000
000000000000000000000000000000001000000000000000000001000000000010001000
000000000100000000000000000000000000000100000000000000010000100000000000
000000000000000000000000000001000000000001000110000000000000000000000000
000000001000000001000000001000000000000000000000000000000000000010000000
000000000000000100000000000001000000000000000000000000100000000000100000
000000000000000000000000100000000000000000000100000010001000000000000000
100001000000000010000000000000000000000000000000000000100000000000000000
000000000000000000000000000000000000000000000100000000100000000000001010
000010000000000000000100000000010000000000000000000000000000010000000000
001000000000000010000010000000000000000000010000000000000000000000000000
000100000000000000000000000010000000000000000000000010010000000000000000
000000000000010000000000000000000000000000000000000010000001000000000100
000000000000000000000000000100000000000001001000000000001000000000000000
000000000001000100000000000000000000000000000000000000001000000001000000
000000000001000000000001100000000000000000000000010000000000000000000000
011000000000000000000000000000000000000000000000010000100000000000000000
100010000000000010000000000000100000000000000000000000000000000000000000
001000000000000000000000000000000000000000000000100000100000000100000000
000100000000000000000000000000000000010000000000000001000000100000000000
000000000000000000000000000101000000000000000000000000110000000000000000
000000000000000000000000100000000010000000000000000100000000000000000100
000000000010000000000000000010000000000000000000000000000000000010010000
000000000000000001000000000001000001000000000000000000000000000000010000
000000000010000000000001000000000000000001000100000000000000000000000000
000000000010000000001000000000100000000000000010000000000000000000000000
100000000000001000000000001000000000000000000000000001000000000000000000
000000000000000000000010010000000000100000000000000100000000000000000000
100000000000000000000000000000001000000000000000000000000000000100001000
000000000000001000000001000000000000001000000000000000000000001000000000
010000000000000000000000000000000000001000000000000100000010000000000000
000000000000010000000000010001000000000000000000000000000000000000010000
000010000000000000000010000000000000000100000000000000000000000000000001
000000100000000100000000000000000001000000000000000000000000000001000000
000000000000100000110000000000000000000000000000000000000001000000000000
000000000000010000000000010000000000000000000000000100000100000000000000
000000010000000000000000000000000010100000000000000000001000000000000000
000000000000000000000000000000100010000100010000000000000000000000000000
000000000000000001000000000000000000000000000000010000000000010000000100
000000000010000000000000000000000000100010000000000000000010000000000000
000100000000010000000000000000000010000000000000000000000000001000000000
000000000000000010000000000100000010000000000000000000000000000100000000
000010000000000000000000000000001000000000000000001000000000010000000000
000000000000000001000000100000001000000000000000000000000010000000000000
000000000001000000000000000000000000001001000000000000000000000100000000
000110000000000000000000001000000000000000000000000000000000000000010000
000000000000000000000000000000000000000000010001000010000000001000000000
000000000000000000000000100000100000100000001000000000000000000000000000
000000000000010000000000000000010000000000000000000000000000000001000001
001000000000100010000000000000000000000000000000000000000000000000001000
000000001000000000001000000000000000000000000000000000100000000000010000
010000001000000000010000000000000000000010000000000000000000000000000000
000000000000000010000000010000000000000000010000000000000001000000000000
000000001000000000001000000000000000000000001000000000010000000000000000
000100010000000000000000000000000000000000000000000000000000000101000000
000000000100000000100000000001000000100000000000000000000000000000000000
000000001000000000000000000000000000000000000000000000010000001000100000
000000000000000000000000001000000000000000000000000010010010000000000000
000000000100000000000000001000000000000000000000000000000010001000000000
000000000011000000000000000000000100000000000000100000000000000000000000
000000000000010000000000000000000100010010000000000000000000000000000000
000000000010000000100000000000000000000001000000010000000000000000000000
000000000010000000000000000000000001000100000000000000000000000000100000
000000000000000000010000000000000000000000000001000010000000000000000010
000000000000000000000000000000000000000001000010000000000010010000000000
000000000100000000000001000000001000000000000000000000000000100000000000
000000000000000000001100000000100000000000000000000000000000010000000000
000001000000000000000000001000001000000000000000000000000000000000010000
000000000000000000000010000000000000000000000000000000001011000000000000
001000010000000000000000000000000000000000000000000100000000000000000010
000100000000000000000000000000001000010000000000000000000010000000000000
000000001000000000000000000000000000000100000000001000000000000001000000
000000000000000000000000000000000000010000000000000000010010000010000000
010000000000010000100000000000000000000000000000000000000100000000000000
000001000000000000000010000000000001000000000000000000000000001000000000
000000000000000000000000010000000000000000000000000000000000000001000110
000000100000000000000000100000000000000000000000000000000000000000001100
000100000000000010000000000000000000000000000100000000000000000000000001
000000000000000000000000000001000000000010001000000000000000000000001000
000000000001000000000000000000001000000000100000000000000000000000100000
000000000000011000100000000000000000000010000000000000000000000000000000
000100000000000000000000000000100000100000000000000010000000000000000000
001000000001000000000000000100000000000000000000010000000000000000000000
000000001000000000000000100100000000000000001000000000000000000000000000
000000000000000010000000000000000000000000100000000000000000000000101000
000000000000000000000000000000000010000010100000000000000000000000010000
000000000000010000000100000000000000000000010000000100000000000000000000
000000010000000000000100001000000000000010000000000000000000000000000000
000001000010000000000000010000000000000000000001000000000000000000000000
010000000000000000000000000000010000000000000000100000000010000000000000
000010000000000000000000000000000000000000000010000000000100000000000001
000000000000000000000000001000000010000000000000001000000001000000000000
000000000010000010000100000000001000000000000000000000000000000000000000
000000100010000000000000000000011000000000000000000000000000000000000000
100000000000000000100000000010000000000100000000000000000000000000000000
000000010000000101000000000000000000000000000000000100000000000000000000
000000000000000000000001000000010100100000000000000000000000000000000000
000000010000000000000000000010000000000000000101000000000000000000000000
000000000010000000000000000001000000000000010000000000000001000000000000
001001000000000000000000000000000010000000000000000000001000000000000000
000000000010100000000000000000000000000000000000000000000000000000010010
000001000000001000000010001000000000000000000000000000000000000000000000
010000000000000000000000010000000010000000000000100000000000000000000000
000000000000000000000000000000000000000110000000000000000000000001000001
000010010000000000000000000000000000000000001000000000000000000000010000
000000000000000000000000000000000000000100010000000010000000000000000010
000010001010000000000100000000000000000000000000000000000000000000000000
000000000000000000000000000000000000000100000000010000000000100100000000
101000000000000000000000001000000000000000000000000000000000000000000010
000000000000001000010000000001000000000001000000000000000000000000000000
000000001100000000000000010000001000000000000000000000000000000000000000
000001000000000010000000000010000000010000000000000000000000000000000000
000010000100000000000000010000000000000000000000100000000000000000000000
000000010000000100000000000000000000000000000000000000100000000000000010
000000000000100000000000001000000000100000000000000000000001000000000000
000000000000000000000000000000000001000000000010000001000000000100000000
000000000000000000000000000000000000100000000000001001000000000000001000
000001000000000001000000000000000000000000000000000000000000000001000010
000000000000000100000000000000000000100001000000000001000000000000000000
011000000000000000000000001000000000000010000000000000000000000000000000
000000000000000000000100000000000000100000100000000000000000000000010000
000000000000100000000000000000000100000000000000000001000000000000000010
000000000000000100000000000000000000001000000000000000000000000010000001
000010000000000000000100000000000000100000001000000000000000000000000000
000000000000000000101000000000000000000001000000000100000000000000000000
000000000001000000000000000010110000000000000000000000000000000000000000
000000000000000000000000000001010000000001100000000000000000000000000000
000000000100001000101000000000000000000000000000000000000000000000000000
000000100000000000000000000000000000010000000100000001000000000000000000
000100000000000000001000000000000000000000000000000000000100000000000001
000100000000000010000100000000000000000000000000000000000000000000000001
000000000001000000000000100100000000000010000000000000000000000000000000
001000000000000000000000000000000000010000000000000000000000000010010000
000000000000100000000000000000001010001000000000000000000000000000000000
000010000000000000000001000100000000000000000000000000010000000000000000
000000000000000000000000010000000000000000100000000010010000000000000000
000000000000000000000000010000000000000000010000000000110000000000000000
010000010000000000000100000000000000000000001000000000000000000000000000
000000000001000000000000000000000000010000001000000000000000000000010000
000000000000000000100010000000000000000000000000000000001000000000000001
000000000100000001000001000000001000000000000000000000000000000000000000
000010000000000000000000000000100000000000000000001000000000100000000000
000001000000001001000000000000000000000000000000000100000000000000000000
000000001000000000000000000000000000000010000000000000000000000010010000
100000000000000100000000000010000000000000000001000000000000000000000000
100000000000000000000000100000000010000000000000000000000000010000000000
000000000000000000000000000000000000000000000000000000011000000010000100
000000000000000000000100000000000000000000000000000000001010000000100000
000000000000000000000010100000100100000000000000000000000000000000000000
000000000000000000000000000101000000000110000000000000000000000000000000
000000000000000000000010000100010000000000000000000000000000010000000000
001000000000000000000010000000001000000001000000000000000000000000000000
000000000000000000000000000000100000100100000000000000001000000000000000
000000000000000100010000000000000000000000000000000000000000000010000100
000000000000000000001000000000100000000000000000100000000000000000100000
000000000000001010010000000000000000000000000001000000000000000000000000
000000000000000000000100000100001000000000000000000100000000000000000000
000000000000000010000000000000000001000000010000000010000000000000000000
000000000000000000000000000000000001000000001000000000101000000000000000
000000000000000000010011000000000000000000000000000100000000000000000000
000000000010000001000000000000000000000000000000000000000000000000100001
000000000000000000000000000000000100000000000000000010000000100000000010
000000000000010000000000000000000000000000000000010000000000100000001000
000000000000010000000000000100000000001000001000000000000000000000000000
000000000000000000000000000000010000000000000000000100010001000000000000
000000001010000000000000000000000000000000000000000100000000000000000100
000000000000000000000001000000010000000001000000000000000000000010000000
000000000100000010000000000000000000000000000000000001000000100000000000
100000000000000000000000000000000000000000000010000000000000010010000000
000000000000000000000000000010001000100000010000000000000000000000000000
000000000000001000000000000000000000000001000000000000000000000000001100
000000000000000010000000000000000000000000000000000000000000000100000011
000000000010000000000000000000000001000000010100000000000000000000000000
000000010000000000000000000000000000000001000100001000000000000000000000
000000000000000000001000000000000000000000000000100001100000000000000000
000000000000100000001000110000000000000000000000000000000000000000000000
000000000000000000010000000000000000000010000000001000000100000000000000
000000000000000000000000000001000001000000000010000010000000000000000000
000000000000000000000010000000000000000000000000000010000000000000100001
000000000000000000000000000000000100000000000000000000101000000000010000
000000000000000000000000100000000000000100000000000000001000000000000100
000000000100000000000000000000000000010001000000000000000010000000000000
000000000000000000000000000001000001000000000000001000000000000000000001
100010000000000000000000000000000001000000000000000000000000000000001000
000000000000000000000000100000010000000000000000101000000000000000000000
000000000000000110000000000010000000000000000000000000000100000000000000
000000000000110000000000000000000000010000000000000000000000000100000000
100000000000000000000000000000000001000000000000100000000000000100000000
000000010000010000000000000100000001000000000000000000000000000000000000
000000000001000100000000000000000000000000100001000000000000000000000000
000000000000000000000100000000000001001000000000000000000000000100000000
000001000000001010000000000000000000000100000000000000000000000000000000
100000000000000000000100000000000001000001000000000000000000000000000000
000000000000000100000000000000100000000000000000000010000000000001000000
000000000000000000000000000001000010000000000000000000000000000001000010
010000000000010000000000000000000000001000000000000000000000000100000000
000000000001000000000000001000001000000000000000000000000100000000000000
001000000000000000000000000000000100000000000000000001000000000000000100
000000000000000001000000000000000100000000000000000000000010000000100000
010000000000000000000100000001000000000000000100000000000000000000000000
000000000000001000010000001000000000000000000000000000000000000000000100
000000000000000000000000000000000000100000000001000000000001000000001000
000000000000000000010100000000000000000000000000000001000000000000000001
000000000000100000000000000000000001000000000000000000000010000000010000
000000000000000000100000000100000000000000000000000000000000100000100000
000000000000000100010000000000000010000001000000000000000000000000000000
000000000000010000000000000000000010000000100000000000000001000000000000
000000001000000000000000000010000000000000000000000000000000001000000010
001000000000000000000000000000000010000000000000000001001000000000000000
000000000100000010001000000000000000000000000000000000000000000000010000
000000000000000000001001000000000000000000000000000000000000010000001000
000000000100000000000000000000000000000000000000000010000000000001000001
000000000001000000000000100000000000000000001000000001000000000000000000
000000000000000100000000100000100000000000000000000000100000000000000000
000000000000000000100000000000000000000000000000001001000000000000001000
000000000000000100000010000000000000000000010000100000000000000000000000
000000101000000000000000000000000010000000000000000000000000000000100000
000000000000000000000000000000000010000000000001000000010000010000000000
000000000000000000000000000000010000000000001000010000000010000000000000
000000000000100000000000000000000100001000000000000000000000000000001000
000000000000000000100000000001000001000000000000000000000000000000001000
000000000000000000001001000000000000000000000000000000000000001010000000
000000000000001000100000000000000100000000000000000000000100000000000000
000000000000000000110000000000000000000000000000000000000000010000100000
000100000000000000010000000000000000000000000000000001000000000010000000
000000000000000000000000000000000000000100001001000000000000000100000000
000000000000000000000000000000001000000000010000000010000000000000000100
000000000000000001000000000000000000000000101000100000000000000000000000
000000000000010000000000000000000000000100000000000000000000010000000001
000000000001000000001000000100000000000001000000000000000000000000000000
010000000000000100000000000000000000000100000000000000000000000100000000
001000000000000000000010000000000100000000000000000000001000000000000000
100000100000000000001000000000000000000000000000001000000000000000000000
000000001000000000000000001000000000000100000000000000000001000000000000
000000000000000000000001000000000000001000010000000010000000000000000000
000000000000010000000000010000000000000000000000000010000000000000000010
000000000000100000000000000100000000000000000000010000000000000010000000
100000000000000000000100000000000000000000000001000000000000001000000000
000010000000010000000000000000000000000000000000000000000000000100001000
000000000000000001000000000000000000100001000000000000001000000000000000
001000000000000000000000000000000001100000100000000000000000000000000000
000000010000000000000001000000000000000001000000000100000000000000000000
000000000001000000010000000000000100000000000000000000000100000000000000
000000000000000000100000000000000000000000000000000100000000000001000010
000000000001000110000001000000000000000000000000000000000000000000000000
000000000000000000000000010000000000010000000000000001000000000000001000
000000000001000000000000000001000100000000000000000000010000000000000000
000001000000000000001000000001000000000000000000000100000000000000000000
000000001000000000000000000000000000000001000001000000001000000000000000
100000001000000000000100000000000000000000000000000000000000000000000100
000000000000000001000000000000000000100000000000000000000000000001000010
000100000000000000000000000000000000010000000000000100000010000000000000
000010000000000000000000000000000010000000000000000000010000000000001000
000000000000000000000000000000000000100000000000000100000000010000001000
100010000000000000100000000000000000000000000010000000000000000000000000
000000000000100100000000000000001000000000000010000000000000000000000000
000000000000000010000000000000000000000010000001000000000000001000000000
000000000000000000000000101000000000000000000000000000000100000000100000
000000000000000000100000000000000001000000000100000000000000100000000000
000000011000000000000000000000000000000000100000000000000000000001000000
001000000000000000000000000000000100000000000000000001000100000000000000
000000000000000100000000000000000100000000000010000000000000000010000000
000000000000000000000000000000000000000100000100000001000000000010000000
000000000000000000000000000000000000010000000000000010000001100000000000
010100000000000000000000000000000000000000000000000000000101000000000000
000001000000000001000000000000010000000000000000000000100000000000000000
000000000000000000000000000000000000000101000000000010000000000001000000
000000000010001010000000000000100000000000000000000000000000000000000000
000000010000000000100000000000000000010000000010000000000000000000000000
000000000000000000000000000100010000000000000000000000000000100010000000
000000100000000000001000000000001000000000000001000000000000000000000000
000000000000000001000000000000000000000000000000000001100000100000000000
000000010001000000000000000000000000000000100000000000000010000000000000
000000000010000000000000000110000000000100000000000000000000000000000000
000000000000000000000000000000000000001010001000000000000000000000100000
000000000000000010000001000000010000100000000000000000000000000000000000
000000000000000000000010000000010000001000000000000000000000001000000000
010001000000100000000000000000000010000000000000000000000000000000000000
000000000000000000000000000000000000000000100101000000000000000000010000
000000000000010000000000000000010000000000000000100000000000100000000000
000000011000000000000000000000000000000000000100000000000100000000000000
000000000000100000000001000010000000000000100000000000000000000000000000
000000000000000000000000001000000000000000001000100010000000000000000000
100000000000000000000000000000000010000010000010000000000000000000000000
000000000000000100000100000000000000001010000000000000000000000000000000
000000010100000000000000000000000000000000000000000000010010000000000000
000000010000000010010000000000000000000000000000000000000000000001000000
000100000000001000000000000000000100000000000000000000100000000000000000
000000000000001000000100000000000000000000000000000000010000000001000000
100000000000000000000000000001000100000010000000000000000000000000000000
000000000000010000000000000000000100000001000010000000000000000000000000
000000000000000010000000000000000000000000000010000000001010000000000000
000000100000000000000001000000000000000000000100000000000000100000000000
000000000000000000000000000000010000000000000100000000000000000001001000
100000000000000000000000010000000100000000000000000000000000000000100000
000010000000000001000000000000000000000000000000000000000100010000000000
000000000011000000000000000000000000000000000000000000100000000000010000
001000000000000000000000000000000000000000001000000000000000100000010000
000000000010000001001000000000000000000000000000000000000000000000010000
000000000000000000000100000000000000000101010000000000000000000000000000
000001000000010000000001000000000000000000000000000000000000000000001000
000100000000000000100000010000000000000000000000000000000000000001000000
000001000001000000000010000000000000000000000000000000000000000001000000
000000000000000000100000000001000000000000000010000000000001000000000000
000000000000000000000000000000000100000000000010000000010000000010000000
000000000001000100000000000000000001000000000000100000000000000000000000
000000000000010000000000010000000000000000000000001000100000000000000000
000000000010000100100000000000010000000000000000000000000000000000000000
000000000000000000010000001010000000000000000001000000000000000000000000
000100000000001000000000000000000000010000010000000000000000000000000000
000000000000000000000010000000001000000000000000000010000000001000000000
000010000000000000000000001000000000000001000000000000001000000000000000
000001000000000000000000000000000000010000000000000000010000000000100000
000100100000000000000000000000000000000010000000000000000000000000001000
100000000100000000000000000000000000100000000000000000000000000010000000
100000000000000000000000000000001000000000000000000000000000010000000010
000010000000100000000000001000000000001000000000000000000000000000000000
000000000000000100000000000100000000000000000100000000000000000000100000
000000000000000000010000000000010000100000000000100000000000000000000000
000000000000000000000000000000000010000000000001000000000000010000000001
000000000001000000000000000100000000000010000000010000000000000000000000
000000100000000000000000000001000000000000010000000000000000000001000000
000000001000000100000000000000000000001000000000000000000000000000000100
000000000000100000000000000000000000000000000000000000100100000000010000
000000000000000000000000000000000000000001000000000110000000000000010000
000000000000000000000001000000000000000000000000000001000010010000000000
000000000000000000010000001000000000000000000000000000000000000000000110
001000000000100000000000000000000000000000000000000000000001000000100000
000000000010000000000000000000000000000000000000000001000001000000100000
000000000000000000000000000000010000000000000000000000000001000001000010
000000100000000000000000000000000000000000000000000001100000000000100000
000000000000000000000000000000000100000000010100100000000000000000000000
000000000000000000000000000000000000000000000100000001000001000010000000
000100000000000000000000000000001000000000000000000100010000000000000000
000000000000000000000000000001000000000000000000000100000001010000000000
000010000000000000000000000000000000000001000000000000000100000000000100
100000100000000000000000000010000000000000000000000000000000001000000000
000000000000000000001000100000000000000000000100000000000000000000001000
000000000000101000000000000000000000000100000010000000000000000000000000
000010000000000000000000000001001000100000000000000000000000000000000000
000000010000101000000000000000000000000000000000000000000100000000000000
000000100001000000000000000000000000000000000000000000000000000000001100
000000001000000000000000000000001010000000000000000000000010000000000000
000000000010000000000000000100000000010000000000000000000000000000000100
000000000000000000010000010000000000000000000000000000010000001000000000
000000000100000000000000000000000100000100000000000000000000000000100000
000000000000000000000000000000000000001000000000101000000000000000000100
000000000000000000100000000000000000000010000000000000001000100000000000
000000000100000000000100000000000000001000000000000000000000000010000000
001000000000000000000000000000000100000010000000001000000000000000000000
000010000000000000000000000000000100000000000000010000000000001000000000
000000000000000010100000000000000001000010000000000000000000000000000000
000000000000001000000000000000000100000000100000000000000001000000000000
000000001000000000000000000000000000100010000000000000000000001000000000
000000000000000000000000000000000000000000000010000000100000000000110000
000000000000000000000000000000000010001000100000000100000000000000000000
000000000000000110001001000000000000000000000000000000000000000000000000
010000000000000000000000001000000000000000000000000000000000010000001000
100000000000100000000000000000000000001000000000000000000000000000000100
000000000010000000000000001000010000000000001000000000000000000000000000
000000000000000000000000000000000000000000000001000010000001000000001000
000000000100000000000010000000000000010000000000001000000000000000000000
000001000010000000000000000000000000000000000000000100000001000000000000
010000000000101000000000000000000000000000000000000000000000000000000010
000001000000000000000000000000000000000000000000000000001000000001100000
000001000000001000000000000000000000010000000000000000000000000000000010
000000100010000000000010000000000000000000000000000000000001000000000000
000000010000000000000000000100000100000000010000000000000000000000000000
000000000000000000000100010000000000000000000000000000000000000011000000
000000000000100100001000000000000000000100000000000000000000000000000000
000000000000000000000001000000000000000000000000000100000000000100001000
000000100000000000000000000001010000000000000000000000000100000000000000
000000000000000000000000000000100000000000000100000000000100000000100000
000100000001000000000000010000000000000000000000000000000000000000000100
000000100000010000000000000000000000000000000000001010000000000000000000
000000000001001000000010000000000000000000000000000000000000000100000000
000000010000000000000000010000000000000000000000000000000000000100000001
000000000000000000100000001000000010000001000000000000000000000000000000
000000000000000000010000000000000000001000000000000000000000100000000100
000100000000000000000000000000100000000001000000000000000100000000000000
000001000000000000000000000000000000000000000000000100000000000100100000
000000000000000000000110000000000100000000000000000100000000000000000000
000000000000000000000000000000000000000101001000000000010000000000000000
000000001000000000000010000000000000000000010000000000000000000001000000
000000000000101000000000000000000000000000000000000000000000000001010000
000000000000000000000000000000000010000000000000001000000000100010000000
000000000000000000000000000000000000000000001000001000000001000001000000
000000000000000000000000000000000100000000100000000000100000000000000010
000000000000010100000000000000000000000000000000000000000000000000011000
000000000000010000000000000000000001000000000000000000000000000101000000
000100000000000000000000000100000000000010000000000000100000000000000000
000000000100000000000001000000000000000000000000100000000000000001000000
010000010001000000000000000000000000000000000000001000000000000000000000
000000001000000000000000000001000000000000000000000000010000000000000001
000000000000000010000000000100000000000000000000000000010000000100000000
000000000100000000000000000000000000000001000000000000000100000000100000
000000000010000000000000000000000000000100000000000000010000100000000000
000000000010000000000000000101000000000000000000000000000000100000000000
001000000000000000010000000000100100000000000000000000000000000000000000
000010001000000010000000000000001000000000000000000000000000000000000000
000000000000000000100000000000000000000000000000000100000100100000000000
000000000000000000000011000000000000000001000000000000000000000000001000
010000000000000000000000000100000000000000000000000000010000000000100000
000100000000000010000000000010001000000000000000000000000000000000000000
000000000000000100000000000000000000000001000001000000000000000001000000
000000000000000000000000000100000000000010100000000001000000000000000000
000000000000101000000000000000000000000000000001000000000000000000001000
000000000000000000000000000001000000000000100000000000000000010000000100
000000000000000000000000010000000000000010000000100000000100000000000000
000000000010000000000000000000000000010000000000010000000000010000000000
000000000001000100000000000000001000010000000000000000000000000000000000
000000100000000000000010000000000000000000000000100000000000010000000000
001000000000100010000000000000000000000000100000000000000000000000000000
000000100000000000000000000000010000001010000000000000000000000000000000
000000000000000000000000000000010000100000010000000100000000000000000000
000100010000000000000010000100000000000000000000000000000000000000000000
000000000000001000000000000000100000100000000001000000000000000000000000
000001000000000000000000000000000000000000000000000000011001000000000000
000000000001000000010000000000000000000000010000000001000000000000000000
000000000000000000000000000001000000000000000000000000001100000000000010
000100000000000100000000000000000000001000000100000000000000000000000000
000010000001000000000000000000000000000000000000000001000000100000000000
000000010000000000000000100000010000000000000000000000000000000000000010
000000000000000000000000000000000000000000000000000000000000001101001000
000000000000010000000001001000000000000000000000000001000000000000000000
000000001010000000001000000000000000000000000000000000000001000000000000
000000000000000000000000001000000000000001000000001000001000000000000000
000000000000000000000000000000000010000000010000000100000000000100000000
000000000000000001000000000000000000101000000000000000001000000000000000
000000000000000100000000000000000000001000101000000000000000000000000000
000000000001000000000001000000000010000001000000000000000000000000000000
000000010000000000000000000000000000000000010000000000010001000000000000
000000000000100000000100000000000000000000000000000000000100000000001000
000000000010000100000000000100000000000000000000000100000000000000000000
001000000000000000000000000001000000000000000000000000000000000110000000
000001000000000000000000000100000000000000001000000000000000000000001000
001000010000100000000100000000000000000000000000000000000000000000000000
000000000100000100000000000000000000001000000000000000001000000000000000
000000000001010000010000000000000000000000000000000000000001000000000000
001000000000010000000000000000000000000000000000000000001000010000000000
000000000000000000000000000000010000100000000000000000000000000010000100
000010000000000000000000000000000000000000000100000001000000001000000000
000000000000000000000000001000100000000000000000000000000000000000001100
000000000000000000000010000001000000000001000000000000000000000000010000
000000000010000000100001000000010000000000000000000000000000000000000000
100000000000010000000000000000000000000000000000000000010100000000000000
000000000000000000000000000000000000100000010000000000000000100100000000
000000000000000000000000000000000001000010100000000000000000010000000000
000000000000000000000000000000000000000000000000000001010000000000010001
000010000000000000100000000000000001000000000000000001000000000000000000
000000000000000011000000000001000000000000000000000000010000000000000000
000000100010001000000000000000000000000000000000000001000000000000000000
000001000001000000010000000000000000000000000000000000000000000010000000
100000000000000000100000000000100000000000000000010000000000000000000000
000000000000000010000100100000000000000000000000000000000001000000000000
000000001000000000100000000100000010000000000000000000000000000000000000
000000000000000001000000000000001000000000000000100001000000000000000000
000000000000000000000000001000001000000000000000000000000001000010000000
000001000000000000000000000100000000010000000000000000000000000000000010
000000001000000000000000000000000000000000000000000000010000000010000010
000000000000000000000000000100000000000000000000010000001000100000000000
000000001000000001000000000000001000000000000000000000000000000000001000
000000000000000000000000000000000100000000000000010000100000000100000000
000000000000100010000000000000000000100000000000000000001000000000000000
000000000000100000000001000000001000000000000000000000000000000000001000
010000000000000000000000000001000000000000000000000000000001000000100000
010000000000000000000000000000000000000000010000000000000000000000010100
000000000000000000000000001000000000000000000000000010000000000110000000
000000000000100000100000000000000000000000000000000000000001100000000000
000000000000000000000000010000000000000000000000001001000000000000001000
000001000000000000000000000000100000000000000000000000000000000001010000
000100010000000000000000000000100000000000000010000000000000000000000000
000001000000000000000100000000000000000000000000000000000000000100000001
000001000000000000000010100000000001000000000000000000000000000000000000
000000000000000000000000000000000010001000100000000010000000000000000000
010000000000000000010000000000000000001000000000010000000000000000000000
000000000000000000000100000000001000000000000000001001000000000000000000
000000000010000000000000010000000000000000000000000000100001000000000000
010100000000000100000000100000000000000000000000000000000000000000000000
100000000000100000000000000000000000000000000000000000011000000000000000
100010000000000000000000000000000000000000000100000000000000100000000000
000000000000010000000000000100001000000010000000000000000000000000000000
000000000000000000000000000000000000001100000000100000000000100000000000
000000010000000010000010000000001000000000000000000000000000000000000000
000000100000000000000010000000000000000000100000000000010000000000000000
000000000000000000000000000000000000010010000000000000000000010000000100
000000000000000010010000000000000010000000000000000000000000000000000010
000000000000000000010000001000000000000000010010000000000000000000000000
000000000010000100000000010000000000000000000000000000000000010000000000
000000000000000000000000000001000000000010000010010000000000000000000000
000000001000000000000000010001000000000000000000000000000000000000000001
000000000001000000110000000000000000000000000000000000100000000000000000
000000000000000000000010001000000000000001000000000000001000000000000000
000010000000000010000000000010000000000000000010000000000000000000000000
000000000000000001000000000000000000000000000000000000000000010001000100
000000000000000000001011000000001000000000000000000000000000000000000000
010000000000000000000001000000000000000000000000000000000000000100000010
000010000000000100000000000001000000000000000000100000000000000000000000
100000000000000000000000000000000000000000000000000000001001000000000010
000000000000000100000000000000000000000001001000010000000000000000000000
100100000000000000000000010000000000000000000000000000000000000010000000
000000000000100000000000000010000000001000000000000000000000001000000000
000000000000001010001000000000000000000000000000000000000000001000000000
100000100000000000000000001000000000000000010000000000000000000000000000
001100000100000000000000000000000000000000000000000000000000000000010000
000000000010000000000000000000000000000001000001000000000000000100000000
000000000000000000000000000100000000100000001000001000000000000000000000
000000100000000000001000000010000000000000000000001000000000000000000000
001000000000001000001000000000000000000000100000000000000000000000000000
000000000000000000000000000000000110000000010000000000001000000000000000
100000100000000000000000000000000000000000000010000000000000000000010000
000000000000000000001000000010000000000000000010010000000000000000000000
000100000000000000001001000000000000000000000000000000000000000100000000
000000000000000100000010000000000000000000000101000000000000000000000000
000010010000000000000000000001000000000000000000000000000000000000000010
000001000000000000000100000001000000000000000000000000000001000000000000
000000010000000000000000000000000000000000100000001000000000000000000001
000000010000000010100000000000000000000000000000000000000100000000000000
000100000000000000000000000000000000000000000000010001000000000000000001
000100000000000000000000000000000000000000000010000000000000000100010000
000000000000000000000000000000000000010000000000000101000000001000000000
000000000000000000000001000000000000000000000000000000000000010001000001
000000001000000001010000000100000000000000000000000000000000000000000000
000000000000000001100000000000000010000100000000000000000000000000000000
001000000000000000010000000000000000000000000100000000010000000000000000
000000000000010000000000000000000100000000000000000000000000010000001000
000000000100100100000000000010000000000000000000000000000000000000000000
000000000000000000000000110000000010000000000000000000000000000100000000
000000000000000000000000000000100000010000000001000000000000000000000100
000000000000000000001000000000000000000000100000000000101000000000000000
000000000100001000000000000000000001000000000000000001000000000000000000
000100001000000000000000001000000000000000000000000000000001000000000000
000000000001000000000000000000010000000000000000000110000000000000000000
000000000000101000000000000000000000000000000010000000001000000000000000
000000000000010100010100000000000000000000000000000000000000000000000000
000000000000000000000000001000000000000001100000000000000000000100000000
000000000000000000000000000000000000001000000000001000000010000001000000
000000000000000000000010100000000100000000000000000000000000010000000000
000000010001000000000000000000010000000000000000000000000000000001000000
100000000000000000100000100000000000000000000000000000000000010000000000
100000000000000010000000000000000000000000000000001000001000000000000000
000000010000000000000000000000000000001000100100000000000000000000000000
010000001000000000000000000001000000000000000000000000000000000000010000
000000010000000000000100000000000000000001000000000000000000000000000001
000000000000000000000000000000000100000101000000000000000010000000000000
000000000000000000000000100000000000000000000010000000000010000000001000
000000000000000010000000000000000010100000000000000000000000100000000000
000000000000000000000000000000000000000100000000000000000100000000100100
000000001000000010010000000000000000000000000000000000000000000100000000
000000000000000001000000000000000010000000001000000100000000000000000000
000000000100000000000100000000001000000000000000000000000000000001000000
000000100000000000000000001000000000000000000000000000100000000001000000
000000100000000000010010000000000000000000000000000000000000000000100000
000010100000000000000000000000000000000000000000000000000000100000010000
000000000000000000000000001000000000010000000000000000010000100000000000
000000000001000000001000000100000100000000000000000000000000000000000000
000001100010000000001000000000000000000000000000000000000000000000000000
100100000001000000000000000000000000000000000000000000000000000000000010
000000000000000100000000000000000000000010001000000000010000000000000000
010000000100000000000000000000000000000000000000000000000000100000000100
000000001000000000000000000001100000010000000000000000000000000000000000
001000001000000000000000000000000000010000000000001000000000000000000000
010000000000000000100000001000000000000000000000000000000000000000001000
000000000000000010001000000000000000000001000100000000000000000000000000
001100000010000000000010000000000000000000000000000000000000000000000000
000000000000000000100000000100000100000001000000000000000000000000000000
000000000000000000001110000000000000010000000000000000000000000000000000
000000000000000000000100001000000000000000010000000000000000000001000000
000000001000010000000100000100000000000000000000000000000000000000000000
000000000000000000000000001100000000100000000000000000010000000000000000
000000000010000000000000000000000000000000000000001000000000000001100000
000000100000000100000000000000000000000000000010000000000000000010000000
000100000000000000010000000000000000000100000000000000000000000000000100
000000000000000000000010000000000000000000000001000000000000100000000010
000000000000000000000010000000000000000000000010010000000100000000000000
000000000000000000000000000000000100000000000001000000010000000100000000
000000000000000000000000000000001000000000000001001000001000000000000000
000000000010000000000000000000001000000000000000000001000000001000000000
000001000000000000000100000100000000000000000000000000000000000000000010
000000000000000010000000000001000000000000000010000000000000100000000000
000000000000000100000100010000000000000000000000100000000000000000000000
000101000000000001000000000000000000000000000000000000001000000000000000
000000000000000000000000000000010000000000000000000000000000011000010000
100000000000000000000000000000000000000000000000000001000010000000010000
000000001000000000000000000000000010000000001000000000000000010000000000
000000000000000000101000000000000000000000000000000000000010010000000000
000101000000000100000000000000001000000000000000000000000000000000000000
000000000000000000000000000100100000000000000000000000001000010000000000
000000000000000001000001000000000000000000000000000010000000000000010000
000000001000000000000100000000000000000010000000000010000000000000000000
000100000000000000000000000000000000000000000000010100000100000000000000
000000001000000000000000000000000000000000010000000000000000000101000000
000000000000000000000000000000000000000000100001010000001000000000000000
000100000000000000000100000000000000001000000000000000000000000000000010
000010000000000000000000010000000000000000000000000000100000000000000010
000000010000010001000000000000000010000000000000000000000000000000000000
000000010000001000000000000001000000000000000000000001000000000000000000
000100001000100000000000000000000000000000000000000000000001000000000000
000000000000000000000000100000000000000001101000000000000000000000000000
001000000000000000000000000001000000000000000000001000000000000000100000
000000000010000000000000000000000000000000101000000000000100000000000000
100000000001000000000000000000000000000000000100000100000000000000000000
101000100000000000000000000000000000000000000000000000000000000100000000
000000010001000000000000000000000000010000000000000000000001000000000000
100000000000101000000000000000000001000000000000000000000000000000000000
000000000000000000000000000000100001000000101000000000000000000000000000
000000000000000100000000000000000000000000000001000000000000000100100000
000100000000001000100000000000000000000000000000000000000000000000001000
000000000000000000000000000001010000000000100000010000000000000000000000
000000001000000000000000000000100000100000000010000000000000000000000000
001000000000000000001000001000000000000000000000000100000000000000000000
000000000000100000000000001000001000000000000000000000000000000000001000
000000000000000100000000000000000000000000000000000000010000000100100000
000001000000000000000000000000000000000000000000001000000000000010000100
000000000010000000010000001000000000100000000000000000000000000000000000
001000000000000000000000000000000000000000000000000000010000001100000000
000100000000000000100000000000000000000000010000000000000000000000001000
000110000000000000000000000000000000000000000000000000000010000000000100
100000000000000100000001000000000000000100000000000000000000000000000000
100000000000001000000000000000000000000000001000000000000000100000000000
000000000100000000000000000000000100000000000100000000000000001000000000
000010000000000001010000000000000000000000000000000000000000000001000000
000000000000000000000001000000000000000001010000000000000000000100000000
000010010000000000000000000000000000000000000000000010000000000100000000
100000000000000000000000000000000010000000000000000000000000000000001001
000000000001000000000000000000010000000000000000000000000000000000000011
000000000000000000000000000000001001010000000000000000000000000000010000
000000000000000000100000001000000010000000000000000000000100000000000000
000110000000000000000000000000000010000000000000000000000000000001000000
000000000001000000001000000000000000000000000000000000001000001000000000
100000000001000000000000000000000001000100000000000000000000000000000000
000000000000000000000000100100000000000010000000000000000000000000001000
000000000000000100000000000000000000000000000000000000000010010100000000
000000000000000000000000000100000001000000000000010000000000010000000000
001000000000000100000000001000000000000000000000100000000000000000000000
000000000100000000000000001000000000000000000000000000010000100000000000
000000000100000001000000000000000000000000000000000000000010001000000000
000000000000100000100000000000000000000010100000000000000000000000000000
000000000000011000000000100000000000000000000000000000000000000000000010
000000000000000000100000000001000000000000000000000000000000000000001100
000000000100000000000000100000000000000000010000000000000100000000000000
000000010000110000000000000000000000000000000000000000000000000000010000
000000000000001000010010000001000000000000000000000000000000000000000000
000000001000001000000000000001000000000000000000000000010000000000000000
000000000000000000000000000000000110000000000000100000000000001000000000
100000000000000000000010000000001000000100000000000000000000000000000000
000001000000000000000000000001010000000000000000000000100000000000000000
000000010000000000000010000000000000000000000000000000000000000000100010
000000010000000000100000000001000000000000000010000000000000000000000000
000010000000000000000000000000000000000000000000000000000100000000010001
000100000100000000000000000000000000000000100000000000000010000000000000
000000000010001000100000000000000000000000000000000000000000100000000000
000000000000000000000010000000001000000000000000100100000000000000000000
000000000100000000010000000000000000100000000000000000100000000000000000
000000000000100000000000000000000001000000000000000000000000000000010001
000000100100000000000000000000000000100000000010000000000000000000000000
100100000000000000000000000000001000000000000000000000000000000001000000
000001000000000000000100000000000001000000000100000000000000000000000000
000000000000000000000000000000001000000010000000000000000001000000001000
001000000000000000000000100100000000000010000000000000000000000000000000
000000000000001000000100000000000000000000000000000000000000000110000000
000000000010000000000000000000000000100000010000000000100000000000000000
000000000000000000010010000000000000000001000000001000000000000000000000
000000000000000000000000100000001010000000001000000000000000000000000000
000000000000001000001000000000000000000001000000000000000000000010000000
000000001000000000000000000000010000000000000001010000000000000000000000
000000000000000000100000000000010000000000000000000000000000100001000000
000000000000100001000000000000000000000000100000001000000000000000000000
000100000000010000000000000000000000000001000000100000000000000000000000
000000000000000000000000000000000001000001010000000000000000000000000001
000000000000000000100000000000000000000001000000000000000000000000100010
000000000000000000001000000000000000000000100010000000000000000000100000
000000000000000010000000000000000000000000000000000000100001100000000000
000000000000000000000001001000000001000000000010000000000000000000000000
000000000000000000000000001000000000001000000000000000000100000000100000
000000000000000000000000000000001000000001000000000000010000100000000000
000000000000100000000000000000010000010000000000000000000000000000000010
000001000000000000100000001000000000000000000000000010000000000000000000
000010000100000000000000000100000000000100000000000000000000000000000000
000000000000001000000000000010000000000000000000001000000010000000000000
000000000000000000000010100000000000000000000000000000000000010000001000
000100000100000000000000000000000000000100000000000000000000000000000010
000000000000010001010000000000000000000000000000000000000000000010000000
000000000001000000001000000000000000000010000000000000000000000000010000
000000000000001000000000000100000000001000000010000000000000000000000000
000000000000010000000000000000000000000010001000000001000000000000000000
000000001000000000000000001000000000001000000000000000100000000000000000
001000000000000000000000000000000100010000000000000100000000000000000000
000000000000000010000010000000000000000110000000000000000000000000000000
000000000000000000001000000000000000010000000001000000001000000000000000
000000000000000000000000010000100000000000001001000000000000000000000000
000000000000000000000000000000001000000000000000010000000000000100000001
000000000000000000000000000000100000000001000001000000000000000000010000
000000000010000000000000100000000000000010000000100000000000000000000000
000000000000010000000000000001000000000001000010000000000000000000000000
000000000000100000100001000000000000000000000000000000000000000000001000
000000000000010000001000000001000000000000000000010000000000000000000000
000010000100000000000000010000000000000000000000000000000010000000000000
000000000000000000000000000000000000000000000100000010000000010000100000
000000000100000001000000100000000000000000010000000000000000000000000000
000000000000001000000000000000000100000000000000000000000001001000000000
001000000000000000010000000000000000000000000000000000011000000000000000
000000000000000100000000000001000000000000000000000001001000000000000000
000000000100000100000000100000000000000000000000000000010000000000000000
000000000000001000000000000000000000010000001000000000000000000000000100
000000000000000000001000000010000000000000000000000001000000000000000001
001000000000000000000100000000000000000000000000000011000000000000000000
000000000000000000000100000000000000000000000000101000000000000000000001
000011000000000000000000000000000000000000000000000000000000010000000001
000100100000000000000000000000000000000000000000000001000000000000000001
000000000000000000000000000010000000000000010100000000000000010000000000
000000000000000000000000000000000000000100000000001000000001001000000000
000001001000000000000000000000000000000000000000000000000000001000001000
000000000000000000000000000000000000000000100000000010000000010100000000
000000000000000001100000000000000000010000000010000000000000000000000000
010000000000000000001000000000000000000010000000000000000000000100000000
000000000000000100001000000100000000000000000000001000000000000000000000
000000000000100000100000000000010000000001000000000000000000000000000000
000000000000000010000000000001000000000000000000000000000100010000000000
000000000100000000001000000100000000000000000000000000000000000000100000
000000000000000000000000000000001000000000000000000000101000000000100000
000000000000001000000000000000000000010000000000010000000000100000000000
000000000000000000000100010000000000000100000100000000000000000000000000
000000000000000010000000000000000000000000100000100000100000000000000000
000000000100000000000010000010000000000000001000000000000000000000000000
000000000000010000000010000000100000000000000000000000000000000100000000
010000000000000000000000001000001000000000000000000100000000000000000000
000000000000000000000000000000000000000000000010010000000000000001000001
000000000100000000000000100000000000000000010000000000000000000100000000
000001001000000000000000000000000000000000000000000010010000000000000000
000001010000000000000000000010000000000000000000000000000100000000000000
010000000000000010000001000000000000000000000000000000000010000000000000
000000001000000000000000001100000000000000000000000000000000000000010000
000000000000000000000000000100000000000000000000000000000000010000001010
000000100000000000000000010000000000000000000000000000000000001000000010
000000000000000000000000100000000000000100000010000000000000100000000000
000000000000000000000100010000000000000000000000000000000000001100000000
010000001000000000000000000000000000000000000000000000000000100000000010
010000000000000000010000000000001000000000000000000000000000000001000000
000000000000000000000000100000000001000000010010000000000000000000000000
000000000000000000100100000000000000000000000011000000000000000000000000
000001000000000000000000000000000000000000000001001000000000000100000000
001010000000100000000000000000000000000000000100000000000000000000000000
000000000000000010001000001000000000000000000000000000000000000000001000
000000000000000000000001000000000000000000000000100000000010000100000000
000000000000001000001000000000100000000000000000000010000000000000000000
000000001000000000000000001010000000000000000000000000000100000000000000
000000000000000000000001000000010000000000000000000000000000000101000000
100000000000000000000001000000101000000000000000000000000000000000000000
000000000000000000001000000000000100000100000000000000000000000100000000
000000000000000000000000000000000000100000000000000001000000000100000010
000101000000000000000000000000000000000001000000000000000000000000000100
000000000000000000000000000001010000000000100000000000000100000000000000
000000000000000000000110010000000000000010000000000000000000000000000000
000000000010000000000000000000000001010000000000000000000000000010000000
000000000000100000000000000000000000000000000000000000000000000110000100
000010000000000000000000000000000000010000010000000001000000000000000000
000000000010000000000000000000001000000000000000000100010000000000000000
000000000000000010100000001000000000000000000000000000000000000100000000
000000000010000000000010000010000000000000100000000000000000000000000000
000010000000000000000000000000000010000000010000000000000000000000000010
000000000100000000000000000000000000000000100000000000000000000000000011
000000000000000000000000000100000000000001000010000010000000000000000000
001000000000000000000000100000000000000100000100000000000000000000000000
010000000000000000100000000000000000000100001000000000000000000000000000
000000000000000100100000000000000000000000000100000000000000100000000000
000001000000000000000001000000000000000000000001000100000000000000000000
000000000000000000001000000000000000001000000000001000000000000100000000
001000001000000000000000000001000000000001000000000000000000000000000000
000000000000000000000011000000000001000000000000000000001000000000000000
000000000000000000010010000001000000000000000000001000000000000000000000
010010000000000000000000000001000000000000000000000000001000000000000000
000000000000000000000000010001000000000010000010000000000000000000000000
000000000000000101000000000000000000100000000000000000000001000000000000
000000000000000100010010000000000000000000000000000000000000000000100000
000001000000000000000000000000000000000001100000000000000000000000001000
000000000000000000000000000001001000000000100000000010000000000000000000
100010000000000000000001000000000000000000010000000000000000000000000000
000000000000001000000000000000000000100000001000000000001000000000000000
000000000000000000000000100001000000000000001000100000000000000000000000
000000001000000000000001000000000000000000000000000000000110000000000000
000000000000000000000001000000000000000000000000010010000000000001000000
001000000100000000000000000000000000000000000000000000000000001000000010
000000000000010100000000000000010000000100000000000000000000000000000000
000000000000000000000000000001000000010000010000000000000000000010000000
000000000010000000000000100000000000000000000000000000000001000000001000
000000010000000100000000000000000000000001000100000000000000000000000000
000000000000000000010001000000000000000000001000000000000000100000000000
000100000000000000000000000001000001000000000100000000000000000000000000
000000000000000000000000000100000000000001000000000010000001000000000000
000000100000000000000000000000000000100000000000000000001000000000000100
000000000000000100100001000000000000000000000000000000000010000000000000
000010000001000000000000000010000000000000000000000000000000001000000000
000001000000000000000100000000000000000010000000100000000000000000000000
000000100000001001000000000000000000100000000000000000000000000000000000
000000000000000000000010000000000100000000010000000000000000100000000000
000100000000000000001000000000000000000000000000000001000000000000001000
000100000000010000000000000000000000000000000000100010000000000000000000
001000001001000000000000000000000000000000000000000010000000000000000000
000000000000000000000000001000100000000000000000000000000001000000000001
000000000100000000001000100000000000010000000000000000000000000000000000
000000000000000000000100001000000001000000000000000000010000000000000000
000000000000001000000000000000000000000000000010000000000000000100000010
000100010000000000000000000000000000000000000010000000000010000000000000
100000000000000000000000000101000010000000000000000000000000000000000000
000000010000010000000000000000000000000000000000100000000000000100000000
010000000010000000000000000001000000000000000000000000000000000100000000
000000000010000000100000000000000000000010000000000001000000000000000000
000010000000000000000000000000000000000000000000001000000010000000000100
000000001000001000000000010000000001000000000000000000000000000000000000
000000000000000000000000000100010000000000000000000000010000010000000000
000000010000000000000000000000000010000000000000100000000000000010000000
000000000000000010000000000000101000000000000000000000000000000000000001
000010000000000000000000000000000000000000000010000001000000000000000100
000000100001001000000000000000000000000000000000000000000001000000000000
000000000000000000000000000000000000000000000100001000000001000001000000
100000000000010000000000000000000000000000000100000000000000001000000000
000000000000000000100000000000000100000000000100000000000000100000000000
000001000000001000100000000000000010000000000000000000000000000000000000
000000100000000100000000000000000000000000000110000000000000000000000000
000000000001000000010000000001000000000010000000000000000000000000000000
100000100001000000000000000000010000000000000000000000000000000000000000
000000001000000000000000000001000000000000010000010000000000000000000000
010000000000000000000000000000000001000100000000000000000000000010000000
000010000000000000000000000000000010100000000000000010000000000000000000
000001000000000000010000000000000000100000000000001000000000000000000000
000001000000000000000000001011000000000000000000000000000000000000000000
000001000010000000000000000000000000000001000000000001000000000000000000
000000000000000000000100000000000000000101000000100000000000000000000000
000100000000000000000000000000000010010000000000000000000000001000000000
000000000001000000000000000000000000000000000100000010000000000000001000
000100000000000000000000000100001000000000000000000000100000000000000000
010000000000000000000000000000001000000000000000001000000000000000000100
000000000000000010010000000000000000000000000000000000000001001000000000
100000000000000100000010000000000000000000000000000000000000000000000010
000010000000000000000000000000000000000010000010000000000000000000000001
000000000100000000000000000010000000000000000100000001000000000000000000
000000000000000000000000001000000000000000000000010001000000000000000001
000000000000001001100000000000000000000000000000000000100000000000000000
000000000000000000100000100001000000000000000000000100000000000000000000
001000000000000000000000100000010000000000100000000000000000000000000000
100000000000000000000000000010000000000000100000000000000000000000100000
000000000000000000000000000000000000000000010000100000000000000001100000
000000000000000000000000000000000000000000000000100000000010000100100000
100000000000000000000000000000000000000000000000000000000010010000000010
000000001000000000000000000000000000000001000000001000000000010000000000
000000000000000000010000000000000000000000000000101000000000000000000001
000000000000000000000000000000000000000000100000000000000000000000101010
000000000000001000000000100000000000000000000000010100000000000000000000
000100000000000000000000000000000100000000000000000100000000000000000010
000000000000000001000000000000000000000010000010000100000000000000000000
000000000000001000000000000100000000000000000000000000000001000000000001
000000000000000000000001000010000000000000000000000010000000000010000000
010000000000000000000000000000000000001000000000000000000100010000000000
000000000000000100000000010000000000000000000000000001000000000000001000
000000000000000000000000000001000000000001000000000000000000100000000100
000000000000001000000000000000000000000100000000001000000000000000000001
000000000000000000000000000000000000001000000000001000100100000000000000
000000010101000000000000000000000000000000000000000000000000000000000100
000000100000100000000100000000000000000001000000000000000000000000000000
000000000000000001000000000000000000100000001000000000000001000000000000
001010000000000000010000000000000000000001000000000000000000000000000000
000000000000000000010000100000000001000000000000000100000000000000000000
000000000010010000000000000000010000000000000000000000000100000000000000
000000000000100000000000000000001000000000000100000100000000000000000000
000000010000000000000000000000000000000000000000000001000010000000100000
000000000100000000000000001000100100000000000000000000000000000000000000
000000000001000010000000000100000000000000010000000000000000000000000000
000000001000000000000000000010000100000000000100000000000000000000000000
000000000001000001000000001000000000000000000000000000000000000000100000
000000000000000000000010000000000000010010000000000000000000100000000000
000000000000000000010100000000000000000000000000000100010000000000000000
000010000010000000000000000000000010000000000000000000000000000001000000
000000000001000000000010000000010000000000001000000000000000000000000000
000000000000100000000000000000000000000000100000000000000100000000000100
000000001000001000000100000000000100000000000000000000000000000000000000
000000000001000000100000100000000000000000000000000000001000000000000000
100001000000000000000000000000000000000000000000000000001001000000000000
000000000000000000000000000000000000000000010000000100001010000000000000
000000000000000000000000000000000000010001000011000000000000000000000000
000000000000000001000000000000000000000001001000000100000000000000000000
000100000001010000000000000000000000000000000100000000000000000000000000
000000000100000000000000001000001000000000000000000000000000000000010000
000000000000000000000000000001000000000001000001000000000000000000000100
000000000000000000000001000000000000000000000000010000000101000000000000
010000000100000000000000000010000000100000000000000000000000000000000000
100000000000100000000000000001000000000000000000000000000000000000100000
000000000000000000001000000000000000000000000100000000101000000000000000
100000000000000000000001000001000000000000000000000000000000000100000000
000000000000000000000000000001000000100000100000000000000100000000000000
000000000000000000000000000001000000000000000000000000000100000000000011
000010000000100000000000100000000000010000000000000000000000000000000000
000000000000000000101000000000000000001000000000000000010000000000000000
000000000000000000000000000100001000000000000000000000011000000000000000
000000000000000000001000000000000000000000000000000100010000000010000000
000000001000000000000000000010000000000000000001000000000000000000010000
000100001000000000000100000000000000000000000000100000000000000000000000
000010000000001000000000000100000000100000000000000000000000000000000000
001000000000001000010000000100000000000000000000000000000000000000000000
100000000001000000000000000000000000000000000000000010000000001000000000
000000100000000000000000000001000000000000010000000000000000000010000000
000000000000000001000000001000010000000000000001000000000000000000000000
000000000001100000000000000100000000000000001000000000000000000000000000
000000001000000000001000010000000000000100000000000000000000000000000000
100000000000000000000000000000000000000000000000000000100110000000000000
000010001000000000000010000000000000000000000000000000000010000000000000
000000000000001000000000000000001000100000000000000000000000000001000000
000000000000000000000000000000000000000000010000000000000000010100001000
100000010000000001000000000000000000000000000000000000000010000000000000
000000000010000000000100000000000000000000100000000000000000000010000000
000000000000000000000100000000001000000000000010000000000000000000100000
000000010000000000010000000000000010000000000000100000000000000000000000
010000000000000000000100000000000000000000000000000100000010000000000000
000000010000001001000000000000000000000000000000000000000000010000000000
100000000000010000000000000000000000000000000000000000000000001001000000
001000000000000000000000000000000000000000000000000010000000100000010000
000000000000000000000001000000000000000000000000000000000000000100000101
000000000000000000000001100000000000000000000000000000001001000000000000
000000000000000000000000000000010000000010000000000011000000000000000000
000000000000000000001000000000011000000000000000000010000000000000000000
000000010000000000000100000000000000000000001000000000000000000001000000
000000000000100000000000001000000000000000000010000000000001000000000000
000000000000000000000000001000000000000010000000010000000000001000000000
000000000000000000000000100010001001000000000000000000000000000000000000
000010000000000000000010000000001000000000000000000000000001000000000000
001000000000000010000000000000000000000011000000000000000000000000000000
000010000000001000000000000000000000000000000000000000100000000100000000
011000000000000000000000000000000000000000000000000000000100000000000010
001000000000000000000000000000100000000000001000000000000000000000000010
000000000000000000100000000000000000000101000000000000000000000000100000
000000000001000000001000000000100000000000000000000000000000000000000001
000000000000000000000010010000000000000000001000100000000000000000000000
000000100000000000000000100000000000001000000000010000000000000000000000
000000000000000000000011000000000000000000000010000000000000000010000000
000000000000010000000000000000000000000100000001000000001000000000000000
000000000000000000000000000000100000000000000000000001000000000010010000
000000100000000000000000010000000100000000000000001000000000000000000000
000000100000000010000000000001001000000000000000000000000000000000000000
000000000000000000000000000000000000000000000011000000000000000010000001
000000000000000000001010000000000000000000000000000000000001000000001000
000000000000000000000000010000000000000000000000000000000000010101000000
000000000000001000000000000000000010000000000000000000000000000110000000
000000000000100000000000000000000000001000000000000000000001000001000000
000010001000000000000000001000000000000000000000000000000000000000000001
001000000000000000010000000000000000100000000000000000000000000000010000
000000000000000000000000000000000000011000000001010000000000000000000000
100000000000000000000001100000000000000000010000000000000000000000000000
000000000000000000100000000000000010000000000001000100000000000000000000
000000000000000000000000000000000000000000000000000001000000000001100010
000001000000000000010000000000000000000000000000001000000000000000001000
000000000000000100000000000000000000000000001000000000000010000000000100
000000000000100001000000000000000000000000000000000000000000001010000000
100000000000000000001000000100000000000000000000000000000000000000000001
000000100000000000000000000000100000000000011000000000000000000000000000
000000000000010000000000000000001000000000000000100000000010000000000000
000001000000000000001000000000000000000000001000000000000000000000000010
000000000100000000000000000000000000000000000000000000000100011000000000
000000000000000000000000010000000000000000000100000100000000000000000100
000000000000001000000000000000000000000000000000000000000000010001100000
001001000000001000000000000000000000000000000000000000000010000000000000
000010000000000000100000000000000000000000000000000000000000000000000110
000000000000010000001000010000000000000000010000000000000000000000000000
000000000000000000000000100000001000001000000000000000000000000000000010
000000000000000000000000000000010000000000000000000000000000100100100000
000000000001000000000001000000000000010000000000000100000000000000000000
000000000010000000000000001000000000000000000100000000000000000000010000
000000001001000000000000000000000000000000000000000000000000101000000000
000000000000010000100000000010000000000000000000000000000010000000000000
001000000000001000000000000000000000000000000010000000000000000000000001
000000000001000000000000000000000000100000000001100000000000000000000000
000000000000000000010000000000000000001000000000100000000000000000000001
000000000001000000000000000000000010000000001000000000000000000000000100
000000000000000110000000000000000000000010000000000000000001000000000000
000000000000000000001010000001000000000000000000000000000000000000010000
000000000000000100000000010000000000000000000000000000000011000000000000
000000000000100100000001000000000000000000000000000000000000000010000000
000000000000000000000000000001000000000000000000000000001100000000000001
000000000100000001000000000000000000000010000000000000000000000000010000
000000000000001100000000000000000000000100000000000000000000000000001000
000000001000000000000000000000000000100000000001100000000000000000000000
000000000100000000100000000000000001000000000000001000000000000000000000
000000000000000000000000000000010000000000000001000010000000000001000000
000000000000100000000100000000001000000000000100000000000000000000000000
000010100000000001010000000000000000000000000000000000000000000000000000
000000000010000100000010000000000000000000100000000000000000000000000000
000000000000000000000000000010000000000000000100000000000000000101000000
000000001000000000000000001000000000000000000000000000000100001000000000
000000001000000000000010000000000000000000000000000000000000000010000001
000000000000000000000000001000000001010000000000000000000001000000000000
000100000000000000000000000000100000010000000000000100000000000000000000
000000001000000000000000000000000000000000100000000000100000000100000000
000000000000001000000000000000100000000000000001000000000000000000001000
000100000010000000001000000000000000000000000000000000000000000010000000
100000000000000000100000100000000000000100000000000000000000000000000000
000010000001000000000100000000000000001000000000000000000000000000000000
000000100000001000000000000000000000010000000000000100000000000000000000
000000000100000000000000000000000000000000100000000010000000010000000000
010000000000000000000000100000000000000000010000000000000000000010000000
000100000000000000000000010000000000000000000000001000000000000000010000
000000000000000000000010010000000000000010001000000000000000000000000000
000000000100000000100000000000000000000000000000000001000000000000001000
001001000000000000000000000010000000000000000000001000000000000000000000
010000000010000000000000101000000000000000000000000000000000000000000000
000000000000000000000010010000100000000000000000000000000000000001000000
000000000000000000000001000000000100010000000000000000010000000000000000
000000000000000000000000000000010000110000000000000010000000000000000000
000000000000000100000000000000000000000000001000000000000010001000000000
000000000000000000001000000000000001010001000000000000000000000000000000
000000000010000000010000000000000000000000000000000000001000010000000000
000010000000000000101000000000000000000000000000000000100000000000000000
000000000000000000000000001000000000000000000010000000000000000110000000
100000001000010000000000001000000000000000000000000000000000000000000000
010000000000000000001000000000010000000100000000000000000000000000000000
000000000000000000000001000000000000000000000000000000000000000001101000
000000010100000000000000000000000000000000000000000000000000000110000000
001000000000100000000010000000000000000000000000000000000000001000000000
011000000000000000000000000000000000000010000000000000000010000000000000
000010000000000000000000000001000010000000000000000000000000000000010000
000000000000000000001001000000000000000000000000000000001000000000001000
100000100000000000000000001000000000000000000010000000000000000000000000
001000000000000100100000000000000000000000000000000000000000001000000000
000000011001000000000000000000000000001000000000000000000000000000000000
000100000000000000000100000100000000000000000000000000000010000000000000
100000000000010000000010000000000001000000000000000000000000000000000000
000000100000000000000010000000000000000000001000000000000000100000000000
010000100000000000000000000000000000000000001000000000000100000000000000
000000000000000000000000000000000000000001000000000001000000100000100000
100000000000000000000010000000000000000000010000000000000000000000000010
000000000000000000100000010000000000000000101000000000000000000000000000
011001000000000000000000000000000000010000000000000000000000000000000000
000000000000000100000000000000000000010000010000000000000000000000001000
000000001000000000000001000000001000001000000000000000000000000000000000
010000000000100000000000000000000000000000000000000100000000000010000000
000100000000000000000000100000000000010000000000000000000000000000100000
000000000000000100000000000000000100000000000000000000000001000000000010
000000000000000000000000000000000000010000100000000100000100000000000000
000000000000000000000010000000000000000000100000000000001100000000000000
100000000000000000000100000000000000000000000000010000000000000000000001
000000001100000000000000100000000000000100000000000000000000000000000000
000000000000000000000000000000001000100000000010000100000000000000000000
000000000000000000001000000000000000000010000100000000001000000000000000
000000000000000000000000000000000000000001000000110000010000000000000000
001000000100000000000010000000000001000000000000000000000000000000000000
000001000000000000000000000000000000100000000010000000000000000010000000
010000000000000001000000000000000000000000000100010000000000000000000000
000000100000100000000000000000000000010000000000000000000000000000010000
000000000000000001010000000000000010001000000000000000000000000000000000
000010000000000000000100000100000000000100000000000000000000000000000000
000000000100000010001000000001000000000000000000000000000000000000000000
000010000000001000000000000000000000000000000000000000000000100000001000
000000000000000000000000000000000000000000000000001010001000000000000001
000000000000011000000000000000000000000000000000000010000010000000000000
000000000000000000000000000000000001010001000000100000000000000000000000
000000000000000000000000000000000000000000000100001100000000000000000010
000000010000000000000000000100000000000000000100000000000001000000000000
000000000000000000000000000100001000010000000000000000000000000000000010
000000000000010000010000000000000000010000001000000000000000000000000000
100000000000000000000000000000000000000000000100000000010000000000100000
000100100000000000000000010000000100000000000000000000000000000000000000
000000000000000010000000001000000000010000000000000000000100000000000000
000000100000000000000100000000000000000000001000000000000000000000100000
000100000000000000000000000100000000000000000000000000000000000010000010
000001000000000000000000001000000000000000000010000000000000000000000010
000000000000000000000000000000010000000000000000000000000100001001000000
010000000000000000000000000000000000010000000000000000000000000010010000
000000000000000000000000001000000000000000000001010000000000000001000000
000000000000000000000000010000010000000000000000000000000000000010100000
000000000000000100000001000000000000000000000000000000000010000000010000
000000000000100000000000001100000100000000000000000000000000000000000000
000000110001000000000000000000000000000000000000000000000000000000000010
000000000000000000000000000000010000000000010000000000110000000000000000
000100001000000001000000000000000000000000000000000000000000000000001000
000000000000000000000100000000000000000100000000000010000000000000010000
010000000000000000000000001000000000001000000000000000000000010000000000
000100000000000000000000000001000000000000000000000000000100000000000010
000000000001000000100000000000001000000000100000000000000000000000000000
001000000000000000000000011000000000010000000000000000000000000000000000
000000000000101000000001000000000000000000000000000000000000000000000001
010000000000000000000000000000000000010100000000000010000000000000000000
000100000000010000000000000000000000000000000000001000000000100000000000
000000000000000000000000000010000000010000000000000000100000100000000000
000000000000100000000000000001000000000000000010000000010000000000000000
000000000000000000000001000000000000000000000000000000000000101000000010
000000000000000000001010000000000010000000000000100000000000000000000000
000000000000000001000000000001000000000000100000000000000000100000000000
000000000000000000000000110001000000000000000000000000000000000001000000
000000000000000000000000000000100000000000000000000001000000000000001100
000101000000000000001000000000000000000000000000000000000000000000000010
000000000000000000000100010000000000001010000000000000000000000000000000
000000001000100000000000010000000000000000000000000100000000000000000000
000010000000010000000000000000000000000000000000000100000000000000000100
000000000000000000001000000010000000000001000000000000000010000000000000
000000000000000000000100000000000000000000000000010000000000000100000100
000000000000000000000000100000000000001000000000000000000000000001000001
000000000000000000100000000010000001000000000100000000000000000000000000
000000000000000000011000000000000000010000000000000000000000000010000000
000000000000000000000000000000000000000000000000010010100000000010000000
000000000000000000000000100001000000001000001000000000000000000000000000
000000000001000000000000000000001000000000000000000010000100000000000000
000000000000000000000011000000000001000000000000000000100000000000000000
000001001000000000000000000000000010000000000000000000000000000000000010
000010000010000000000000000000000000010000001000000000000000000000000000
001000000000000000000000000000000000010000010000000000000100000000000000
000000000000000000000000000000000000000000010000000010000000001000010000
000000000000000000000000000000000001010000100000000000000001000000000000
000100000000010010000000000000000000000000000000000000000000000000010000
000000000000000000001000100000000000000000000000000000000000010000001000
000000000000000000000000001100000000001000000000000000010000000000000000
000100000000010000100000000000000000000000000000000000000000000000000100
000000000000000000000000010000000000000000000000001010000000000000001000
000000000001000000000000000000000000100000000000000000101000000000000000
000000000000000000000011000000000000000000000000100000000010000000000000
000000000000100000000000001000000000000000000000001010000000000000000000
000000000000010000000000000000000000000000000010000000100000010000000000
000000000000000000000000000000000100000000001000000000001000000000100000
000000000000000000000010000000010000000000000000010000000000000000000001
001000000000010000001000000000000001000000000000000000000000000000000000
100000000000000000000000000000000000000000100001010000000000000000000000
000000000000000000000001000000000000101000000000000000000001000000000000
000000000000000000000000000100000001000000000000000001000000000000001000
000000000001000000000000000010000000000000000000000000010001000000000000
000000000000000000000000000000010000000010000010000100000000000000000000
000000010000000000000100000001000000000000000000000000000000001000000000
110000000000000000000000000100000000000000000000000000000000000000100000
000001000000000000000000000000000000000000100001100000000000000000000000
000000000000000000000001000000000000010000000100000000000000100000000000
000000000000000000010000000001000000000000000000000000001001000000000000
000000000000000000001000000001000000000000000000010000100000000000000000
000000000000000100000000000000000000010100000000000000000000100000000000
000000000000100000100000000000000000001000000000000000000000010000000000
000000000000000000000000000000000000000100010000001000000000000000010000
000000100000000000000000000000000010001000000000000000010000000000000010
000000000000000100000000000000000000000000000010100000100000000010000000
000011000000000000000000000000000000000000100000000000001010000000000000
100000000000000100000000000000000000000000000000010010000000000000100000
000010000000001000000000000000000000000000000100100001000000000000000000
000001000000000000000001000000000000000000000000000100010000100000000000
000000000000000001100001000000000000000001000001000000000000000000000000
000010000000000010000000000000000000000000010100100000000000000000000000
000000000000000000000000000000000000010000000001000010000000000000001001
100000010000000000000000000000000001000000000000000000000000100000000010
000100000000000000001010001000000000000000000000010000000000000000000000
010000000000000000000001000100000000000001000000001000000000000000000000
000000001010000000000000000010000000000000000000001001000000000000000000
000000001000000000100000000000000000000001000000000000100000000010000000
000000000000001000000000000000000000000000001000000000000001000001000010
000000010000010000000000000000100000000000100000000000000010000000000000
000001000000010010000000000000000000001000000000000000000000001000000000
000000000100000101000000000001000000000000000000000010000000000000000000
000000000000000001000000010000000000000000000001000000000000100000001000
000000000000000010000000000000000100000000000000000010000000000010000001
100000000000000010000000000010000000000000000010000000000000000001000000
100000000010000000000000000100000000000000001000000000000001000000000000
000000000001100000000001010000000000000000000000000001000000000000000000
000001000000000001000000000000000000000100000000001000001000000000000000
000000000010000000100000000000000000000000000000100010000000000001000000
000010001000000000000000000000100000000000000001000000000000000000000001
000000000000000010100000000000000100000000000000010000000100000000000000
000000000000000100100000001000000010000000000000000000000000000100000000
000001000000000000100000000000000000010000010010000000000000000000000000
000001000000000000000000001100000001000000000000000000000000001000000000
000000000000001000000101000001000001000000000000000000000000000000000000
000000000001000000000000000000001001000000000001000000001000000000000000
000000000000110000000000000101000000000000000000000000000000000000010000
000100000000000000000000000010000000000000000000000000000000001010001000
011000001000000000001010000000000000000000000000000000000000000000000000
000000000000000000001100000000110001000000000000000000000000000000000000
000000010000000100000000000000100000000010000000000000000010000000000000
000000000100000100000000000000000000001100000000000010000000000000000000
000000000000000000000000000000000001000010000001000000000000000100010000
000001010000100100000000000000000000000100000000000000000000000000000000
000000000000000000000000010000000010000000000000000000011010000000000000
000010000100000000000000000000000000101000010000000000000000000000000000
000000000100000100000000010000000000000000000000000000000000100000000010
000100001000100001001000000000000000000000000000000000000000000000000000
000000100010000000000000000000000000000000000001000100000000000000100000
000000000000000000000000000000000100000000000000010001100000000000010000
000000000000000000000000000000011000000010010000000000000000100000000000
000000001000000000000000000001100000001000000000000000000000010000000000
010000000000000000000000000000000000000100000000100000010000000000001000
000000000000000001010000000000000000000000010000000000000001100000000000
000000000000110000000000000010001000000001000000000000000000000000000000
000001000000000000000000000000000000001000000000010000000001000000001000
000000001000001000000000100000000000000000000000001000000001000000000000
000000000000000000000000000000000000000010000100000100001000000001000000
000000001000000000000100000000000000001101000000000000000000000000000000
000000000000000010000000100000000000000000000000000000000100010100000000
000000001000000000000100000100000000000000010000000000000000000000000001
000000000000000000000000100000001000000010000000000001000000000000000001
000000000000000000000100001010000000000001000000000000100000000000000000
000100000000000001001000000000000000000000000000000001000000000100000000
101000000000001000000000000000000000000000100000000000000000000000010000
000000000000000000000011000000000000000000000000000000011000010000000000
000001000000000000001000000000000000000000000000000011010000000000000000
000000000000000000000000001000000000010000000000000010000000000010000010
000000000000000000001000010000100000000000000000000001000000000001000000
100000000000000000000000000000000000000000010000010000000001000000100000
000000000000000000000010000000010001001000000000000000000000000000000100
000101000000000001000000000001000000000000000000010000000000000000000000
000000000100000000000000000100000000100000000001000000000000010000000000
000010000000000000000000000000000000000100000000000000001000101000000000
000000000000000000000000100000000000001000000000000100000000100000010000
000000000000000100000000000100000000000001000000000000000011000000000000
100000000000000000000001010000000000000000100000000000000000000100000000
001000000000000000000000000000000000000001001000000000000000000001000100
000000100100000000000100000010000000000000000000000000000000010000000000
000000000000101000100100000000000000010000000000000000000000000000000000
000001000000001010000000000010000000010000000000000000000000000000000000
000000000000100000000000001000000000000000000000000000100000000010100000
001000100000000000000000000000000000000000000000000000000100011000000000
010100000000000000000000100101000000000000000000000000000000000000000000
000000000000000000000000101000010100000000000000000000000000001000000000
000000000010000000000001000010000000001001000000000000000000000000000000
000000000000000000001000000000100000000000100000100000010000000000000000
000000000000000000100000000000101000000100000000100000000000000000000000
011000000000000000000000000000000000001000000000010001000000000000000000
000000000010000000000100001010000000000000000000000000000000000000000010
000000000000100000000000000000001000000000000000000101000000000000000001
000100000000001000001000000001000000000000000000000100000000000000000000
010000000000000100000010000000000000000000000000100000000000000000010000
100000000000000000000000100001000000000010000000000000000000000000000001
000000000001000000000000010000000010000001000000000000000000000001000000
000000000000001000000000000000000000010000100000001000000000000001000000
000000000010000100000000000010000000000000000000000000000010010000000000
000000000000000000000000000000000000000000000100000000001010000000100100
000010000000000000001010000000000000010000010000000000000000000000000000
000001000000000000000000001001000000100000000000000000000000000000000001
100000000000100000000000010000000000001000000000000000000010000000000000
000000010000000000000000000000000000000100000000000000001100000000100000
000000000000000000000001100110000000000000000000000000000000000100000000
000000100000001000000000000000000000001000000000000000000000010000000010
000000000001000000000000010000000010000000000000000000000000000000110000
000011110000000000000000000000000000000000000000000000100000000000000000
000000000000000000000000000001000000000000001000000000000100000001000010
000000000001000000001000000000000000000000010000000000000001010000000000
000110000000000000000010000000000000100000000000000100000000000000000000
000000000000010000010000000100000000000000000000000000000000011000000000
000000001000000000000010000000000000101000000000000000100000000000000000
000000000000000000000000010000000000100000000100000100000000000010000000
001000100000000000001000000000000000000000000000010000000000000000000001
000001000000000000000000001000000100000010000000000000010000000000000000
000000000000000000000000100000001000100000000000000000000000000011000000
000000001000000000000000010000000000000010000000000000000001001000000000
001100000000000000000000000000000000000010000010000000000000000001000000
000000000000000000000000000001000001000000010010000000000000100000000000
000000010000000000000000000000000100000000000011000000000000001000000000
000100000000000000000000010000010000000000000000000000000000010000000100
000000000000000001000000000000000000000000100000001000000000000010000100
000010000000010000000000000000000000000100000000000000000101000000000000
000000000000000000100000000000000000000001000100100000000000000000000100
000000000000010000000100000000000000000000000000000000010001010000000000
000000000010010000000000000000000000000010000000000000000100000001000000
100000000000000100000000000000000010000000000000000000000000000001000010
000000000001000000100000000000000000000000000000000000000100000010001000
000000000111000000000010000000000010000000000000000000000000000000000000
110000000000000000000100000000000100100000000000000000000000000000000000
000101000000000000000000000000100000000000000000000010000000000000001000
000001000000000000100000000000000000001000000000000000100000000001000000
000000000000000000000000000000000000000000000001100000000000110000000100
000000000000011000000000000001001000000000000000000000000000000000100000
000000000010001000001000100000000100000000000000000000000000000000000000
010000000001100000000000001000000000000000000000001000000000000000000000
001100100000000000000010000000000001000000000000000000000000000000000000
000001000001000000000000000000000000000000000000000010000000000001001000
000000000000000000000010001000001000100000000000000000000000100000000000
000000000000000000000000000000000000000000000000000000000000001110000110
000000000000000000000000001000001000001000000000001000000001000000000000
100000001000000000010000000100000000000000000000000000000000000010000000
000000000000000000010000000000000100000000010000000000000000000000000011
000000000000000000000000000000000001000010000000001000000100000000100000
000001000001000010010000000000000000010000000000000000000000000000000000
000100000000000000000000100000000000000000000001000000000000000000110000
100100000000000000000000000000000000000001000000000000000000001000000100
000000100000110000000000000000000000000010000000000100000000000000000000
000100000000000000000100000000000000000000000000000000100100001000000000
000000100000001000000000000000000010000000000100000000000000010000000000
000000000000000000000000000000000000000100000010000000001000010000000010
011000000001000000000000000000000000000000000000000000000100010000000000
000000000010010000000000000000000000000000010000000000000000001000100000
000000000000000010000000000000010000010000001000010000000000000000000000
100000000001000100000100000000000100000000000000000000000000000000000000
000000000011000000000000001010000000000000000000000000000000000000000100
000010000101000000000000010000000000000000000000000000000000000000001000
000010000000000000000010000001000000100000000000000000000000000000000001
000000000000100000000100100000000000000000000000000000001000100000000000
001000000001000000100000000000000000000000000000000000000000000000110000
000000100000000000000000000010000000000100000000001000000000000010000000
010010000000010000000000000100100000000000000000000000000000000000000000
000000000000100000000010000000000000000000000000000000000001010000000100
000000000011000000000000001000000000000000000000100001000000000000000000
000000000000000000100110000000000000000000000000000000000000000000101000
001000001010000000000000000000000000000000000000001000000000000000000100
000000010000100000100000000010000000000000000000000000000000000000010000
000100000000000100010000000000000000000100001000000000000000000000000000
000000000001000000000000000100000000010100000000000000000100000000000000
000000100101000000000000101000000000000000000000000000000000000000000000
001100000000000000000000000000000000001000010000000000000100000000000000
000000001000000000000000000001000010000000000000000000010001000000000000
100000000000000001000010000000001000000000000000000000001000000000000000
100000000000010100000000000000000001000000000000000010000000000000000000
010000000000000000000000000000000100000000100000001001000000000000000000
000000000001000000000100100000000000000000000000010000000001000000000000
000000000000000100000000010000000001000100000000000000010000000000000000
000000000001000000000000010000000000000000100000001000000000000000100000
000001000000000000010100000000000000000000000000000000010000000000000001
000000000000000000000010100000000000000000000010000001010000000000000000
000000001000000000000000000010000000000000001000000000000000010001000000
000000000000000100000000000000001000000000000000010100000100000000000000
000000001010000010000000000000000000000100000000000000000000010000000000
010000100000000000000000000000000000000000000000100000100000000001000000
000000000000000000010000100000000000000000000000000010000000010010000000
000000000000000010000000000000010000000000000000100000000000000001000001
000001000000000100000000000000000000000000000000000000000101000010000000
001000000010000000000000000000100000100000000000000000000000100000000000
100000000000000000000000000000000000100000100000000000000000001001000000
000000000000000100100000000010000000010000000000000000000000001000000000
000000000000000000000000000100000000001000000000010000010000000100000000
000000000100000000000000000000000000000100001001001000000000000000000000
010000000000000000000000000000000000001000000001000000000010010000000000
000000000000000000000100010000000000000000000010000000000000000000101000
000001100000000000000000000001001000000000000010000000000000000000000000
000000000100100000000000001100000000000000000001000000000000000000000000
010000000010000000000000000000000010000001000000000000001000000000000000
000000000000000000000100000000100000001000000000000010000000000010000000
000000000000000000000000000000001000010000001000000100000001000000000000
000000000001100000000000000000000010000000010000000000000000000001000000
001000001000000000100000000001000000000000000000000000000000010000000000
000000000000000100000000000000000000000000000110010000000000000000010000
000000001000000000000000000100000001000000000000000000001000000000100000
001000000000000000000001000000000000000000000000000000010000100000001000
100000000000000000100001000000000000100000000000000000000000000100000000
000000000000000100000000000000000000000110000001000000000100000000000000
100000000000000000000000000000000000100000000000000010000000011000000000
000000100010000000000000000000000001000000000000000000000100000000010000
001000000000000000000100000000000000000000000100000000100000000100000000
000000100000000000000000000001000001000000000000000000000000000000001100
000000000000000001000000000000000000100110000000000000000010000000000000
000001000010000001000000100000000000000000010000000000000000000000000000
000000010000100010000000010000100000000000000000000000000000000000000000
001000010000000010000000000000000000000000000000000000001000010000000000
000000000000000010000000100000000000000010000010000010000000000000000000
000101000000000000100000010000000000000000000000000000010000000000000000
000000000000000000000000100000000010000000000000000000000100000000000101
000000000000000000000000000010110000000000000000000000000000010000000010
000000000000000100000000000000000001000000000000000001000000100000000100
000000000000000011101000000000000000000001000000000000000000000000000000
000000001100000000000000000000000000000000001000000001010000000000000000
100000010000000000000000000000000000000001000000000000000000000100000001
010000000000000000000000000001000000000000010000000000000000001000010000
000000000010000000000000000000000000000100001001000000000100000000000000
000000000000000000100001000010000000000000000001000000000000010000000000
000000000110000000000000000000000000000100000000000001010000000000000000
000000010100000000000000000000000100000000000000010000000000000000000001
000000000100000000000000000001000000100000000101000000000000000000000000
000000000000010000000000000000000010000000000000000000000010000000101000
000010000000010000010000100000000000000000000000000000000000000000000010
000000000000010000000000010100000000000000000000000000000000000100100000
000000000000010010010000000000000001000000000000100000000000000000000000
000000000000000010000000110000000001000000000000000000000000000100000000
000000000000000000000000000000100000000000000000000010000010010000000010
000000000001001000000000000000000010000000000000000000001000000000100000
000000000100000000000000100000001100000000000000000000000000001000000000
000100000000000000000001000000000010000000000000000001000000000000000010
001000000000000000001000000000000000000000000000100000100000000000010000
000100000000000000000000000000000100000000000000000000001000000000100010
000000000000000000000000000000000000000000000010000000000001000101000010
100000000000000000000000000000100000000000010000100000000000000100000000
000000000000000000010000000000100000001000000000000000000000100000000010
010000000000000000000000010000000000000000001000000000000000001000000010
101000000000000000100000000000000000100000000000000010000000000000000000
000000000000010000100000000000000100001000000000000000000000010000000000
000100000100000000000000010000000000000001000000000000000000000000001000
000000000001000101000000000000000000000000000000000100000000000000010000
000000100100000000000000000000000000000000001000000000100000000000000010
000010000000000000010000000000000000000000000100000000001000010000000000
000000000001000000000000000010000000001001000000000000000100000000000000
000000000000010010000100000011000000000000000000000000000000000000000000
000000000000100000000000100000000000001000000000000000000001010000000000
000001000010000000001000000000000000000100000000000000000000000000000001
000000100000000100000000000001000000000001000000000000000000000001000000
000000000100000000001000000000000010000000000000100000000000010000000000
000000000000000000000010000000001100000000000000010100000000000000000000
000000000000000000000000100000000000000000000000000000010001010000000010
000000000000100000010000001000000000010000000000001000000000000000000000
000000000001000000001000000001000000000000000010000000010000000000000000
000000000000000010000010000000000010100000000000000000001000000000000000
000000000011001000000000000000000000000000000000010000000000000000000100
000000001000000100001000000000000000000000000000100000000000000000100000
000000000000000000000110100000000000000000000000000100000000000000001000
000000000000000000000000100000000000000011000000010000000000000000100000
001000000000000000100000010000000000000000100000000000000000001000000000
000001000000000000001000000000000000000100000000000100010000000000000000
000001000000000000001000100000000000001000000000000000000000000000100000
000000000000000000000000000010000000000000000001000010000000100001000000
000000000000000000000010000000001010000000000010000000000000000000010000
010100000100000000010000000000000000001000000000000000000000000000000000
000100000001000100000000000000001100000000000000000000000000000000000000
001000000100000000000000000000001000000000000000100010000000000000000000
000000000000000000010000000010000100000000000000000001000001000000000000
000000000010000000000000000000110010000000000000000000000000000010000000
001000000000000000000000000000000000000000000010001000000000000000000101
000000000001000000001000000000000000000100000000000000001000000000001000
000000010000100000001000000000000000000000000000010010000000000000000000
000000000000000000000000000000000001000000000000001000010100000000010000
010000000000000000000001000000000000000001000000100000000000000000100000
000000000000010000000000000000000000100010010000000100000000000000000000
100000000000000000000000000000000001000000100100000100000000000000000000
000000100000000000000001000000000000000000000000000000000000100000110000
100100000000000000000000000100000001000000000000001000000000000000000000
000000100000000100001000000000000000000000000000000000000101000000000000
000000000000000000000010000000000000010000000000000001000000000100100000
000100100000000001000000000100000000000000000000000000010000000000000000
000000010000000000000000000001000000000000000000000110000000000010000000
000100000000000010000000000000000000000000000010000000000000001000010000
000000010000000010010000000000000000000100000000000000100000000000000000
000010100000000001000000000000000010000000010000000000000000000000000000
000000000000000000000000101000000000000010000010000000000000000000100000
000100110000000000000000000000000000000000000000001000000000000000010000
001000000001000000000000000100100000000000000000000000000000000010000000
000000000010000100000000000000000000100001100000000000000000000000000000
001000010000000000000000000000000000000000100000000000000000000011000000
001100000000000000000000000000000000100001000000100000000000000000000000
000000000000000000001001000000000100000000000000000000000010000000010000
000000001000000000010000000000010000000000000000000000000000000100001000
001000000000000000000000000000000001000001000010000000000000000010000000
000100000000000000000000000010000010000000000000010000001000000000000000
000000000000000000100000000000000100000000000000000001000000000001000100
000000000000010010000000000000000000000000010000011000000000000000000000
010000000000010000000000000000000000000000000000010000000000010010000000
000000011010000000000001000000000000000000000000000001000000000000000000
000000000000000000000000000001000000010000100000000000100000010000000000
000000100001000001001000001000000000000000000000000000000000000000000000
000000000001000100000000000000000000000000000000000000000001000100010000
000000000000000001000000000000000100000010001000000000000000001000000000
000000000000000000000000000000000010000010000001000000000000010000000001
010000000000000000000001000000000000000000000000000000000110000000010000
001000000000000000000000001000000000000000000100000000000000010000000100
000000000000000000110000000000000010100000000000000000000000000000010000
000010000000000000000000010000110000000000000000001000000000000000000000
000000000000000000000000000000100000100000010000000000100000000000001000
100100000000000110000000000000000000000000000000000000000000010000000000
010000000000000000000000000000100000010000000001100000000000000000000000
010000000000000000000000000000000000000100000000000000010000000010010000
000000000000000001000000000000010001000000000000000010000000000000000010
110000000000000010000000000000000000000011000000000000000000000000000000
000000000000000000000010000100000000010001000000000000000000010000000000
000000000000000000000010000000000000000010001000000000000000000000100001
000100000000000000000000000011000000000000000000000000000000000000010010
000000000000100000000000000000000000000000001000001000001000000001000000
000001100000000010000000000000000000000000010000000000000001000000000000
000000000000010001001000000000000000001000000000001000000000000000000000
000000000100000000000001000000000000100001000000010000000000000000000000
000000000000001000000000010000010000000000000000001000000000010000000000
000000000000000000100000000011000000000000000001000000000000000000000001
000100000001000000000000000000000010000000000000000000100000100000000000
000000000000000000000001000000010000000000000000000001001000100000000000
000000001000000000000000000000000000100000000000000100000010010000000000
000000000010000000010001000000100000000000000100000000000000000000000000
000000000000000000000000100000000100000000100000000000000110000000000000
000000000100000000000000010000000000000000101000000000000000000100000000
010000000000000000000000000100000000000000000000000000000010000100001000
000000010010000000000000000000000000001000000000100000100000000000000000
000100000000000000000000000100000000000000000010000100000000000010000000
000000000000000000100000000000000001000000000100000000000000100010000000
000000010000000000000010000000000000000000000000000000000010001000100000
000000000010000000110000010000000000000000000000000001000000000000000000
000000000000000001000000001000000000000000000000000000000000000110000100
000000000000000000101000000000000000000000010000000000010000010000000000
000000000000100000000000000000010010000000000000000000000000000010100000
000000000000000000000000000000001000000010000100001000010000000000000000
000000000000010011000000000000000000000000000000000000000000001000000100
000000010000000000000000000000011100000000000000000000000000000000000010
000000000100000000100000010100000000000000010000000000000000000000000000
000100101000000000000000000000000000100000000000000000000000001000000000
010000000000000000001000000000000000000000010000000100100000000000000000
000000000000000001000000001100000000010000000000000000001000000000000000
001100100000000000000000000000000000000000000000000000000010000000100000
000010000000000000010000000000000000000000000000010000001000000000001000
000000000010000000000000000000001010001000000000100000000000000000000000
101000000000000010000000000010000000000000000000000000000100000000000000
000000000000000000000000000000100000000000010010000000000001000000010000
000000100000000000000000000000000000000000000000000000000000001110000010
000000000000000000001000000000000000000001100000000000000010000010000000
000000000000000000000000000000000001000000000000101000000100001000000000
000000000000001000000001000000100000000000000000000000000000001100000000
001000000000000000000000000001000000010001000000001000000000000000000000
000000000000000000000000000010000000101000000000100010000000000000000000
000000000100100000000000000000000000000000000000010000000000101000000000
000000000000000000000100000000000000000000100000000100100000100000000000
000000000000000000000000000000000000000010000000000000010001010001000000
100000000000000010010000000000000000000000100000000000000000001000000000
000000000000000000100000000100000000001000000000100000000000000100000000
000000000001000001000000000000000000000000000000000001000000000100000001
000000000000000010000000100000001010000000010000000000000000000000000000
010000000000000010000000000001000000000000000000000000011000000000000000
100000001000000000000000000000000001000000000000000100000001000000000000
000000000000000000000100000000000000000001000000000000000001001010000000
000001000000000000000000000000000000000000010000000001010000000000000001
000000000000000010000000000100000000100000000000010000001000000000000000
010000000001000000000000000000000000000100000000100000000000000100000000
000000100000000000000000000000000010010000001000000000000000000001000000
000000010010000000001000000000000000000000000000000100010000000000000000
000000000000101000000000000000000000000010000001000000000000000001000000
000010000000100000000000000000000000000000000000000001000000001000000010
000000000000000000000000100000000000000000001010000000100100000000000000
100000000001000000100000000000000000000000000000100000000000000010000000
000000000100000000000000000000000000001010000000000001000000000001000000
100000000000000000000000000000000000001000000001000000010000000000000001
000011000000000000000100000000000000000000000010000000100000000000000000
000000010000100000000000100000000000010000000000000000000000000000000100
000000000001000000000000010000000000000000000010000100000001000000000000
000000000000000000000000000100000010001000000000000000100000000000000010
000000000000000000001000000001000000000000001000000000000001100000000000
000000000000000001000000000100000000000000000100000010000000000100000000
010000000000000100000100000000000000000000000000010000000010000000000000
000000000010001100000000000010000000000000000000000100000000000000000000
000001010000000000000000000010100000100000000000000000000000000000000000
000000000000010100000100000000000100000000000000000010000000000000000000
000000000000000000000000001000100000000110000000000000000000000010000000
100000000000000100000000000100000000000000000000000000100010000000000000
000000000000010000000000000000000000000000000100000001100000010000000000
000000000000000001000000000001000000000000000000000000000100100000010000
000100000100000001000000000100000000000010000000000000000000000000000000
000000000000000110000000000000001000100000000000000100000000000000000000
000000000000000000000010000000000000000000100010001000000010000000000000
000000000000000000000011000000100000000000000000000100000000000000001000
100000100000000001000000000000000000000010000000000100000000000000000000
000010000000000000000000000000000000000000010001000000000000000000011000
000000000000000000000000000000000100100000100001001000000000000000000000
010010000000000000000000000000001100000010000000000000000000000000000000
000001000000000000000000000110000000000000000000000000000000000001010000
000000000000000000000000000001000010000000010000000000000000001000000010
001000010000000001000000000000000000000000010000100000000000000000000000
000000000000000000000000000010001000000000010000000000010000000000000010
100001000000000000000000001000000000000000000000000000000100100000000000
000000000000000001000000000001000000000010000000000100000000001000000000
100000000100000000000000001000000010000000000000000000000000000000010000
000010001000000000000000000000000010000010000000000000100000000000000000
000000000100000000000000000000000000000000000000000001000000100100000010
000010000000000000000000000000000000000100000100000100000000000000100000
100000000000000010100000000000000000000000000000000000001000010000000000
000000000001000000000000000010000011000000000010000000000000000000000000
000000000010000000000000000000000000000000000010000000000010000001000001
000000000000000000000000000010000000010000000000000000000000000001000110
010000000000000000001000000000100000000000000000010000001000000000000000
100000000000000000000000000010000100000000000000000000000000000000100100
000001000000000000000000000100000100000001000000000000000000001000000000
010000010000000101000000000000000000000001000000000000000000000000000000
001001000000000000000000000000001000000000000000000001000000000000000010
000100000000000000000000000000000000010100000000000100000000000001000000
000000000100000000000000001100010000000000100000000000000000000000000000
000000000010000000010000000000100000000000000000000100000000000010000000
110000000000000000000000001000000000010000000000000000000001000000000000
000000000000000001000000000000000100000000000010010000000100000000000000
000000010000000100100000000000000000000000000000010000000000000000001000
100100000000000000000000000000000000000000000000000000000000100000010001
100000000000000001010000000000000000000000000000000000000001100000000000
000000100100000000001000000000000000000001000000000000000000000000000010
000110000000000000000000001000000000000000000000000001010000000000000000
101000000000010000000000000000000000000000000000000001000100000000000000
000001000000000000000000000000100000000000000000000000000101000000001000
000000001000000000000000000000000000000100001000000000000000001000000100
100000000000000000000000010000000000001000000000000100001000000000000000
000000000000100000001000000000010000000000000000000000000000000001001000
000010000000000001001000000010000000100000000000000000000000000000000000
000000100000000000000010000000000000100001000000000010000000000000000000
000000000000000010000000100000000000000001000100000000000000000000001000
011000000000000000000100000100000000000000000000000000000000000000000001
000000000000000001000000000001000000001100000000000100000000000000000000
000000100000100000000000000000100000000000000010000000000000000000000001
000000000000000000000000101000010000000000000000000001001000000000000000
000000000000010000000000000000000000000000010000000000100001000000000010
001000001000000001010000100000000000000000000000000000000000000000000000
000000100000010100000000000000000000000100000000000000000000001000000000
000000000000000100001000000001000000000000100000000010000000000000000000
000000000100001100000000001000001000000000000000000000000000000000000000
100000000000000001000010000000000000000000000000000001000000100000000000
000000000000000000000000000010001000000000000010000000001000001000000000
000000000000000000000001000001000000000000001000000100000100000000000000
010000100000000000000010001000000010000000000000000000000000000000000000
000010000000000000000000000010000000100000000000000100000000001000000000
000000000100000000000000001000000000000000000000000000000100100100000000
000000000100010000010000000001000000000100000000000000000000000000000000
000000100000000000000000000010100000000000000000000000000000000110000000
100000000000000000000000000000100000000000000000000001001000000001000000
000000000000010000000000000000000000000000001000000100000000000010000001
000000000000000000000000000000000000000000000100000100000010000000001010
000100000000000000000000000000000000000010000000001000000000000000011000
000100000000000001000000000000000000000000000000000010100000000000000100
000000000001000000000000000000100000000000000000000000000000001100000100
000000000000001000000100000000000000000000000000000000000000000000110001
000000000000000000000000000000001010000010000000010000000100000000000000
001010000000000000000100000000000000000000000000001000001000000000000000
000000000000000001000010000000100000000000010000000100000000000000000000
100000000000010000000000000000010000000000001000000000000000000000100000
000000000000000100000000000000000000000001010000000000000001000000001000
000010000000000000000000010000001000000010000000010000000000000000000000
000000000000000000001000010000000001000000000000000100000000000000010000
000000010000000000000000000000000000100000000000000010000000000000000110
000000000000010100000000000000000001000000000000000000000000000000100100
000000000000000000001000000100000000000000000000000000010000000000010100
000000000000010000000000000000100100000000010000000000000000001000000000
000001000000001000000000000000000000000000000000000000000000000010000011
000000000000000000100000000000001000000010000000000001001000000000000000
000000100001000000000000000000000001000000000000000000100000100000000000
000000000000000000011000000000000000000001001000000000000000000000000010
000000001000100000000000000000001000000000000000000010000000000000000010
000000000000000000000000010000000000000001000000100000110000000000000000
000000000000000000000100000000100000000000000010000000010000000010000000
010000000000001010000000000000100000000000000000000100000000000000000000
000000000000001000000000000000000010010000100000000000000000000000010000
010000000000000000000000000000000000010010000000100000000010000000000000
000000000000000000000000010010000010000000000000010000000000000000000100
000000000000000000000000000000000000000010100001000001001000000000000000
000000100000000000001000000000000000000000000100000000000000000100000001
000000000000000000000010000100000000000000010000000000000000000000101000
000000000000010100000000001000010000000000000000000000000000000100000000
000010000000000011000000000000000000000000000000000100000000000010000000
100000000000000000000000000000100001000000000000000000000000000010010000
000000000000100000000000000010000000000000000000010000000100000000000010
000000000100000010001001000000000000000000010000000000000000000000000000
000000000000001000000000000000010000000000100000000000100000000001000000
000000001000000001000000000000000001000000000100000000000000000000010000
000000000000000001000000000001001000000000000000000000000001100000000000
000000000000000000010000000001000000000100000000011000000000000000000000
000010000000000000000000000000000000000000000000001000000100010000000100
010000000000000000000000000010100000001000000100000000000000000000000000
100010000000000000000000000000000000100000000000000000000010010000000000
000000010000000000000001000000000100000000000000000000010000000000000100
000000000001000000000000000000000100000000000000001000000000000010000001
000000000100000001000000000000010000000001000000000000001000000000000000
100000100000000000000000000000100101000000000000000000000000000000000000
000001000000000000000000000000000000000000100100100010000000000000000000
000000000000000000000000000011000000000000000000100100000100000000000000
000010000000000000000000000000000000000010001000000000010100000000000000
000000000000000000000000000010000000000000000000001000000001100001000000
000000000001000000000000001000000000000000001001000000000000000000010000
000100000000010000000000000000000100010000000000000000000000000000000001
000100000000000000000000000000010000000000010000100010000000000000000000
000000100000100010000000000000000000000000000000010000000000000000100000
000000000000000000000000000000000010000010001010100000000000000000000000
000000000000000000000000001001010000000000000100000000000000000000000100
000000000000000000000000000000000000001000000000100001000010010000000000
000000000000000000000000000000100000000100000000000000000000000110000100
001000001000001000000000000000000000000100000001000000000000000000000000
001000000000000001000000000000000000000000000000001000000010000000010000
010000000000000000000000000000000000001000010010000000000010000000000000
000000000000000000010000000011000000000000000010000100000000000000000000
000000010100000000000000001001000000000000000000000000000000000100000000
001000000000000000000000000100000010000000000000100000001000000000000000
000000000000000000000000000000000000100000000000100000000011000000010000
000010000010000000000000000000000000000000000000000001001000010000000000
000000000000000000001000000000000010000010000001010000000000000000000000
000000000000000000000000000100010000000000000000000100000000010000010000
000000000000001000000000000100000000000001000000000100001000000000000000
000000000000000000000100000000000000010000000000000000010000000010001000
000000000010000000000000000000000100000000000000000000000000000000011001
100000000001000000001000000000000000000000000000000001000001000000000000
000000000000100000000000000001000000000001000000100000000001000000000000
000001100000000000000000000100000000000100000000000000000000000000000100
000000000000000010000000000100001000000000000000100000000000000000000001
101000000000000000000001000000001100000000000000000000000000000000000000
000000000000000100000000000000000000001000000000010000100000000000100000
000000000000000010010000000000000000001100000000000000000000000000001000
000001000000000000000010000000000000000000000000100000100001000000000000
000000000001100000100000000000000000000000000000000001100000000000000000
000000000000000010000000001000001000000000100000000000000000000000000001
001000000100000010000000000000000000000010001000000000000000000000000000
000000001000000010000000000000000000000010000000000000100010000000000000
000100000001100000000000000000010000000000000000000000000000000000010000
000000000000000000000000000000010000000001000000000100000000000010100000
000100000000000000000000010000100000100000000000000000000000000000000100
000100000000000000100000000100000100000000001000000000000000000000000000
000000000000000000000010001000000000000000000000000100000000000000010010
000000000000010000000000000000000000100000000000000000001000000010001000
100000000000000000000000000000000000000000001010000000000000100000010000
000100000000001000000000000000010010000000000000000000000000010000000000
000000000010000100000000000000000000000000000100110000000000000000000000
000000100000100000000000000000000000000000000000000000000001100100000000
000000000010000000000000000000000000000001000000000010000001001000000000
010010100000000010000000000000000000000100000000000000000000000000000000
000000000001000000000000000000000000000000000010001010000000100000000000
000000000000000100000000100000000000000000000000100000000000000100010000
000000000000000000000001000000000010000000000000000000100010000000100000
000000000100000100000000000001000000000000010000000010000000000000000000
000100000000000000000000100000000000000000000000010001000000000000100000
000000000000000010000000000000000000000100000000100000000000000100000010
000000000000000010000001000000000000000000010000100000100000000000000000
000000000000000100001101000000000000000000000000000000000000000000010000
000000000001001000000000000000000011000000000000000000000000100000000000
000000000100000000000000001001000000000000100100000000000000000000000000
000010000001000000000000000000100000000001000000000000000000001000000000
000000000000100010000000000000000000000000000000000000010000000000001001
000000100000000000000010000000000000000000001000000001000000000000100000
000000000000000000010000010000000000010000000000101000000000000000000000
000001010000000100000000000000000000000000100000000000000100000000000000
000000000000000100010000000000110000100000000000000000000000000000000000
000000000000000000000000000000000010000000100000000001100000000100000000
000000100000000000000000000000000000000000000001100000010000000000000010
000000000000000000000010000000000100000000010000000001000000000000000001
000000000000001000000000100000000100000000000010000000000000000000000010
000000001001000000001100000000000000000000010000000000000000000000000000
000000000000000010000000000000000000000000000000000000100001001010000000
001000100000000000001000000000000010000000000000100000000000000000000000
000101000000000000000000000001000000000100000000000000000000000100000000
100000000000000000010000000000000000000000000000100010001000000000000000
000000000000000000000010000000000000000101000000000000000010001000000000
000000000000001000000000000000010000100000000000000010000000000000000001
000000000000000000000000000010100000000000100000100000000100000000000000
000010000000000000000000010000000000000000000100000000010000000000000100
000000100000000000000000101000000000000000010000000000000000000010000000
001000000000000000000000000000000001000100000010000010000000000000000000
000000000000110000000000000000010000010000000000000000000000000100000000
000001001000000000000000000010000000100000000000000000000000000000010000
000000000100000001000000010000000000000010000000000000000000000001000000
000000000000010000000000000000000000000000100000000001000000001000001000
101000000010000000000000000000000010000000000000000000000000000010000000
000000000000000000000000000010000000000000000000100100000000010001000000
000000000000000000000000100000000000000000101001000000000000000010000000
000000000000000001000000001100000000000000000000000001000000000000010000
000000010001000000000000000000001010000000000000010000000000000000000000
000000000000000000000000000000000000001000010000010001000000010000000000
100000000001000000000000000000100101000000000000000000000000000000000000
000000000000000000000000000000000000001011000000000000000000000000000011
000000001000000000000000000000001001000000000000000000000000000000110000
010000000100000000000000000000001000000000000000000100000000000000000001
000001000000000000000000000000000001000000100001000000000000000000001000
000000000000000000000010000000000000011000000000000000000100000010000000
000001000000000000000000000010000000000000000000000100000000100000000001
000001000000000000001000000000000000010000000100000000000000000001000000
000000000000000000000000010000000000010001000000000001000000000000000010
010000010001000000000000000000000000000000000001000000000001000000000000
000000000001000010000100000000000100000000000010000000000000000000000000
000000000000000000010000000000000010000000000000000000100000000001000001
000000000000000000000000000001000000000000000010000100000000001000010000
000100000001100000000000000000100000000000000000000000000000000000000100
010000000000001000000000000000000000010000000010010000000000000000000000
000000000000000000000000000000000000100001000000000000100000000000000011
000000000000000000000001000000010000100000000000000000000000000100010000
000000001000000000000000000000000000000000000000000001000000001001001000
000000000000000010000000000001000000000000010010000100000000000000000000
000000001000000000010000000000010000000001000000000000000000000000000010
001000000000000010001100000000000000000000000000000000000000000010000000
000000000000000010000100010000000000000010000001000000000000000000000000
000100000001000000010000000000000000000000000000000000100000000000000001
000000001000000000000000000100011000000100000000000000000000000000000000
010000000000010000000100000001000000000000000000000000000000001000000000
000000000000000000000001000000000000000000101000000100000000010000000000
000001000000000000000000000000001000000000000010000001000000000000000100
000000000000000000000000000000010000001100001001000000000000000000000000
000000000000010000000000100000000000001000000000000000000000010000000001
000000011000000000000000000000010000000000101000000000000000000000000000
000000001000000001000001000000000000000000000000000010000000000000000100
000000000000000000000100000010100000000000000000000001000010000000000000
000000000000001000000000000100000001000010000000100000000000000000000000
000000010000000000100000000000000000000000000000000100100000100000000000
000000000000001000100000000001000000000100000000000000000000100000000000
010000000000000000000001010010000000000000000000000000000000000000000001
000000100000100100000000000010000000000000000000000000000000000000010000
000000001000001000000000000000000000000100000000000000010100000000000000
000100000000000010000000000000000000000000000010100000000000000000000100
000000000100000000000000000000000001000000000011100000000000000000000000
010000000000000000000000000000000000000000100100100001000000000000000000
000000000000000000001000000000000000001000000000000000010000000010010000
000001000000000000000000000000000000000000000001010000000000000010001000
000000000000000100000000000000000000000000000000000000011000000000010001
000000000000000000000000000001000000100000000010000000010010000000000000
000000000101000101000000000000000010000000000000000000000000000000000000
000010000000000000001000000000000000000000000100000001000000000000001000
100000101000000000000000000000000000000000000001000000000000010000000000
000000000000000010000000000000000000000001000000000000000000001000010010
000010000000000000000100000000000000000001100000000000000000000000010000
010010000000000000000000000000000001000000000000100000000100000000000000
000000000000000100000000000100000100000100000000000000000000010000000000
000100000000100000010000100000000000000000000000000000000000000001000000
000000000010000000000000000000000000000000000010000100000010000000000010
000000000000000000001000000100000000000000000000000000000000000010001100
000000101000000000000000001010000000001000000000000000000000000000000000
001000000110000000000000000010000100000000000000000000000000000000000000
000100001000000000010000000000000010001000000000000000000000000000000000
000000100001001010000000000000000000000000010000000000000000000000000000
000001000000000000000001000000000001000010000000000000000000000000010000
000000000000000000010100000000100000000000100000000000000000000000000010
000000000000000100000000000010100000000010000000000000001000000000000000
000000000000000000000000000010000001001100000000000000000000000100000000
000000000000000000000100000000000010000000001000000011000000000000000000
000000000000001000000000100000000000000000000000100000010010000000000000
000000000000000000000000000000000010100001000000000000010001000000000000
000000010000000000000100001001000000000000000000000000000001000000000000
000010100110000000000000000000000001000000000000000000000000000000000000
000001000000000100000000000010000000000000000000000000000001001000000000
000000000000000000000000000000000000000000000000010000010000100000000110
000000000000000100000000000000000100000000000000000000000000001010000010
000001000000000010000000000000010000000000000000000000010000000001000000
000000000001000100110000000000000000000000000000000000000010000000000000
000001000000000001000000000100000000000100000000000000000000000000001000
000000000000000000000000100010000000000000001000000100100000000000000000
000000000000000000000000000100000000100000010010000000010000000000000000
001000000000000000000000000000000000001000100000000000000000000100010000
000000100000000000000100000010000000000000000000100000000000000000010000
000001000001000000000001000000000000000000000000000000001010000000000000
100000000010000000000000000000000000000000000000000000000000010100100000
000000000000001100010000001000000000000000100000000000000000000000000000
000000001000000000001000000010000000000000000010000000000000000001000000
000000000000000000000000000111000000000000000000000001000000001000000000
000000000000100000101000000001000000000000000000000000000000000000001000
000000000000000000000000000000000000001000000010000001000001000010000000
000000000010000000000010000000000001000000000000000000010000001000000000
000001000000010000000000000000000000000000000000000100010000001000000000
000000000010000000000000100000000000000000000000000000001001000000001000
000000000000000100000000010000100000000000010000000000000000000000000001
000000000000010000010000010000000000000000000000100100000000000000000000
001000000001000000001100000000000000000000000000000000000000000000001000
000011000000000100000000000001000000000000000000000000000100000000000000
000000000000000000000000000000001000000000000000000001001000000100000100
000000010000000000001000001000000010000000000000000000000001000000000000
000000000000100000000000000000000000000000000000000001000010010000000010
000010000000000001100000100000000000000000000000000000000100000000000000
000001000000000000000000000000101000000000000001000000000000100000000000
010000000000000000000000000000000000010000000000000010000101000000000000
000000000011000000001000000000000000001000000000000000000000000000000010
000000000000000000001000010001000000000000010000000000000000000001000000
000000000000000100000000100000000000000000000000000100000000000001000100
000000010000000100011000000000000000000000000000000000000100000000000000
000100000000000000000000000010000100000000100000000010000000000000000000
000000100100000000000000000000000000000000000000000000000100000101000000
010000001000001000100000000000000000000000001000000000000000000000000000
000010000000100000000000001000000000000100000010000000000000000000000000
000000100000000000100000010000000000000000000000000000000000010000010000
000000000110000000100010000000000000000000000000000000000000000000000001
000100000000000000000000000000000000000000001000001000000000000001001000
000000000000000000000000000000000000000010000010000000011000010000000000
100000000000000010000000000000000001000000000000000000000000000000001010
000000000000000000100000010000100000000000000001000000000000000000100000
000100000100001000000000000000000000010000000000000000000000000000000100
000000000000000100000000000000001010010010000000000000000000000000000000
000000010000000000100000000010011000000000000000000000000000000000000000
100000000001000000000000000000000100000010000000100000000000000000000000
000000000000001000001001000010000000000000000000000001000000000000000000
000001000000000000000000001100000000000000000000000000011000000000000000
000000000000000101000000000000000000100010000000000000000000000010000000
010000000000000000000000000000000011000000000000000000000000000100000010
001000010000000000000000000000000000000000000001000000000000100000100000
000010001000100000100000000000000000000000000100000000000000000000000000
000000000000010100000000000000000000000000000000000010000000000010000100
000000000000000000000000000011001000000101000000000000000000000000000000
000010000000000000000000000000001000000000000100100000000000000000000010
010000000000000000000010000000000011000000000000000000000000100000000000
000100000000000000000000000000000100000000001000000000000000010001000000
000000000000001000000000000000000000000000000000001000000001001000100000
000000000000100100000100000000000000000001000000000000000000000000000010
000000000000000000000000100000000100000000000000000000000010100100000000
000000010010000000000000000000000000000000100000000000000000001000010000
000000000000000011000000000000000000000000000000000010000100000100000000
000010000000000000000000010000000000000000000001000010000000000000000010
000100000100000000010000001000000000000000000010000000000000000000000000
000000000000000100000000000000000010000100001000000000000000100000000000
000100100000000000100000000100100000000000000000000000000000000000000000
000100000100000000010000000000000000000000000001000000000000000000000100
000100010000000000001000000000000000010000000000000000000000100000000000
000000000000000000000000000000000001000100000000000000100000000100010000
001000000000000000001000000010000000000000000000000000000000010000000010
000000000000100001000000000000000000000000000000000100000000010001000000
000000000000000000000000000000001000000000001000000100000000100000000001
001000000000000000000000000000000100000000010000001001000000000000000000
000001001000000000100000000000000100000000000000000000000010000000000000
000000000000010000000001000000010000000000000010001000000000000000000000
000000000000001000010000000000001000000000000001000000000000000000000100
000100001000000000000000010000000000000000000100000001000000000000000000
001100000000000000000000000000000000000000000100000000100100000000000000
000001000000000000000000010100000100000000000000000000000000010000000000
010000000000000100000000000001000000100000000000000000000000000000000100
000000100000000000000000000000000100000000000000001000000100001000000000
000000010000100000000000000000001010000000000000000000000000000000010000
000000000000000000000011000000000000000000000000000000010001000000000100
000010000000000000000000001000000000010000000000010000000000000010000000
000000000000010000000000000001000010000000000000000100000000000000100000
100000100000000000000110000000000100000000000000000000000000000000000000
000000000000001000000000000010001000000100000000001000000000000000000000
000000000000000000001000001000000000000001010000100000000000000000000000
000010001000000000000000000000100000000000000000001000000000100000000000
000000110100000000000000000000000010000000000000000000000000010000000000
000001000000000000000001000000000000000000000100000000100000001000000000
000000000000100000100000000000000000000000100000000000000010000010000000
000000000000100100000000000000000000000000000000000010000000000001100000
000000010001001000000000000000000000100000000000000000000000000010000000
000000000000011000100000000000000000010000000000001000000000000000000000
010000000000000000000000000010010011000000000000000000000000000000000000
000001000001000010000000000000100000010000000000000000000000000000000000
000000001010000000001000000000000001000000000000000100000000000000000000
010000000100000000000000000000100000000000000000000001000000000010000000
000000000000000000000100000010000000000000001000000100000000000000001000
000000000000000000000000001000100100000001000100000000000000000000000000
000000000100000000000000001000000001000000010000010000000000000000000000
000100000000000101000000000000000000000000000000000010000000000001000000
000000000000010000000000001000000000000000000000000000000010001000001000
000000000001000000000000000100000000000000001001000000000000000000000010
000000100000000000000000100000000000000010001000000000010000000000000000
000000001001000000000000010000000000010000000010000000000000000000000000
000000000000000000000000000000000000001000100000000000100001000000000100
100000000000010000000000000000000100010000000000000000010000000000000000
000010000000000000000000000000000000000100010100000000000000000001000000
000001000001000010000000100000000000000000000000000000100000000000000000
000000000000000000000001000000000000000100000000000000000000011000000010
000001100000000000000000000000000000000000100000000000000100000001000000
000000100000000100000000000000100000100001000000000000000000000000000000
000000000000000100000000000000000001010000000000010000010000000000000000
000001100000000000001000000000000000000000000000000000010000000000100000
000010000000000000010000010010000000010000000000000000000000000000000000
000000000000000000000000001100100000000000100000000000000000000010000000
000000000000000000000000010001000000000000000010000000000000010000100000
000000000000000000000000010000000000000000000000000000000001001001010000
000000000000000100000100000001000000000000000000010000000000000000100000
000000100000000000000100000000000010010000000000000000000000000000001000
000000000110000000001010000000000000000000000000000000000001000000000000
000000000000000000000000000010000000000001001100000000000000000000000001
000000000000000000000000100000000010000010000000010000000000001000000000
010000010000000000000000000001000000000001000000001000000000000000000000
000010000000000100001000000000000000000000000000000000001001000000000000
000010000100000000000010000000000000000001000001000000000000000000000000
000010000100000010000000000000000000000000000000000100010000000000000000
000000001000000000000000000000000000100000000001010000000000010000000000
000000001000000010000000000101000000000000100000000000000000000000000000
000000000000000100000000000000000000001001000000100100000000000000000000
010000000010000001000000000000000100000000000000000000000000000000000100
001000001000000000001000010000000000000000000000000000000000000000000100
000000010000000000010001000000000000000000000000000000000000001010000000
001000000000001010000000000000000000000000000000000000001000000000100000
000000000000000000000000000100000000010000000000000000001100000000010000
000000000000000000000000100000000000000000000010010000000000001000000001
000000000010000000100000000000000000000000000000001100000100000000000000
110000000100000010000000000000000010000000000000000000000000000000000000
000100000000000001000000000100000000000001000000000000000000000100000000
000000000000001000000000000000010000000000000000000000000000010001000010
100000000000010000000000000000010000000100010000000000000000000000000000
000000000000000000000000010011000000000001100000000000000000000000000000
000010000000000000000010000000000001000000000000100000000001000000000000
000000000000000001000100000001000100000000100000000000000000000000000000
000000000100000000000001000100000000000000000000000000001010000000000000
100000100000000000000000100000010000000000000000000000000000000000001000
010000000000000000000000010000001000001000000000000000000000010000000000
000000000001000000000000000001000000000000000000000000000000000110001000
000000000000000001000000000000100000000000000000000001100000000000000010
100001000000000000010010000000000000000000000000000000000000000000000100
000000000000000000000000000000000000000000000000001000010000110010000000
001000000000010000000100000000000001001000000000000000000000000000000000
000000000000000001100000000000000000000000000010000100000000010000000000
000000000000000000100000000000000000000000000001010100000000000000000010
000000001000000000000000000001000010000000000001000000000000000100000000
001000000000000000000000000000000000000000000010000011000001000000000000
100000000000100000000000000000000000000000001000000000000000010000000010
000000000000000001000100000000000000000010100000000000000000001000000000
000000000000000000000000000000000000100000100010001000000000000000010000
000000000000000100000000000000000001000000000001001000000000000000000001
000000000100001000100000000000000010000000000000010000000000000000000000
110000000000000000000000010100000000000000000000000000000000100000000000
000000000000000100000100000100000000000000000001000000000000100000000000
000001010000000000000010000000000000000000000010000000001000000000000000
010011000000000000000000000000000000010000000000001000000000000000000000
000000000000000000010000000001110000000000000000000100000000000000000000
000010000000000000000000000000001000000010000000001000000000000000000010
000000000000000100000000000010000000000000100000000000000010000000010000
000000000000000000000001001000000000000000000000000010000010000000000100
000000000000000000000000000000000001000000001010001000000001000000000000
000000010000000000000000100000000000000000001000100000000000000000010000
000000000000000000000010010000000000010000000000000000000001010000000000
000000000000000001000100010000100000001000000000000000000000000000000000
000000100000010000100000000000000000000010010000000000000000000000000000
000000000000000000000000000000000100100000000000000000100000100001000000
000000000001000000010000000000000000000000100100010000000000000000000000
000000101000000000100000000000000000000000000000000000100001000000000000
000001000010001000010000000000000000000001000000000000000000000000000000
000100010000000000000000000000000010000000000000000000000000000100000100
000000000000000010010000000000000000001000000000001000000010000000000000
000010000000000000000000000000010000001000000000000000001000001000000000
010000000000000000000000000000000001000000000000000010000000000011000000
001000000000000100000000000001000000000000000100001000000000000000000000
000000000000000000010000000000000000000000000000010000010001000010000000
000000000000000000000000010110000000000000000000000100000000000000000010
000000101000000000010010010000000000000000000000000000000000000000000000
000000000000000000000100000000110000100000000000000000000000000100000000
011001000000000000000000000000000000000000100000000000000100000000000000
000000000000000000011000000000000000000010000000000100010000000000000000
000000000000000000000000100000000000000000000000000001001000000000101000
000000000000000000000000000000100000000010000000010000000000000001000100
010000010000000000000000000000000000000001001000000000001000000000000000
001000000000000010010000000000000001000000000100000000000000000000000000
000001000100010000000000000000000000100000000000100000000000000000000000
000000000000000100000000000000000000000000000000000011000010000000000010
000000000000000000000000100001000000100100000000000000000000000000000001
000000100000001000101000000000000000000000001000000000000000000000000000
000000000000000000010010000000000010000000000000000000001000000000100000
000000000000000000010000000000000000100000010000010000000000000000000010
000000000000000000001000010000000000010000000000010010000000000000000000
100000000001001000000000000100000000000000000000000000100000000000000000
000000000001010000000000110000000000000000100000000000000000000000000000
001100000000000000000010000000000000000000000001000000000000000100000000
000000000000010000000000000000000000000000010010000011000000000000000000
010100000000000000000000000000000000000000000100000001000000000001000000
000000000000000001000000000000000000000001100000010000000000000000000100
000000000000000000000000000000000000000000000100001000010100000000100000
001000000001000000000000000000000000000000000000000000000001001000000001
000001000100000000000000000000000000000000010000001000100000000000000000
000000000000000001001000000000000000010010000000000000000000000000001000
010000000000000010000000000000000010000000001000000000001000000000000000
000000100000000100000100000000000000000000000000000000001000001000000000
000000010000000000000000000000000000000100000010000000000000001000010000
000000010000000000001000001000000000000000000000000000010001000000000000
000100000000010000000000000001000000000000000000000000000010100000000000
000000000000000000001010000000000000010010000100000000000000000000000000
100000000000000000000010010000000000000000000000000100000000000000001000
000100000000000000000000000010000000000010010000000000000000001000000000
000000000000000100010000000000000010000000000000001000000010000000000000
001000001000000010000000000001000000000000000000000000000000000010000000
000000000000000000000001000000000000000000001000000000001000001010000000
000000000000000000000000000000001000000100001000000000100000000000000001
000000000001001000000000000000000000000000000000000000001000000010001000
001000000000000000000001000001000000000001010000000000000000000000000000
010000000000000000000100000000000100000100000000000000000000010000000000
000000000000000000010000000011000000001000000000000000000000000000100000
000000000000010000000000000000000010010000000000000000001000100000000000
000000000000100010000100000000001000000000000010000000000000000000000000
000000000100000000010001000000000000000000000000000000001000000000010000
010000001000000000100000000000000000100000000000100000000000000000000000
000000000000001001000000000000000000001000000000001000000010000000000000
100000000100000000000000000000000000000001000010000000000000010000000000
000000000000000000010000001001000000000000000000000000000010000000000001
000010000000000000000000000000000000000010000001000001000000001000000000
000000000110000000000000000000000000000001000000000100001000000000000000
000000010100000000000001010000000000000000000000000000000000010000000000
100010000000000000000000000100000000001000000000000000000000000000010000
010000000000000000000000000100000000000000000000100000110000000000000000
000000000000000000000000100001000000000000000000000000001001000000001000
000000000000100000010000000000000000000001000010000100000000000000000000
000100000000000000000000000000000100000000000000000001000000000000100100
000100000000001000000000000000000001000001000010000000000000000000000000
000000000001010010000000000000010000000000100000000000000000000000000000
000000000000000001000000100000000000000000000000001010000000000100000000
000100000000000000000000000000000000000000000000001010100000000000000001
000000000000000000000000000000000000000000011100000000010001000000000000
000000000000000000010000000000110000000000000010000000001000000000000000
000100001000000000000000000000001100000100000000000000000000000000000000
000000000000000000000000000000010000000010000000000000000100000000001001
000000000001000000000000000000000010000100100000000000000000000000000001
000001000000001001000000100000000100000000000000000000000000000000000000
000000000000000000000000000000000000000000000000010000000000001101000001
000000100000000010000000000001000000000000000100000001000000000000000000
100000000000000000000000011000000000000000000000000010000000000100000000
100000100000000010000000000000000000000000000000000000000001000001000000
000001000000000000010000000000000000000000100000000000000100100000000000
010000010000000000010000000000000001010000000000000000000000000000000000
000000000010000000100000000000000000000000001001000000000000000000000010
001000000000100000000000000000000000000100000000000001000000000010000000
000000000000000000000000000100001010000100001000000000000000000000000000
000001000010000000010000000000000001000000000000000000000001000000000000
001001000100000000000000000000000000010000000000000000000000000000010000
000000100001000000000000000000000000000000100000001000000000000000000010
000000000000100000000000000000000000010001100000000001000000000000000000
000000000000000000000000011000001000000000001000010000000000000000000000
000000000000000000010000000001000000100000000000000010000000000000000001
000000000001100100000000000000000000000000000000010000000100000000000000
010000100000000010000000000000000000000000000000000001001000000000000000
000000000000000000000000000100000001000000000100000000010000000000000010
000000000000100000000000000000000000100001000000010000001000000000000000
000000000000000000000000001010000000000010000000001000001000000000000000
000010000001000000001000000000000000000100000000000000000000000000010000
100000000000000000000000100100000000000000000000000000000000000100100000
000000000000000001000000000100000000000000000000010000000000000000001100
000001000000100000000000000100000000000000000000000000000001000000000010
000000000000000000000000100000000000000000000001110000000000000000000010
000000100000000000000100000000001000000000000010000000010000000000000000
000001000000000000001000000000001000001000010000000000000000000000000000
000000000000000010000000100100010000000000000000010000000000000000000000
000000000000010000000000010000000010000100000000000000000000000100000000
001000000000000000100000000000000000000000010000010000000000000010000000
000100000000000000000001000000000000000000000100000000000000010000010000
000000000000000000000000000000000000000001000000001000000100000000110000
000000000000000001000010000000000000000000000100000000010000000000000010
001000000010000000000000100000000000000000000001000000000000000000001000
000000000000100000000100000000100000000000001000000010000000000000000000
000000001001000000000001000000001000000000000100000000000000000000000000
000000010110000000000000000000000000000000000000000000000000010000100000
000000010100000000000000100000000000000000000000000000010000001000000000
000000000000000000000000000100000000000000000000000101000000010000100000
000000100000000000000000000000100000000001100000000000000000000000000100
000000000000001000000000100000000000001000000000000000011000000000000000
001000000000000000000000000000000000101000000000000100000000001000000000
000001000000000100000000000011000000000000000000000000000000000000000001
001000010000000000100000001000000000000001000000000000000000000000000000
001000000000000000000000000001000000000001100000000000000001000000000000
000010000000000000000000000000000000001000100000000000000000000000001100
000000000000000000000001000000000100000000000010000000010000000000000001
001000000000000000000000000000000000001001000100000000000100000000000000
000000000000000001000000010000000000000000000010000000000000100000000001
000000010000000001000000000000010000000000000000000001000000001000000000
000000100000000000010000000000000000001000100010000000000000000000000000
000000000000000000000000100000000000100100000010000000000000000000010000
100001000000000000100000000100000000000000000000000001000000000000000000
000000000010000000000000000000000001000000000000000000000000001000011000
000000100000000000000000000010000000010000000000000000100000000100000000
000100000000000100100000000000000000000000000000000000000000000010000010
000001000000000000001000000000000000000000001000000001000000000001000000
000000000000000000000000100001101000000000000000000001000000000000000000
000000000000000100100000000000000000000000001100000100000000000000000000
000010000000000000100000010000000000000000000000000000000010000000100000
000000000100000100000000000010000000000000000000000000000000000100010000
000000000000000000000000000000000010000001000000000000000000000011100000
000000000100110000000000000010000000000000000000000000000000001000000000
000100000001000000000000000100010000000000000000000000000000010000000000
000000100010000000000000100010000000000100000000000000000000000000000000
100000001000000000000000000000000000000000000000000010000000000000011000
010000000000000000000000000000001000000001000000000000000100000010000000
000000000000000000000100000000000000100000001000000000000100000010000000
000000000000000100000000000000000000100000000000000000100000001000001000
000000000000100000000000000010000000000000000000000000000001100000000010
000000000001000000100000000000000001000000000001000000000000000010000000
001000000000000000010000000000100000000000000000000000000010000001000000
000000000000011000000000010010000000000000000010000000000000000000000000
100000100000000000100010000000000000000000001000000000000000000000000000
000000000000000000000000011000000000000000000000010000001010000000000000
000000100000000000000000000000000100000000000000100010000010000000000000
000000000100000000000000000001000000000000000001001000000000001000000000
000000000000010100000010000000000000000100000010000000000000000000000000
000000000000000000000100000000000000000000000000000000000000000110101000
000001000000001000001000000010000100000000000000000000000000000000000000
100100000000000000000000000000010000000001100000000000000000000000000000
000001010001000000000001000000000000000000000010000000000000000000000000
100000000000000000001000000000000010000000000010000000000000000000010000
000001100000000000000000000000000001000100000000000000000000000000000001
000001001000010000000000000001000000000000000000000000000000000100000000
000100000000000100000000000000000000000001000001000000000000000010000000
100000000000000000010000000000100000000000000000000010000000000000000010
000000100000000000001000000000000010000000000000000000000000000000001001
000000000010000000000000000010000000010000000101000000000000000000000000
000000000000010000001000000000000001000000000000000000000010000100000000
000000000000000000000000000000100000000000000010000100000010000000001000
000000000000000010100000010000000000000100000000000001000000000000000000
100010000000000000000001000100000000000000000000000000000000001000000000
000000000000000100000010000010000000000000000000010000000000000000000001
000000000000000001001001000000000000000000000001000001000000000000000000
000000000000000001000000000000000000000000000001000000100000100010000000
100000000010000010000000000000000000000000000001000000000000001000000000
000000000000000000000000000000010000000000000100000100010000000100000000
000000000010000000100000000000100100000000000000000100000000000000000000
000010001000010000000000000000000000100100000000000000000000000000000000
000000000100001000000000001000000000000000000000000000000010000000000001
000110100000000000000000000000000000000000000000000000000000000100000010
000000000000000000000000000000000000000110000000000010001000000000100000
000000000010001000000000000000000000000000000000010000000100000000000001
000001000001000000000000000000000000000000011010000000000000000000000000
000000000000010000100100000000000000000000000100000000000000000000001000
000000000010000000000000100000000000000000000100000001000001000000000000
000000000000000000000000000000000001000000101000000000100000000100000000
100000000010000000000000000000000000000100000000001000000000000001000000
010001000000000000010000000000000000100000000000000000000000000000000001
000000000010010000000000000000001000000000000000100010000000000000000000
100010000000000000000010000000000000000000000000000000010001000000000000
100000000000001000001000000000000000000000000000000010000000001000000000
100000001000000000010000000000000001000000000000000000000000010000000000
010000000000001000000000000000001000000100000000000000000000000000100000
001000000001000000000000010000000000000000001000000000000000000000100000
000000110000000000000000010000000000001000000010000000000000000000000000
000100000000000000000100000000000000000000000000010000000101000000000000
000000000000000000001000000000000000000001000000000100001000000000000001
100000001000100000000000010000000000000000000000000000000000000000100000
100000000000000000000010000000000000000000000000000000001100000000000001
000000000000000000000000000110001000000000000000000000000000000001000010
000000000000000000000000000000000000110100000100000000100000000000000000
100010000000000000000000000000000001000000000000000000000010000001000000
000001000000000000001100000000010000000000100000000000000000000000000000
001000000000000000000000000001000000000100000010100000000000000000000000
000000000000000000000000000000000000000000010000001010000000000000100100
000000000000000000000000000010100000000000000000000101000000000000000001
001000001000000000000000000000100000000000001000000000000000100000000000
000001000000000000000000000000010010000000010000100000000000000000000000
000000100000000000000000001000000000000000000001000100000000001000000000
000000000010000000000000001000001000000000000000000001000000000010000000
000010000000010000000000000100000000000000001000000000000000001000000000
000001010000000000000000000000000100000000000010000100000000000000000000
000000000100000000000000010000000000000000000000000000001000110000000000
000000001010000010000000001000000000000000000000000000000000000000001000
000010000000000100000000100000000010000000000010000000000000000000000000
000001010010000000000000000000001000000000000000000010000000000000000000
001010100000000000010000000010000000000000000000000000000000000000000000
000010000000010000000000100000000000000000110000000000000000000000000000
000001000000000000000000000010000000000000010000000000001010000000000000
000000000000000000000001001010000010000000000010000000000000000000000000
000000000000000001000000000000000000000000001000100000000000000000101000
000000000000000100000000000000000000000110000000000000001000000000000001
010000000000000000000000000001000000000100000000000110000000000000000000
000000000010010000000010000000000000010000000100000000000000000000000000
001000000000000000000000000001000000000000000000001000000000010010000000
000000000000011001000000000001000000000000000000000000000000100000000000
000000000010000000000000000010000100000000000000000000000100000010000000
000000000100000000000000000100000000000000000000010000000000000100000010
000000000000000000100000000000000000001000011000000000000001000000000000
000000000000000010000000101000000000000000001100000000000000000000000000
000000000010000000000000000100000000000000010000000000000010000001000000
000000110000000000000100000000000000000000010000000000000000000100000000
000000000001000000000000000000000000000000101000100010000000000000000000
000000100000000000000100000001000000100000000000000000000100000000000000
000000100100000000000001000000001000000000000000000000000000000000000001
000000000000000000000000000000100001000100000000000100000000000001000000
010000000000000000000100000010000000000000000100001000000000000000000000
000000100000000000011000000000000100000000000000000000000000000000010000
000100100000100000000000000000000110000000000000000000000000000000000000
000000000000000000000000000000100100000000000000000000000000000000001101
000000000010000000110000010000000000000000000000000000000000000000000001
010000000000000000000000000000010000000000000000000000001000000110000000
001000000000000000000000000000000000000001010000000000001000000000100000
000001000000000101000000000000000100000000000000000010000000000000000000
000000000000010000000000000000000000010000000001000010000000100000000000
000000000000000110000001000000110000000000000000000000000000000000000000
001000100000000010000000000000010000000000000000000000010000000000000000
000000100010000000000000000000000000000000010000000010000000000100000000
000000000000000000001000000000000000000100000001001000000000000010000000
010000000000000000000000000000000000000010000000010010100000000000000000
000000000000000000000000000000100001000001000000000000000000000010000010
000001000000100000000000000000000000001001000000000000000000000000100000
000000000010000000010000000000000000010000000100000000000000000000100000
000000000000001000000000000001000000000101000000000000000000010000000000
000000100000000000000000001000000000000000000000000000000000001000100001
000000000000100000000000000000000000000101000001000000000010000000000000
010000000010000000000000000010000000000000000000000010000000000000000100
000000000000100000000100000000001000000000000000000000000000000000110000
010000000000000001000100000000000000000001000000010000000000000000000000
000010000000001000000000010000000000001000000000100000000000000000000000
000000100000000000000000010000010000010000000000000000001000000000000000
000000000000000010000000000000000010000000000000000000000100000000001010
000000000010000000000000000000000000000000100000000100000010000000001000
000000000000000000010000000000000000010000000000001000000001010000000000
000001000000100000000000000000000010000000000000000000000000100001000000
000000000000000000000000100000000000000000000000010010000000100010000000
000000000010000000000000001000000010000010000000000000000000000000001000
000000000000001001001001001000000000000000000000000000000000000000000000
000010000000000010100100100000000000000000000000000000000000000000000000
000000000000000000000000010000001000000000000000000000101100000000000000
000000000100010000000000000000000000000100000000000100000000000000000010
100000100000000000000010000000100000000000000000000000000000001000000000
000010100000100000000000000000010000000100000000000000000000000000000000
000000000000010000000000100000000000000000000000000000000000000000011001
000001000000000010000000001000000000000100000001000000000000000000000000
000001001000000000000000000000000000010000000010000000000000000000000001
000000000000000010000000000100000000000000000000010000000000000100000010
000000000000000000000100100001000000010000000000000010000000000000000000
000010000000000000000000000000000000001000000000010000010010000000000000
101000000001000001000000000000000000000000000000000000000000000000000010
100000000000000000010000000000000010000000000001000010000000000000000000
000000010000000000100000110000000000000000000000010000000000000000000000
000000000001000000010001000100000000000000000000000000100000000000000000
000000000000000000100000000000000000000010000001001000000000000001000000
010000000000000000000000000000000000010001000000000000000100001000000000
000000000000000000010000000000001000000000000000000000000000010101000000
000010000000000000000010110000000000000000000000000010000000000000000000
000000000000000000010000000000000000000000000010001000000000000101000000
000000000000010000100000000000100000000000000000000000000100000100000000
000000000000000000000000000000100000000000000100000000000000000100000011
000000000100000000100000001100000000000000001000000000000000000000000000
000000100000000000000000000000000000000000000000000100100000000000000110
000000000000000000000000001001000000000000000011100000000000000000000000
000001000000000000000000010000001000000000000000000000000010000000100000
000010000000110000000000000000011000000000000000000000000000000000000000
000010000000100000000000000000000000100000000000000001000000000000001000
000000000000000000001000000100000000000000000001000000000000000001100000
000001010000000000000000000000010000000000000000000000000000101000000000
010000000000000000100000000000000000000000001010000000000000000000000001
000010000000000000010000000000001001000000000000000010000000000000000000
000000000000000000000100000000010001000010000000000000000000000000000010
000000000000000000000000000000000001000000100000011000000000000010000000
001000000100000000000000000110000000000000000000000000000000000000000010
010001000000000000000000000000000010000000000000000000001000001000000000
010000000000000000000000000000000001000101000000000000000010000000000000
000000000000000000000000000000000000001000000000000000011000010000000100
100100000100000000000000000000000000001000000000000000000000000000000010
000000000100000001001000000000000000000001000000000000000000000000100000
000000000010000000100000000000000100000000001001000000000000000000000000
000000000000000100000000000000100010000100000000000001000000000000000000
000000011110001000000000000000000000000000000000000000000000000000000000
000000000000000000000001001000000000000000000000000000000001000101000000
000000000000000000000000000000000000000000000001001001010010000000000000
000000000000000000110000000000100000000000000001000000000000001000000000
000000000000000001000000000010000100000000000000000000000000000001001000
000001000000000000000000000001000000000000000010000000000001000000100000
000100000000000000000000010000000000000001000100010000000000000000000000
000000000000000000000000000000000100000000000000000000000000010001010100
000000000000000000000000000100000001000010000000101000000000000000000000
000000000000000000000000010100001000001000000000000000000100000000000000
000000000000000001000110100000000100000000000000000000000000000000000000
000000000000000010000000000000000010000000000000000001000001000000010000
000000000010000000100000000000010000000100001000000000000000000000000000
000000000010100000100000000000010000000000000000000000000000000010000000
000000000000000000000100000000000000001000000100000000100000000001000000
000000000001000000100000100000000000000000000100000000010000000000000000
000000000000001000000010000000000000000000000000101000000000000001000000
001000000000000100000000000000000000000100000000000000000000100000000010
000000100000000000100000000010100000000000000000000000001000000000000000
000010000000000000000010001000000001000000000000100000000000000000000000
000001000000000001000010010000000000000000000100000000000000000000000000
010000000000000000000010000000000110000000000000000000001000000000000000
000000000000000000000000000000001000000000000000001000001000010000001000
000001000000000000000000010000000001000000000000000000000000000100000001
000000000010000010000100000000000000100000000000000000000000010000000000
000000100000000000000000000011000000000100000000000000000000000000000100
100000000000000000000000000000000000100000000000001000000100000000001000
000000000000000000100000000010000000100000000000000000011000000000000000
000000000101000000000000000010000010000000000000000000100000000000000000
000000000000000000000000000000001000010000000010010100000000000000000000
000000000010000000000000000000100000000000000000000000000001000000011000
000000100000000000000000000000000001001000000000000000000000010001000000
000000001000100000000000000000100010000000000000000000001000000000000000
000000000100000000000000000000000000000010000000000001000000101000000000
000000010000000000000001000000000000000000000000000000000001001010000000
000001110000000001000000000000000000000000000000000000000000000010000000
000001000000000000001000000010000000000000000000100000000000000000000001
000000001000000000000000000010000000000000000001000000000100000100000000
000000000000000000000000010000000000000000000000000110000000100000000001
000010000000100000000000100000000000000000000000000000000001000000000001
000000000000010000000000010000000000000010000000000000000001001000000000
001000000000000000000000001000000000000000001000010000000000000000000100
000000000100000000000000000010000000000000000000000000000011000000000100
010000000000000001000010000000000000001000000000000000000001000000000000
010100000000000000000000000000000001000000000000010000000000000100000000
000000000000000000000000000000010000000000000000010010010000000000010000
001100000000000000000000000000000000000000000100000000000000000000001100
000000000000000010000000000000000000000000000000010001000001000010000000
000010000000000010000000000000000000010000000100000000000000000100000000
000000000000000000000010001000000010000000000000000000000000000011000000
000000000000000000000000000001001000000000100100000000001000000000000000
000000000010001100000000000000000000000000000000000000000100000000100000
000000000000001000000000100000000000000001000001000000000000010000000000
000000010000000000000000000101100000000000000000000000000000000100000000
000000000000000010000000000000000000000000000000101010000010000000000000
000000000010000000000100000000000000000000000100000000000001100000000000
000000000100000000000000000000000000000000000000000000010001001000100000
000000000000000000000100000000000000110001000000100000000000000000000000
000000000000000000000000000000000010000001000000000000001001000000001000
000001100000000000000000000000001000000000000000000001010000000000000000
100010000000000000000000000000000100000000000000000100000000000000000001
000000000000000000001000000100000000000001000100000000000000000000100000
000000000000000000001001100000000110000000000000000000000000000000000000
000000010000000000000000000000000010001000000000000000100000000000000001
000000011000000000010000000000000000100000000000000000000000000100000000
010000001000100000010000000001000000000000000000000000000000000000000000
100000000000000000000000000100000000000000000000000000001000000000000101
000000000000000000000001000010000000000000010000100000010000000000000000
100000000000000000000000000000010000000000000000000100000100000000001000
000010000000000000000000000010000000000000010000100000000000100000000000
000000000100000000000000000000000000001000000000100000000100000000000100
000000000000000000010000000000000000000010000000110000000000010000000000
000000001001100000010000000000000000000000000000000000000000000010000000
000100000000001000000001000000000000000000100000000000000001000000000000
000000000000000000000100000000111000000000000010000000000000000000000000
001000000000000000000010000000000000100100000000000000000000100000000000
100010000001000000000000000000000000000000000000010000000000000100000000
000000000100000000000010000000000000000000000000000000110000000000100000
011000000000000000000000000100000000000000000000000010001000000000000000
000000001000000000000000000000000000000000000000000000100010100000000010
000101000000000000000000000000000000000000000000010000000000100010000000
001000001000000000100000000000000000000000000010000000000000000001000000
000000000001101000000000000000000000000000100000000000000000000000000010
001000000000000000000000000110000000000001000000000000000100000000000000
000000000000010000000010011000000000000000100000000000000000000000000000
001000000010000100000000000000000000000100000000000000000010000000000000
010000000000010000000000000100010000010000000000000000000000000000000000
000000001010000000000000000000000000001000000000000000000100000010000000
000000000000000000000000000000000000000000000000011000100000000000101000
000000101100000000000001000000000000100000000000000000000000000000000000
000000100000000001000000000000000000000000000100001000000000010000000000
000000000000000000000111000000000000000000000000000100000000001000000000
001000000000000000000000000000000010100010000100000000000000000000000000
000001000000000000000000100000100000000010000000000000000000010000000000
000010000000000000000000000100000000000000101000000000000100000000000000
000000000000100000000000000000000000110000000000000000100000000100000000
000000000000100000001000000001000000000000000000010000000000010000000000
000000000100000000000000100000000000100000000000000000000010000000000010
001000000000000000100000000010000000001000000000000000000000001000000000
000000000001000000100000000000000000000000000000000000000001000110000000
000010000001000000000000000000000000000000000000000000000001000100100000
000000000000000100000000000000001000000000000000010000001000000001000000
000000100010000000000001000000000010001000000000000000000000000000000000
000000010000000000000000000001000010001010000000000000000000000000000000
000000000000000000000010000000000010000101000000000000010000000000000000
000000000000000000000000001100001000000000000000000100000000000100000000
001000000000010000000000000000000000000001000000000100000000000000100000
000000000001000000000010000000001000000000000000000010010000000000000000
000010000000100000000100000000000000000000000000000000000000000101000000
000000000000000001000000000000100100000000000001000000000000000000000010
100000000000000000000000000000000000000000010000001000000100000001000000
000000000000000000010100000000000000000000000001000000000010010000000000
000000000000100000100000110000000000000000000000000000000000000000000100
000000000000001000100000000000000000001000000000000001000000001000000000
000001001000000000000000000000000000000000000000000000000100001000000010
010000000000000000000000000000000000000001000010000000010000000001000000
000000000000000000000000000000000000000000000001000001100000000000110000
001000010000000000000000000000000100000000000000000000100000000000000010
000000000000000000000000001000000100000000000010000000000000010000100000
000000000100000000000000000000000010100000100000010000000000000000000000
100000000000000000000010000000000000000000000000000000010010000000000010
000000001000000000100000000000000000000000000000001000000000001000100000
000000010000000000010000100000000001000000000000000000000000000100000000
000000000000000000000000000000001000001000000000000000100000100100000000
000000000000000000100101000000001000000000000000000000000000000010000000
000000000000000000000000000000001000000000000001000010000100000000100000
000000100000100001000000000000000000000000000000001100000000000000000000
000000000000010000001000010000000100000000000000000010000000000000000000
000100001000000100000000000000000000000000100000000000000000000000001000
000000000000000110000000100000000001000000000000000000000000000000100000
000000000000100100100000000000000000000000000000100000000000010000000000
000000000010000000000000000000000100000100100000000000000000000000001000
000010000000000001000000000000000000000000000001000000001000000100000000
010000000000000000000000001000000000000000010000000001010000000000000000
000000000000000000000000000001000000000010000100000000000000000001100000
000000000001000000010000000000000000000000000010000000000000000000110000
010000000000000000000100000000010000000000000000000000010010000000000000
000100001000000000000000000000000000000000010000000000100000000100000000
100000000000000000000000000011000000000100000000100000000000000000000000
000000000000000000000000000000000100000000000000100000001000100100000000
000010000000010000000010000000000000000000000000000000001000010000000000
000000000001000000000000000000100100000000000000000000000000000100001000
001000000001000010000000000000000000000000010000000000000000000001000000
000000000000101000001000010000000000010000000000000000000000000000000000
000000000000000000000000000000000100000000000000000000101000000000011000
011010000100000000000000000000000000000000000000001000000000000000000000
000000000000000000000000000000100000000001000000100000000000101000000000
000000000000000000001000100000000000000000001000000000001000000010000000
000000000000000001000000000000000001000000000000000000011000000000010000
000000001000000000000100100000000000000000000000000100100000000000000000
000000000000100000000100001010000000100000000000000000000000000000000000
000000000000000000110000000000000000000000000001000000000000001000100000
000000000010000000000000010000000000000000100000000000000001001000000000
000000000000000000000000000000000000010000000000000001001000001100000000
100000000010000000000000000000000000001000000000000000000000010001000000
000000010000000000000000000000000000000000000000000010000000000100001001
010000010000000000000000000000000000000010000000010000000010000000000000
101000000000001000000000000000010000000000000000000001000000000000000000
000000000000100000000001000000000000000100000010000100000000000000000000
000000100000000000000000000000000000010000010000000000010000000000000100
000000000000000001001000100000000000010000000000000010000000000000000000
001100100000000000000000010001000000000000000000000000000000000000000000
000000000000001000000000000000000000000010100000000001000000000100000000
000010000000000000000001010000000000000000010000000000010000000000000000
000001000001000000001000000000000000000000000000001000000000000010000000
000000000000000000000000000000000000000000001000100000100000001100000000
000000000000000000000000000010000010100100100000000000000000000000000000
000000000100000000000000000000000000000000000100000110000000100000000000
000000000001000000000000000001000000000000100100000001000000000000000000
001000000100000000000000000000010010000000000000000000000000000000010000
000000000000000100000000000000000010000010000000000000001000000010000000
000000000000010000000010000000000001000000000000000011000000000000000000
000000000011000000000001000000000100000000000000000000000000000000000001
100000000000000000000000000000000000000000000000000000000010001000001010
000001000100000010000000000000000000000000000000000000010000000000000010
000000000000000000000100000000001000000000100000000000000010000000010000
001000000000000001000000000100000000000000001000000000000000000000000010
000000000000000000000001000100000000000000100000000000110000000000000000
000000001000000010000000000000000001000000010000000000000000000000000001
000000000000001000000000000000000001000000100000000010100000000000000000
000000010100000000000000000000000100000000000001000000000000000000010000
000010000000000000000001000000001000000000000000010000000000010000000000
010000000000000100001000000000000000000000000000000000010000000000001000
100000000000010000000010000000000000000000000010000001000000000000000000
100000000000000010000000000000000001000000000000000000000000100000000001
000000000000000000010000000110101000000000000000000000000000000000000000
000000000000000000010010000000000000010000000000000000010000000010000000
000000000000000001001000001000000000100000100000000000000000000000000000
000000000000000000000100100000000001000000000001000000000000000000010000
000000001001000010000000000000000000010000000000000000000001000000000000
000000000100000000000000000000000100000000010000000000100001000000000000
010000010000000100000000000000000000000000000100000000000000001000000000
000010000000000000000000010100000000000000000000000000000000011000000000
000000000000000010000000000000100010000000000010000000001000000000000000
110000000000000000000000000000010000000000000000010000000000000000001000
100000000001000000001000000000000000000000000000000000010100000000000000
000000000000000100000000000000000000000000010000100000000000000000010010
000000000010000000000000000000010000000000000000000000001000001010000000
000000000000000000100000000000100000000100000000000000001000000000100000
000000000001000000001000000000000100000100100000000000000000000000000000
000000000000001000000100000000000000100000000000100000010000000000000000
000000100000000000000000000001001000000000000000000000000001000000001000
000000000100010000000000000000000000000000010000001000000000000000000010
000100000000000000000000010100010000000000000000000000000000000000000100
000000000000100000000000000000000000100000000010000000000000000001000001
010000000100000000100000100000000000000000000000100000000000000000000000
000000000000000100000000000000000000000000000001000000000011000010000000
000000000000000000001000000000010000000010000000010100000000000000000000
000001000000010000010000000000000000000100000000000000000100000000000000
000000000000000000100000100010000010000000001000000000000000000000000000
101000000000010000000001000000000000000000000000000010000000000000000000
000000000000001000000001000000000000010000001000000000000000000000000100
000001000000000000000000000101000000000000000000000000010000000000100000
010000010000000000000000000000100000000000001000000000000000010000000000
000000000000000000000000000001000000010000000000000000000000001100001000
000000000001000000000000000000001000001000000010000000100000000000000000
110000001010000000000000000000000000000001000000000000000000000000000000
000000000000000000000000000010000000010000000000000000000010000000001001
000000000000110000000000000000000100000000000000100000000000010000000000
000100000001000000000000000000000000000100000000000000001000000000001000
001100110000000001000000000000000000000000000000000000000000000000000000
000000010000000000000000000100000000000000000000000001000000000010000100
000000000000000000000000000100000000000000000000100000010000100000100000
000000000010000000000000000010000000000000000000000010000000000001001000
001000000000000000000000000000000000100010000000000100000000000000000001
100001000000000000000000000000000000000000000000010100000000000100000000
000000000000000000000100000010000000000000000010000010100000000000000000
000000000100000001100000001000000000000000000000000000000000000000000010
100001000000000000000100000000000000000000000000010000000100000000000000
000000000000100000000100010001000000000000000000001000000000000000000000
000000000000000100000110000000000000000000000000000010000000000100000000
000000010000000000010000000000000000001000000000000000000100000001000000
001000000000000000000000000000000000101000100000000000000000000000010000
000000000000000100000000000000000000000000101000000000010000000001000000
000000100000010000000000000010000000000000000000010000000010000000000000
000000000000000000000000000000001001001000000000001000000000000000000001
000000000000001001000000000000000000010000000000000000000000001000010000
001000000010000000000000000000001010000000000000000010000000000000000000
000000000000000000000000000000000000101000001000000000000001000000000001
000000010010000000000000000000100000000000000000000000100000000100000000
000001010000000000010001000000000000000000000000000100000000000000000000
000000000000000000100000000000000000001000000000000100001000000000010000
000000000000000000000001000001000100000000000011000000000000000000000000
000010000000000000000000000000000000001000000000000001011000000000000000
010000000000001100000100000000000000000000000000000000000100000000000000
000000000000000000000000100000000000000000000100000100100000100000000000
000000000000000010000000000001000000000010000000000100000001000000000000
000000000000000000011000000000000000000010000000000000000000000000001100
000010010100000000000000000000000010000000100000000000000000000000000000
000100100000000000000000000000000000000100000001000000000000100000000000
000000010000000000000010000000000000000000001000000001000000000000010000
000000000010100000000000000000000000000100000000000000000001000000000100
100000000000001000000000100000000000000000000010000000000000010000000000
000000000000000000000000000010000000000100001010000000000000000100000000
100000000010000000000010000000000000000000000000100000000100000000000000
000001000000000000000000000000100000000100000000000000000000010001000000
000000000000000000000010000000000000000000000000100100000000000000100010
000000001100000000000000000100000000000000000000000000000000000000010100
000000001001000000000000000000000010000000000000000000000000010000000001
000000000000000000000000101000000000000000000000000001000000000000000011
000000010000001000000000100000100000000000000000000000000001000000000000
000000000000000001001000000000000010000010000000000000000000000000100000
000000000001100000000000001000000000010000000000000000000000000000000010
000000010000000100000001000000000000000010001000000000000000000000000000
010000000000000001010000000000010000000000000000000000000000000000100000
000000000000000000000000100000001000011000000000000000000000000010000000
000000000000000000000100000010001000000000000000010000000001000000000000
000000000000000000001000000000000000000001010000000000000000101000000000
000000000100000000000000000010010000001000001000000000000000000000000000
000100000000000000000000001000001000000000000000010000010000000000000000
010000010000000001000000000010000000000000010000000000000000000000000000
101000000000000000000000000000000000000000000001000000000000000010000100
000000000000000001010000000000010000000000000000000000010000000000100000
000000000000000000000000010000000100000000000010000000000001000000001000
000000000000010100010000000000000100000000000000000010000000000000000000
000000000000000000000000000100000000100000001000000001000000000000000100
001000000000000000000100000000000000000000000000000010010000010000000000
000000000000000000000000000000000000000000000010000010000000000100001100
000000001100000000000001000000000000010000100000000000000000000000000000
010000010000001000000000000000000000000000000000000010000000000001000000
000100000000000000000100000100000000010000000000000000000000000000000010
000000000010000100000010000010000000000100000000000000000000000000000000
000000010000000000000000110001000000000000000000000000000010000000000000
000000000000000000000000000100000010000010010000000000000000000000000010
000000000000001000000000100000000000001000000000000001000000000100000000
000000100100000000000000000000000000000000000000000000100000100000010000
000001000000000000010000000000000000000100000000000000010000010000000000
001000000000000000000000000000000010000000110000000000010000000000000000
000000000000000000000001000000000000000000000000000100000000100010000001
000000000000000000000000000000000000010001100010000000000000010000000000
010000000000010000000001001000000000000000000001000000000000000000000000
000000000100000001000000000000000000001000000000010000000000010000000000
000010000000000000010000000000010000000000000000000000000000010000001000
000100000000000000000000000000000000000000101000000010000000000001000000
000010001000100000000000000000000000001000000000000100000000000000000000
000000000000000110100000000000100000000000000000000000000000000001000000
000001000000000000000000000001000001000000001000100000000000000000000000
000000000000000000000000010000000010000000101100000000000000000000000000
000000000001000010000000000000000000000001001000000000000000000000000100
000000000000000000000010000000000100010000010000000000000000000001000000
000000100001001000000000000000000100000000000000000000000000000000000100
000001000000000000000000000000000000000000010011000010000000000000000000
000000000000000000100000001000000010000001000100000000000000000000000000
000000000000000001001000000010000000010010000000000000000000000000000000
000000000010100010000000000000000000010000000000000000000000000000001000
000000000100000000000000100000000011001000000000000000000000000000000000
000000000000000100000010001000000000000000000000000000100000000000100000
000000000000000000000000000000000000000000000100000100000000100110000000
000000000001000001000010000010000000000010000000000000000000000000000000
000010010000000100000010000000000000000000000100000000000000000000000000
010000000101000010000000000000000000000000000000000000000000000000000100
000000000010100000100000000000010000000000000000100000000000000000000000
000000000000001000000000000000000000000000000001000000010000000110000000
101000100000000000000000000000000100000000000000000000000000010000000000
000001000000000000001000000000000000000000000010000000010000000000100000
000000000010000110000000000000000000000001000000000001000000000000000000
000000000000000000010000000000000000000000000000000010010000100100000000
000000100010010000000000000000000000000000000000000001100000000000000000
000001000000000000001000000000001000001000000000000000000000000000000010
000000000000000010001010000000000100000000000000000000000100000000000000
000000000000001000000000000000000000000000000000100000100010000100000000
000000000001000001000000000100000000000000000000000000000000100000100000
000000100000000001010000000000000000001000000000000000000100000000000000
100000001000000001000000000000000010000000000000000000000000000000100000
000001100000100000000000000000000000001000001000000000000000000000000000
000000010000010000000000000000000000000000000001000000001010000000000000
000000010000000000001000000000000000000000000000000100000000000000110000
000010000001011000000000000000001000000000000000000000000000000000000000
000000000000000000000000000001000000000101000010000000000100000000000000
010000000000000000001000000000000100000000000000000000001000100000000000
000000000000000000000000000000010000000000000010000000000000010001000010
000100000000000000000000000000000000000000000100000001100000000100000000
010000000000000000001000000000000000000000000010000100000000000000100000
000000000000000000100000000000000000000100000000100000100000000010000000
000001000000101000000000000000000000010000000000000000001000000000000000
000000000000010000000000000000000000000010100000000000000000000001100000
000000010000000000001000000000000000000000001000010001000000000000000000
000000001001000000000000000000001000000000000001000000000000000000100000
100000000000000000000000000010000000001000000000000000000110000000000000
000000000000000100000001000000000000010010000000000000000100000000000000
000000010000000000000000100000000001100000000000000000000000000000100000
100000000000001000000100000010000000000000000000000000000001000000000000
001000000000000001000000000100000000000010001000000000000000000000000000
000000100000000000000000000000000000000000001000000000000000001000001010
000000000010000000000000000000000100000100000001000000000000000100000000
000000100000000000000000000001000000000010000000000000100000000000000010
000001001000000000000000000000001001000000010000000000000000000000000000
000000000000010000000001000000000000000000000000000000000010001100000000
000000000000000000000000000000000000000011000001000000000001000000000001
000000001000000000000000010010000000000010010000000000000000000000000000
000000000100000000100000000000000000000001100000000100000000000000000000
000000000010000000000000000000000000000000000000000001000000000001100100
010000010000000000000000000000000000000000000000000000100001010000000000
000000000000011000000000000001100000000000000000000000000000000000000001
000000000000000000000000000000000000000000000010000000000000010100011000
000000000000000000100100000000000000000010000010000000000000010000000000
100000000000000100000000100000000000000000001000000100000000000000000000
000000001000010000000000100000000000000000000000000000000000000010010000
000000010000000000100000000000000000000000000100000001000000000000000100
100000000001000001000000000000000000100000000000000000000000000000010000
000000000000001000000000000010010000000000010000000000000000000000000001
000000000000000000000000000000000001000100000000000000000010010000010000
001000000000100000000001000000000000000100000000000000000000000100000000
000000000000000000000001000000000001000000010000010000000000001000000000
000000100000000000000000010000000000100000100000000000000000000010000000
000001000000000000000000000000000000010000000100000100010000000000000000
000000010010000010000000000000000000000001000000001000000000000000000000
000000000000000000011000000000000000001000000000000000000000000010000001
000001000000100000100000000000000000000000001000000000000000100000000000
100000000000000000000000000000000000000000000000100000001010010000000000
000000000000000100000000001000000000000000000010100000000000000000000010
000000000000000000000000000000000000000001000010000000010000001000010000
000000000000000000101000000000010000001000000000000000000000000000000001
000000101000000000011000000000000000000000000000000000000000000010000000
000000000000000000100000000100100000000001100000000000000000000000000000
000010000000000000000000000000000000000000000000001001000000000100000001
000000100000000000000000000000000000100000000000000011000000000100000000
000000000010000010000000000000000000001010000000000100000000000000000000
100000000000000001000000000000000000000000000000100001001000000000000000
000000000000001000000000100100000000000000000100000000000100000000000000
100000000000000010000000000000000000000000001010000000000000000000000010
000010000000000000000000000000000000000000100000000000010000000010010000
000000000000000000000000000000000000000010000000110001000000001000000000
000000000000000000000010000000000000000001000000000010000000100000010000
000000000000000000000000000000010000010000010000001000000000000001000000
000000001000000000000000000000000000000100000000000000010100000100000000
000000000000000000000100000010000000000000010000000000000000000001100000
100000000000100000000000001000000000000000010000000000000001000000000000
000100010000000000000000000000000000000000000000000000000101000100000000
000000000000100000000000000000000000000001010000000000000001000000001000
000000000000001000010000000000000001000000000000000000000000000010001000
000000000000000000000000000000000010000000001001000000010000000000100000
010000000000000000000000000000000100000000000000100000000101000000000000
000000000000000000001000000100000000000000000000010000000000000001010000
000000000000000000010000000000000010000000000000101000000000000010000000
000100000000000000000000000000000100000000000000000000000000100000000110
000100000000000001100100000000000000000000000000000000000000000000100000
000100000000000011000000000000000000000000000000000010000000000000000001
000010000100000010000000000010000000000000000000000000100000000000000000
000000000000000000000001000000000000000000000000101000000000000001000100
000100000000000000000000001000000000000000011000000000000010000000000000
000010100000000000000000000000001000000000000001000001000000000000000000
000000000000000000000001000000000010000000000000000000000010001000000100
100100100000000000000000000000000000000000000000010000000000000000000010
000000000000000000000000000000000000000000000000010010110000000000000100
000000000000100000000000010000001010000000000000000000100000000000000000
000000000000000000000000000000000000000000000111000001000000000000001000
000000000000001000000000000000000000000000001000000000000100010100000000
001000100000000010000000000100010000000000000000000000000000000000000000
000000000000000001000000000000001001000000000010000000010000000000000000
000000000000000000010000000000000000000110000000000000010000000001000000
000000000000000100000000000100000000000000000000000000000100000000100010
000000000000001000100000001000000000000000000000000000000001000000000100
010000000000000000000000001000001000000000000000000000001000010000000000
000000000000001000000000000000000010000000010000000000000000000000100001
000000000000000100000000100000000000000000000000000000001000100000010000
000000010000000001000010000000000001000000000000000000100000000000000000
000010000000000000000000000000000000101100000000000000000000000001000000
000000000000000100001000000000000000000001000000000100000010000000000000
000000000000000000000001000001000100000000000000000000100000000000000100
000000000000000001000000000000000000010000000001001000100000000000000000
000000010000000100010000000000000000000100000000000000000100000000000000
000000000000000000100000001100010010000000000000000000000000000000000000
100000000101000100000000000000000100000000000000000000000000000000000000
001000000000001000000000000000000000000000000000001100000000000000001000
000000000000000000000000000010000010000011000000001000000000000000000000
000000011010000000010000000000000000100000000000000000000000000000000000
000000000000000100000000101000000000010000000000000000100000000000000000
001001000000000000000010000000000000000000000001000000000000000000100000
000000110000000000000000010000000000001000000000000000000000000000000100
000000000000000000001000000000001000000000000000001010000000000010000000
000000000000010000001000001000000000000000000000000000000000000000100100
000000000000000000000100000100001000000000000000000000000010000001000000
000100000000000001000000000000000000000000000000000000000000000010110000
000000000000000000000000001001000000010000000000000000000000011000000000
000010000000000000000000000000000000000001000010000000000000101000000000
000000000001000000000000100000001000000000000000010100000000000000000000
000010000001000000000000010001000000000000010000000000000000000000000000
000000000000001000010001000000000000000000000000000010000000000000000001
000000000000001000010000000000000100000001000000000000000000010000000000
010000000000000000000000000000000000010010001000000000000001000000000000
000001000000000100010000000000000000000000010000000010000000000000000000
001000000010000000000000000000000000000010100000000000000000001000000000
000000000000000000100100000000000000010000000000000000000010000000010000
000000000000000100000000010100000000000000000000000000000000010000000001
000000000000000000101010010000000000000000100000000000000000000000000000
100000010000111000000000000000000000000000000000000000000000000000000000
000101000000000000000000000100000000000000010000000000000000010000000000
000100010010100000000000000000000000000000000001000000000000000000000000
000000000000000000000000000000000000000010000000000100000100000110000000
010010000000000000001000000000100000000000000000000000000000000100000000
000000000000000000000000000000010000000000000000000000000100010000100001
000000000000100000000000100000000011000100000000000000000000000000000000
000000001000001000000000000000000000001100000000000100000000000000000000
000100000000100100000000000000000000000000100000000000000000000000001000
010000100000001000000010000000000000000000000000000000000000000000010000
100000000000000000000001000000000000000001000001000000010000000000000000
100000000000000000010000000000010001000000000000000001000000000000000000
000000000100000000000000100000100000000000000000001010000000000000000000
000010000000000000001000100000000000000001000000001000000000000000000000
000000000000000000000000000000000010000001010001000000000000001000000000
000000000000000000000010001100000000001000000000000000001000000000000000
000001000000000000001000000010000000000000000100000000000000000000000010
000000010000000000000010000100000000000000010000000000000000010000000000
000000000000001010000000000000000000000010001010000000000000000000000000
100000000100000010000000000000000000001000000000000000000000000001000000
000010000000000000000000011001000000000000000000000000000000000001000000
001000000000000000100000000000000000000000001000000000000010000001000000
000000100000000000010000000000000000000000000000000000000010000000010100
000000001000000000100000000000000000010000000000000000000010000000010000
000000000000000000000000100000001000000001000000000000010000000010000000
000000000000110001000000000001000000000000000000000000000000000100000000
010000000000000100001000000000001000000000000000000100000000000000000000
000001000000000000000000000100000000000010000000000100100000000000000000
000100000100000000000000000010000000000000010000000000000000010000000000
000000000100000000000000100000000000000000000000000100001000000000000001
000000000000010000100000000000000000000101000000000000000000000001000000
010000000000100000000100000000000000000000000000010000100000000000000000
000000001000000000000000000000000000000000000000000001000000000111000000
000001000000000000000000001000000000000000000000000000010010000000100000
000001010000010000000000000000001000010000000000000000000000000000000000
000000000000000000000000000000000101000000000100000000001100000000000000
000000100000000100000000000000000000000000100100100000000000000000000000
000000000010010000000001001000000000000000000000000000010000000000000000
000000000000000000000000000001100001000000100000000000000010000000000000
000100000000000000000000010000000000000100001000000000000010000000000000
000000000000000000000000000000000100001000000000000000100000000100100000
010000000100000000000000000000000100000001000000000000000000000001000000
000000000000000010000000000000001000000000000000000000000001000000001001
000001000000000000000001000000000000100000010000000000000000000010000000
000000100000000000000000000000010001010000001000000000000000000000000000
100000010000001000000000000000000000000100000001000000000000000000000000
000000000010000000000010000110000000000000000000010000000000000000000000
000000000000001100001000000000000000000000000000000000000000010010000000
001000000000010000000000000100100000000000000000000000000000000000000010
000000000001010010001000100000000000000000000000000000000000000000000000
001000000100000000000000000000000000100000000000000000000000000100000100
001000000000000000000000000000000000000000100100000000100001000000000000
000000001000000000010000000000000000000000000000100010000000000000010000
000000000100000100000000000000000000000000001000000000001000000000000100
000000000000000110010000000000000000000001000100000000000000000000000000
000000001000000000100000000000010100000000100000000000000000000000000000
000000000100010000000000000000000000000000000000000100000000000001000001
000010000000000000000000100000000000000000000000000000001000010000010000
000000010000000001000000000000000000000000100000010100000000000000000000
000000100000100000000100010000000000000000000000000000100000000000000000
000000010000000000000000000000000010000000000000100000000001000000001000
001000000000000000001000010000000000000000000000000000000000010010000000
000000010000000000000000001000000010000000000000000000000000100000100000
000000000011000000000000000000000000000000010000000000001000001000000000
000000000000001100000000100000000000000000000000000000000000000001010000
000000000000000000000000000000001000000100000000000010000000001000100000
000001000000000000000010000100000000001000000000000000000001000000000000
000000000000000000000000000000000100000000000000000001000000010010000100
000000000100000100000000010000000000001000000000000000000000001000000000
000000000010001000000000000000000000000100000000000000001000010000000000
000001000000000100000001000000000000000000000000000100000100000000000000
000000000100000000000001000000000001000000000010010000000000000000000000
000000000100000100000000000000000000100000000000000000001000000000010000
000000000010000000000000000001000000001000000000100000000001000000000000
000000010000010000000000000000000000000000000000001010000000000000010000
000000000000001000000000000000000000100000000000000010000000000000001001
000000000000000000000000000000000000010000100000001000000001100000000000
000000000000000000100000000000010000100000000010000000000000000000001000
000000010100000000000100000000000000000000000000000000000000000110000000
000000000000000000000000000000000000000000110000000000010000001000100000
000010000000000000000000000000000001010000000000000100000000000010000000
001000011000000000000000000000000000001000000000000000010000000000000000
001000000000100010000000000000001000000000000000000000000000000000001000
000000000010000000000000010000000000000000000000100000000000000010100000
000000000000000000000010001000000000000000000000000000000100010000100000
000001000010000000000000000000000000000000001000000000000010000000100000
000000000001000000100010000000000000000000010000000001000000000000000000
000001000000000100100000000001000000000000000100000000000000000000000000
000000000000000000000000000000001001100000000010100000000000000000000000
000100000000100000000000000000000000000000010000000010001000000000000000
000000000000000000000000000000000000000000010110000000010001000000000000
000000000000000000000000001100000000000000000000011000000000100000000000
000000001000000000000000100100000000000000000000000010010000000000000000
100000000000000000000000000000000000000000000000000100000100010000000100
000000001000000000000000000100000100000000000001000000000001000000000000
100000000000010000000010000000000000100000000000000010000000000000000000
010000000000000000100000000000000010001000000000000000000000000010000000
000000000000000000000000000001000000000000010001001010000000000000000000
000000000000000010000010000000001000000000000000000000000000110000000000
000000000000000000000100000000000010100000000100000000000000000010000000
000000000000000010010100000000000001000000100000000000000000000000000000
100000100000000000000100001000000000000000000000000000000000001000000000
000000000000000000000000100000000010000000000000010000100000000010000000
000000000000000000000000000000010010001001000000000000000000000000000010
000001000000001000000100000000000000000000000000000000000000000000011000
000000100000000000000000000100010000000001000000000000100000000000000000
000000000001000000010000000000000000000001000001000000000000000100000000
000100000000000000100000000000000100000000000000000000100000000100000000
000000001000000000000001000000000000000000000000001000000000000010000001
000000010100000100000000000000000000000001000000000000100000000000000000
000000100000000001010000000100000000000000000000000000000000000010000000
000000100000001000000000001000000000000000000000000010000000000000100000
000000000000000100001000000000000010000000000000010000000000000100000000
000000000001000010001000000000000000000000100000000000000000000000010000
000000010000000000001000000000100000000001010000000000000000000000000000
000010000000000010000000000000000000000000100000000000000000000000000101
001000000000000000000000000000000010000000000100000000000000000000001010
000100000000000000000001000000001000000000000000000000000000000110000000
000110000000000000000010000000000000000100000000000000000000100000000000
000000000001000000000000000000000000000011000000000000100000010000000000
000000001000001000010000000000000000000000000000000000001000000001000000
000000000000000000000000000010000000000000001000010001000001000000000000
000000000000000000001000000001000101000000000000000000000000000000000001
000000000000000000000000000000100000100000010001100000000000000000000000
000010000000000000000100000000110001000000000000000000000000000000000000
000000000000000001000000000010000000000010000000000000001000000000000001
000000010000010000000000001000000000000000000000000000000001000010000000
000000101000000001000000000000000000000000000000000000000000000100010000
000000000000000100100000000000000000000010000000010000000100000000000000
000000000000000100010000000001000000000000000000000000000000001000000010
000000000010000000100100000010000000000001000000000000000000000000000000
000010010000000000000000000000100000000000100000000000000000100000000000
001000001000000000000000001000000001000000000100000000000000000000000000
001001000000000001000000000000000000000000000000000000000000100000010000
010000000000000101000001000000000000000000000000000000000000000000100000
000000000000100000000000000000000100000000000100100000000000000000000100
000000000110000010000000000001000000000000000000000000010000000000000000
000000000000000000000000001000001100000000000000100000000000100000000000
000000000000000000000000000000010000000000000000000000001000000001110000
000000000000000000000100000000000100000000000000001000001000000000100000
000000000000000000001000001001000000100000000000000000000000000010000000
010010000000000010000000000000000000100000000000000000000000000000000001
000100000000000100000000000000000001000010001000000000000000000000000000
000000000000000010000000000000000010000000000000100000000000000100100000
000000000100000000001100000000000000000000000000000000000101000000000000
000000001000000001000000000000000010000000000000000000100000000100000000
000000010000000000100000000000001100000000000000000000000000000000000100
000000000000010000100000000000000000000010000000100000000000001000000000
000000000000000000010000000010100000100000000000000000000000010000000000
000001001000001001000000000000000000000000000000000000001000000000000000
000000000000100000000000000000001000000100000000000000000010001000000000
000010000000010000000010000000000000000010000000000000000001000000000000
000000000000000000000000100000000000000001000000000000100000000011000000
000000000000000000001000000000000010000000000000000001010000000000000001
000100010000000010000000000000000000000000000000000001000000001000000000
000000000000000010000001000000000001000000000000000000000000010000000010
000000000000000100000000000000010000000000000000000000100000000000010001
000000010000000000100001100000000000000000010000000000000000000000000000
000000000000000000101000100000100000000000000000001000000000000000000000
000001000001000010000000000000000000000000010000000000000000001000000000
000000010000010000010000000000000000000000000000100000000001000000000000
000000000000010000000001000000000000000000000000000100000000000000000011
000000000000000010000000000000000010001001000100000000000000000000000000
000000000010010000010000000000000000000000100000001000000000000000000000
000000000000000000000100000000000000010100000000000000001010000000000000
000001000010000000000000000000000000010000000000000000101000000000000000
000000000000010000000010000000000000000100000000000011000000000000000000
100001000000000000000000000000000000000000000000000001000000000010100000
000000000000000000000000101000000000001011000000000000000000000000000000
000000000010010000000000000000001110000000000000000000000000000000000000
100100000000000000010000000000000000010000000000000000000000000000010000
000000001000000000010000000000100000000000000000010000000100000000000000
000101000000000000000000001000000000100000000000000000000001000000000000
000000000000000000000010000000100000000000000000000010000000000000100001
000000000000000000000010000000000000000000100000000000010000001000000001
000000001000000001000100000000100000000000000000000000000000000010000000
000000000010000000000100001100000000000000000000000000000000000000100000
010100000000000000000000000000000010000100000000000000000000000000100000
010010000000000000000000100000000000000000000000000000000000000110000000
000000010000010010001000000000000000010000000000000000000000000000000000
000000000000000000110000000000000100000000010000000000000000000000001000
000000000100000000000000001000000000000000000000000000100100000100000000
000000000000000000000000000010000001010000100000000000100000000000000000
001000000000100100000000000000000000000000000000000010000100000000000000
000000000000000000010000010000000000000010000000010000000000000001000000
000001000000000100000000010000000000000000100000000000000001000000000000
001000000000000100000010000000000000000000000000000000000000000100000100
000000000000000000000000000100000000000001000000010000010000000000001000
000010000000000000000000001000000000000000000100000000000100000000000001
000000000100000100000000000000000000000000000000011000000000100000000000
000000000001000000000000000000001000000000000000000001000000000100010000
000010000000100000000000000000001000000000000000001010000000000000000000
100100000000000000000100000100000000000100000000000000000000000000000000
000000000000000000000000000010001001000000001000000000000000000000001000
000001101000000010000000000000000000000000000000000000000000100000000000
110000000000010000100000000000000010000000000000000000000000000000000000
100010000000000100000000000000000000000000000000000000000000001000000001
000000010000100001000000000000000000010000000000000000000000010000000000
100000001000000000000000000010000100000000000000000000000001000000000000
000000000000000000000000110000000000000000000000000000001100000100000000
000000000010000000000000000000000000000000000100101000000000001000000000
010000000000000001000000000000000000000000000000000000000010010000000010
000010000000011000000000000000000000000000000000000000000010000001000000
000000000000000000010000000000000000000000000100000000000010100000000100
000000000000000000000001000000000000010000000000000001010000100000000000
000000010000100000000000100000000000000010000000000000000001000000000000
000000000001000000000000000010001000000001000000000000000000000000010000
000000100000000000000000100010000000000001000000000000010000000000000000
100000000000000000000000000001000000000000000000000000100000001100000000
000000010000000000000100000001000000000001000000000000000010000000000000
001000000000001000100000100000000000000000000000000001000000000000000000
000000000000000000110000000000000000000000000000100000000100010000000000
000001000000000100000000000000100000100001000000000000000000000000000000
000001000100000000000000000000000001000000000100000000000000000000010000
000000000000000000000001000000101001000000000000000000000000010000000000
000000100000000100000000000100000001000000000000000000000000000010000000
000010000010000000000000000010000100000000000000000000000000001000000000
000000000000000100000000000100000000000000000000101000000000001000000000
000000010000000000000000000000100010000000000001000000100000000000000000
000000000000000010000000000000000010001000000000000000000000000100100000
000000000010000000100000000000000000011000000000000000000000000000010000
000010000000000000000000000000000000010100001000000000000000000000000001
000000000000000010000000000000000001000000000100010001000000000000000000
000000000000000001000000010001000000000000010000000010000000000000000000
000010000000000000000000100000011000000000000010000000000000000000000000
000000000000000010000000000000000000001010100000000000000000000100000000
100000000000000000000000000000000000000000000000000000000001000100001001
000100010000000000001000100000000000000000000010000000000000000000000000
000000000000000000000000000010010000100010000000000100000000000000000000
000010000000010000000000000010000000000000000000000000000000000000010100
000000000000000000000000000000000001000000000000010010000010000001000000
000000000001000100000001000000000000000000001000010000000000000000000000
000000000000000000000000000000001010000000000010000100000000100000000000
000000001000000000000000000000000000010000000000100000000101000000000000
000000000100000000010000000000000000000100001000000001000000000000000000
000010100000000000000010000000000000000000000000000000000001100000000000
000000000000000000001000000000000000000000000011000100000000000001000000
000000000000100001000000000000000000000000100000000000000001000000100000
000100000000000000000000000000000000000000000000001010000000100000000001
000000000000000101000000000010000000000000000000000000001000000000001000
000000000000001000000000000000101000000000000000100000000000000000001000
000000000010000000000000001000000000000000000000000000000010100000000100
000100000000110010000000000000000000000000000000000000000000000000000001
100000000000000010000000000000000000010000000000000010000000000000010000
000000000000000000000000000000100100010000000000000001000010000000000000
010000000000000000100000000000000000000000000000000100000000000100000010
000100000000000000000000000011010000000000000000010000000000000000000000
000010000000100000000000000000000000000000001000000000001000000000000010
000000000000000000000010000000000110000000000001000000000000100000000000
100100100011000000000000000000000000000000000000000000000000000000000000
000000001000110000000000000000000000000010000000000000000000000010000000
000000000000000000000000100010001000100000000000000000000000000000010000
000010000000000000000000000000100000000000000100000000000001100000000000
000000000000000000000001000000100000000100000000010000000000100000000000
000000000000100000000000000000000100000000000000001001000000000000010000
000000100000000000000000000010000100000000000000000000000010000000000010
000000000000000011000010000000000000000100000000000000000000000100000000
000000010100000000000000100000000000000000000100010000000000000000000000
001000000000000000000000000000100110000000000000000000000000000010000000
000010000000000100000000000000000000000000000000000000001001000000100000
000100000000000000000000010000000000000000000100100000000000010000000000
000000010000000000001000000000000000000000000010010000000000000000001000
000000100010000000000000000010000000000000000000100000000000000000001000
000000100000010000000000000101000000000000000000000000000000000000000010
001000000000000000000100000000100000000001000000000000000000010000000000
000100000000000010010000001000000000010000000000000000000000000000000000
000000000000000000000011000000000000000000000011000000000000000000001000
000000000000000000000100000000000000001000000000100010000000000010000000
000000100000000000000000000010100000000010001000000000000000000000000000
000000000000100010000000000000000000000000000000011000000100000000000000
000000000000000110000000010100000000000100000000000000000000000000000000
000000010000000000001000000000000001000000000000000000000000010010000000
100001000000000001000000000000000000000000000000001000000000000100000000
000000000000000000001011000000000000000000000000000000001010000000000000
000000000000000001000001000000000000000000000000000000100000100100000000
000000000000000000000000000000100000000000000110000000000001000100000000
000000010000100000000000000000000000000100000000000001000010000000000000
000000000000000000000000001000010000000000000010100000000000000000000001
000001000000000000000000101000000000000000100000001000000000000000000000
000000000000000000001010010000000000000000000000000100000010000000000000
001000000101000000000000001000000001000000000000000000000000000000000000
001000000000100000000000000000000000110000000000000000000000000000000010
100100000000000000000100000000000000000000000000000000000000000010000001
000000000000001000000000001000000010000000000000001010000000000000000000
010000000000000000000000000000000000000000000001100000000100000010000000
000000000000100000000011000000000000000000000001000000000000000100000000
000100000000000000000000000000000001000000000000100000000000000000010010
001000000000000000000000000000010000000000000000001000000001000100000000
000001000101000000000000000000000000100000000000000000000000000000000100
000000000000000010100000000000000000000010010000000000000000000100000000
000000000000000000000001100000000010000000000000000001000000000000000100
000100000000000000000000000000001000000100000000000000000000000000100100
000000000000001000000001000000000010000001000000000000000100000000000000
000010000100000000000000000000000000000000000010000000010000000000001000
000100000000000000000000000000000101000000000000000000000000000000010010
000000000000100000000100001000000010000000100000000000000000000000000000
000000000001001010100000000000000000001000000000000000000000000000000000
000000000000000000010000000000000000000000000010100000000000000100100000
100000000000000000000000000000000000010001000010000000000000000000000100
000000000010000000000000010000100001000000000000010000000000000000000000
000000000000000000000010000000000000000000000100000000000000100001100000
000000000000000000000000000000010000000001010000000000000100000000010000
000000000000000000000000000000000001000000000000000000000000001011100000
000000000001000000000000000000100000000001000000000000000001000010000000
000000100000010000000000000000000000000001000000000000000000000000010010
000000001000000000000000000010000000000000000101000001000000000000000000
000000000000000010000000000000000000001000000000010000000000100000000100
000100000000000000000100000000000000000000000000101000000000000000000010
000000000000100000000001000000000000100000000000101000000000000000000000
000000000000000000101000100000000000010000000000000001000000000000000000
101000000100000000000000000000000000000000000000000000100000000001000000
000000010100000000000000000000001000000000000000001000000000000000100000
000000000000000001000000010000000000000010000000000000000010000000100000
000100000000000000000000000000000000000000000100001000000100000001000000
100000000000000000000000000000000000010000000000010000010001000000000000
100000000000000000000000100000000000010000000010000000000000000000000100
000000001000000000000000001000010000000000000000000000101000000000000000
000000000000011001000010000000000000000000000000000000000000000000000010
000000001100000000000000000000000000000000100000000000010000000001000000
001000000000010000010000010000100000000000000000000000000000000000000000
000000000000000000000010000000000000000000000000000100000100000011000000
010000000000000000000000100001000000100000000000100000000000000000000000
010000000010000000010000000000000000000000000000001100000000000000000000
000000000000000000000000100000000000000000000100000010000000100000100000
000000000000000000010000000000000001001100000000000000000000000001000000
000100000000000001000000010000000000001100000000000000000000000000000000
000000000000100000000100000000100000000000000000001100000000000000000000
000000000000000000000000010000000000000000010000010000100000000000000100
000001000000000001001000010000000001000000000000000000000000000000000000
000001010000000100000000000000000000100000000000000000000000100000000000
001000000000000000000000000000000000000000010000010000000000000000100100
000000000000000000000000100100001001000000001000000000000000000000000000
010100000000000000101000000000000000000000000000000000000000000000100000
000000000000000110000000000000000000000000000000000100010000000000000010
000000000000000000000000000100000000001000100000000000001000000000000010
000000000000000100000000000100000000000000000001100000010000000000000000
000000000000000000000000010000100000000000000000100001000000000000000010
000000000000000000000000000100000000000110000000000000000001000001000000
001000000000000000000000000000100000000000000000010000000000000000010100
100000000000000000000000000000000000000000001000000000000110100000000000
000000000000100000000000000001000000000011000000000001000000000000000000
000000000000000010000000000000000000000000000000000100000000100010000100
000000000000001000000000100010000000000000000100000000000000000010000000
000000001000000000000000000000000000010000000000000000000010100010000000
000000010000000000010000000000010000000000000000000000001000000000000100
000000100000000100000100000000000000000000000010001000000000000000000000
100000001001000000000001001000000000000000000000000000000000000000000000
100100000000000000000000000000000100010000000000000000100000000000000000
100000000001000000000000000000000001010000000000000000000010000000000000
100000000000000011000001001000000000000000000000000000000000000000000000
000000010110000000000000000000000000000000010000000000000000000010000000
000000000000000000000000000000000000000000001000000000100110100000000000
000000000001000000001000010000000000000000001000000000000000000000010000
000000000100000000000000000000100000000000000000001000010000001000000000
000000000000000000000000100100000010000001000000000000000000000010000000
000000000000000000001000000100010000000000000010000000000000000100000000
100001000000000000000000000000010001000000000000000000001000000000000000
000000000010100000000000000000000000100100000000000000000100000000000000
010000000000000000000000000100000100000000000000000001000000000001000000
000000000100000000000100000000010000000000010000000000000000000000010000
000001000000000000000000000000000000110001000000000000000000000000001000
000000100000000000000100010000000000001000000000000000000000100000000000
001000101000000000001000000000000000000000000000001000000000000000000000
000001000000000000000000000001000000000001000001000001000000000000000000
000000000000000000000110000000000001000000000000100000000000010000000000
100000100000100000000000000000000100000000000000000000010000000000000000
000000001000000000000001000000100000000000000100100000000000000000000000
001000000001000000000000000000000000000000000000010010000000000010000000
100000000001000000000000000000100100000000000000000000000000000000100000
000000000000000001001000000000000000000001000010000000100000000000000000
000001000100000000000000000000000000000000000000000001000001001000000000
000100000000000000100000000000000000000000000100001000001000000000000000
000000000000000100000000000000000000000000010000010000000000100000010000
100000000000000000000001000000000000010010000000000000100000000000000000
100000000000100000000000010000000001000000000000000000000010000000000000
000000000010000000010000000010000000100000000000000000000000000000001000
000100000100000000000000000000000000000000000101000000000000010000000000
010000000000000000000000000011000000000000000100000000000000000010000000
000000000000000000000000000000000011010000000100000100000000000000000000
000000000000000000000000000000000000000000000000000010010001000000001010
000010000000000100000000000010000000000100000000000000000000000010000000
000000000000000100000000000000010000100010010000000000000000000000000000
000000000000000000000001000000010000000000010001000000000000001000000000
000000000000000000000100000000000100000000000000010100000000000000010000
010000000000000000010000000000000100000000000000000100000000000010000000
000000010000000000000000000000000000000000000000001000000000100000001100
000000000001101000000000000000000000000000000000000000001000001000000000
000010000000001000000000000000000000000000000000010000000000010000001000
000000000000000100000001000000000000000000000000000100000010000000010000
000000000000000000001000000100000000000000001000000000000000100000000010
000000000000000010000000000000000010001100000000000000001000000000000000
000000000000000000000000000100000000100000001010000100000000000000000000
000000000000000000000100000000000000001000000010000000000001000000000100
010000000000000010000000000000000000000000000000000000000010001100000000
000000000100010100001000000010000000000000000000000000000000000000000000
000000000000000000000001000000100000000100000000000000000000000000011000
000000000000000000000011000000000000000001000000000000000010000001000000
001000000000000000000000000000000000000100000000000010000010001000000000
000100000000010000000000000000000100000000000000000000001010000000000000
000000000000000000010000000000000000000000100100110000000000000000000000
000100100000000000000000000000000000000000000010000000100000000000010000
000000000000000100000000000000000000010000000000010000000000000101000000
000000010100000000000010100000000000000000000000001000000000000000000000
000000000000000100000000000000000000000000001011000000001000000000000000
000000000000000000000100000000000000000000000000010000000101000100000000
000001001000000001000000000000000000000000000000000000000000001000000100
000000000000000000000000000000000100000000100000001000000000100000000100
100000000000000000000000000001000000000010010000000000000000010000000000
000000100000000000000000000000000000000000000100010000000000010000010000
000000000000000000110000000000000000000000000010000000000000000000100001
000000000000000001000000000000000000000000000000101000001000000000010000
000000000000000100000000100001000000000000000000000001000000000100000000
000000000000000000000000000100000000001000010001000010000000000000000000
001000000000000000000000000001000000010000000000001000000000000100000000
000000001001000010000000000000000000000000000000000000010000010000000000
000000000000001000000100000000000000000000000000000000000000011000001000
000001000000000000000100000000000000001000000000100000000001000000000000
000000000001000000000000000110000000000000000000000000000000000000001100
000010000000000001000010000000000000100000000000001000000000000000000000
000000010000000000000001000000000000000000010000000000000000000001000001
000000010000000001000000000000010000000000000000000000010000000000000010
000100100000000000010000000000000000000000000010000000100000000000000000
000000001000000000100000000000000000000000000000000000000011001000000000
000000000000101000000001000000000000000000000000000000010000000100000000
000000000000000000000000000000010010000000100000010000000000000000000001
010000000010000000000000000000001000000000000010000000000000000010000000
011100001000000000000000000000000000000000000000000000010000000000000000
000000000000100010000001000000001000000000000000000000000000000000010000
000000000000100000000110001100000000000000000000000000000000000000000000
000100000000000001000001000000010000000000000000000000000000000000000100
000000001000000000000000000000000110000000001000000000000000000000010000
000000000000110000000000000000100000000000001000000000000000000000000010
000000000000000000000000000000000000000011000000000001001000000000000010
000000000100000000000000000000000000000000000000101000100000000000000001
001010011000000000000000000000000010000000000000000000000000000000000000
000000000000100000000001000000000000000000000000000000001000000000010010
010000001010000000000100000000000000000000001000000000000000000000000000
000000000001001000000000000000010000000000100000000000000000010000000000
000000000000000000000001000010000000000000000000000000011000000000001000
000000000100000000000000000000000001010010000000000000000000100000000000
000000000000001010000000000000000000000100000000000000100000000000000010
000000010100000000000000000000001000000010000000000000000000000100000000
000000000000000010001000010000000001000000000000000100000000000000000000
000000000000000000010101000000000000000000000000010000000000000000000001
100010100000000000000000000000000000000000100000000000000001000000000000
000000100000000000100000000000000000000000000000000010010000000010000000
000000000000000000000000000000000010000000010000000100000010000010000000
000110100000000000000000000000100000000000000000000000000010000000000000
000000000001000000000000000000100000000000000000000000000100100000100000
001000000000000000000100000000000100000010000000000000000000000001000000
000000001000000000000010000000000010000000000000000000010010000000000000
001000010000000000000100001000000000000000000000100000000000000000000000
000000000100000000000000001000000000000100000000000000000000010010000000
000000000000000000000001000000000010000000000000100000000001001000000000
000000001010000000000000000000000000100000000000000000000100100000000000
000000000000010000000000000010000000000000000000000100000001000000000010
001000000000000010100000000000000001000000000100000000000000000000000000
010000000000000000000000000000000000000100000000000000100000000110000000
000010100000000000000001000000000000000000000000100000000000000000001000
000000000000000110000000000000100100000000000010000000000000000000000000
000100010000000000000000000000001000000000000000000000000000000000010010
000000000000000000000000000000000000010100010000000010010000000000000000
000000000000000000000001000001000000000100000000000010000000000000000010
000000000000000000000001001000000100100000000000010000000000000000000000
010001000000000000000000000000000000000000100000000000110000000000000000
000000000000000000000001000001000000000100001000000001000000000000000000
001101000000000000100000000000000000000000000010000000000000000000000000
010000000000000100000000000010000000000000000000000000000000001010000000
001000000000000000001000000000001000000000010000000000000000000000010000
000000001100000100000000000000000000000000000000000010000100000000000000
000000000000000000010010001000000000000100000000000000000000001000000000
000000100000000001010000100000000000001000000000000000000000000000000000
100010000000000000000000000000000000000000000000001000000010000000000100
000000000010000010000000001000000001000000000000000010000000000000000000
010000000000000000000000000000000000000000000000100001000000000000100001
000010000100000000000000010000000000000000010000000000000000000000000010
000000000000010000000000000010000100000000000000000000000000000000110000
000000010010001000000000000100000000000000010000000000000000000000000000
010000000000000000010100000000000000100000000000000000000000000000010000
000000000000100000000000000000101000000000001000000000000000000000000010
000010000000000000100000000000000000000000000000000000000000010000001010
000000000000000000000000110000000000000000000100000000000000000011000000
000000000001000010000000000000000000001001000000000010000000000000000000
000000001000000000000000100000000000000010000000000000001000001000000000
001000000000010000010000000000000010000000000000000000000000000010000000
001000100000000010000000000000000010000000000000000010000000000000000000
010000000000010000000000000000000000001000000000000000000010000000000010
000000000000000000000000001000001001000000000000000000100000000100000000
000000000010010010000000000100000000000000000000000100000000000000000000
000000000001000010000000000000000000000000000000000010001000000010000000
000000000000000000000000000000000010001000000000000000000111000000000000
000000110000000000000000010000000000000000000000000000001010000000000000
000000000000000000000001000000010000000000000100000001000000000000000010
000100000000100000000000000000000000100100000000000000000010000000000000
000000000000000000001000000000010000010000000000000000000000001000001000
000000010010000000000000000000000000000000000000010000000000100000001000
001000000000000001000000000000100000000010000000000000010000000000000000
000100000000000000000000000000000000000100000000000000001000100010000000
000000000000000000000010000010000000000000000010000000001000000000000100
000000000000010000000000001000000100000000000000000000000000000000010100
000010000000000000001000000001000000000000000000100000000000000000010000
000010000000000000000000000000010000000000000000100000000000010100000000
000000000000000000010000000100000000000010000000000000000000000010000010
100000000000110000000000000000000000000000000000000001000000000001000000
000000000001001000100000010000000000000000000000000000000000000000000010
000100000010000000000000000010000000000000000000000000000010000000100000
000000000000100000100010000001010000000000000000000000000000000000000000
000000010000100000000000000000000000100000000010100000000000000000000000
000001000000000000000000000000000010001100000000000000000000010000000000
000010000100100010000000000000000000100000000000000000000000000000000000
010000000000000000000000000000000000000000000001000000000000001100100000
000000001000000000000000000001000000000000000000000000000010011000000000
000000000001001000000000000000000000001000000000100000000100000000000000
000100000000000000000000001100000000000001000000000000001000000000000000
000000000000000000000000000000110001000000000000000001000000100000000000
000000000001000000000010000000000001000010000000000000000001000000000000
000010000000001000000001000000000000000000000000001000000001000000000000
000000000000000000000010100000000000000000000000000000000000000100000011
000000000000000000100000000000000000000000000001000000000011000000100000
000000000000000000000001011001000000000000000000000010000000000000000000
000000000000000000010001000100000000000000000000000000000000100000100000
000000000001000000100001000000000000010000000000000000000100000000000000
100000001000000000000000000000000010000000001000000000000000000000001000
000000000000000000000001000000001000000000001000000000000001000000000010
000001000000000000010000000001000000000000101000000000000000000000000000
001000000000000000001110000000000000000000000000000000000000000000000010
010000000000000001000000000000000000001000000000001010000000000000000000
000100000000000000000000000000000000000000100000010000000000000000010001
000000000001000000000000000000000000000001000000001101000000000000000000
000000000100000000000000000000010000000000000000000000000000101000010000
000000000000001001000001000000000000000000000000100000010000000000000000
000000010010000000000000000000001000000010000000000000000000000000001000
000000100000010000000000000000000001000001000000000000000000100000000000
000000000000000000001000001001000000100000000010000000000000000000000000
100000000000001000000000000000001000000000000000000001000000000000000100
000000000000000000000000001000000100000110000000000000000000000000010000
000000000010000000000000000001000000100000000010000000000000000000010000
000001000000000000000000000000000010000000011000000000000000001000000000
000000000000010000100000100010000000000000000000000000000100000000000000
000000000000100000000000010000001010000000000000000000000001000000000000
000000001001000000000000000100000000000000100000001000000000000000000000
000100001000001000000000000000000000010000000000001000000000000000000000
000000000110000000000000000100000100000000000000000000000000000000100000
000100000100000100000000000000000000000000001000000000000000000100000000
000000000000000000001000010000000000000000100000000000000000000100100000
000000000000000001000000000000001000000000001000000000000100000000000100
011000000000000000000000000000001000000000000000000100000100000000000000
000010000000000000100000000000000000000000100000000000000010000001000000
000000000000001000100000000000000000000001000000000000000001010000000000
000100010001000000000000000000000000100000000000000000000010000000000000
001001000000000010000000000000000000001000000001000000000000000000000000
000110000000001000000000000100000000000000000000000000000000000000100000
000000001000000000000000000100000000100000000010000000000010000000000000
000000000000010000000000000000000001000000000000010000000000010010000000
000000000100100000010000000000000000000000000000000000001000000001000000
000000000000000000000100100000010000000000000000100000000000000000000001
000000100010101000000000000000000000000000000000000000010000000000000000
000100000100011000000000000000000000000000000000000000010000000000000000
001000000000000000000000000011000000000000000000000000000010010000000000
010000000100010000000010000000000001000000000000000000000000000000000000
100010000000000001100000000000001000000000000000000000000000000000000000
000100001000000100000000000000000000000000000000000100000000000000100000
000000000010000000010000000000000100000000000000000000000000101000000000
000000000010000000000001000000000000000000000100000000000000000000000110
000010000100000000000000000000000000110000000010000000000000000000000000
000000001000000000000000000000000000010000000001000000000100001000000000
000000100000000000000001000000000000000010000000000001000000000000001000
000000000110000000000000100000000000000000000000000000001000001000000000
001000000000000000000000000000001000000001000000000100001000000000000000
000000000000000010000000000000010011000000000000000000001000000000000000
010000000000000001000000100000000000000001000000000000000000000001000000
100010010000000000000000000000000000000000010000000000000001000000000000
100000000000001000000000000100000000000000000000000000000000000010000010
000000000000000000000000110000000000000000000000000100000010001000000000
000000000000100000000000001000000000000000100001000001000000000000000000
000000000000010100000000000000100000000000000000001000000000001000000000
000000000000000000000000000011000000000000100000000000000000100100000000
000000001100000000000000000000000000100000000000000000000000000000010100
100000000000000000000000000001000000000000100000010001000000000000000000
000001000000000000000000000010000100000000010010000000000000000000000000
000001000000000000011000000000000100000000001000000000000000000000000000
000000100000000000000001000100010000000000000000000000000000000000000100
000100010000000000000000100000001000000000000100000000000000000000000000
000000000000000000000000000001000000100000000000000000000000001000010001
000000000000000000000000000000000101000010100000000100000000000000000000
000000010100100000000000000000000000000100000000000000010000000000000000
000000000110000000000000000000110000000001000000000000000000000000000000
000000000000000000011100000000000000100000000000001000000000000000000000
000000000000000000000000000110100000000000000000000100000000000000001000
000000000000100000000000000000000100001000010000000000000100000000000000
011000000000100000000000000000000000000000000000000000000000000000001010
000000000000000001000100000000010000000000000000000100000000000000000010
000001010000000000010000100000000000000000000000000000000000000000010000
000001001000000000000000000000000001000000100000000000000000000001000000
000110000000000000000000000000000000000000010010000000000100000000000000
000000000000100000001000000000000000000000100000000001000000000000010000
000000000000000010000000100000001000000000000000000000100000001000000000
000000000000101000000000000100000001000000000000000000000000000100000000
001000000000000000000000000011000000000000000000000001000000000000000001
100000000010010000100000000000000000010000000000000000000000000000000000
000100000000000000000000000000001000000000000001000000000000000100001000
100000000000000000000000000000000001000100000000000000000010000010000000
000010000000000000000001000000000000000000010000010000000000000000000010
101100000000000001000000000000000000000000000000001000000000000000000000
000000000000000000000000001000000010000000000000000010000000010000001000
010100000000000000000000000000000000100000000000000000000100000001000000
000000000000000001000000000010000000000000001000000000001010000000000000
000000000000000100000000000000000000000000100000010000000010001000000000
000000000000100001000000000000000101100000000000000000000000000000000000
000000000000000100000010000000000010000000000001001000000000000000000000
000000000100000000000000000100000010000000000000000000001000000000001000
000001000000011000000000100001000000000000000000000000000000000000000000
000000000000000000000000000001000000000000000000000100010000001000100000
000000000010000000000000010000000000000011000000000000000100000000000000
000000000000000010000000000000000001000000010100000000000001000000000000
000000010000000001000001000000000000000000001000000000000100000000000000
000000000010001001000000000000000000000000000100000001000000000000000000
001000000000000000000000000010001000000000000000000000000000000010100000
000000000000000000000000000000101000000000010000100000001000000000000000
000000000010000101000000100000000000000000000000000000000000000000100000
000000000000000001000000000000000000000000100100000000001000000000100000
000000000000000000001000000000100000100000000000000000100000010000000000
000000000010000100000000000100000000000000000000010100000000000000000000
000000000000000000001000000000000010001000000000001000000000001000000000
000000000000000000000001000000000001000000000000000000000000100000010010
000100000000001000010000000100000000000000000000000000000000000001000000
000000010001000000000000000001000101000000000000000000000000000000000000
000000000000000000000000100100000000000000000000000000000100001000000010
100000000000000010000000001100000000000000000000000000100000000000000000
001000000000000000000000000000000010001001000000001000000000000000000000
000000000000000000000000000000001000000000000010000010000001000000000001
000000000000000011000000000000100000010000000000000000000000001000000000
000000000000000000000000010000000000100000001100000000000100000000000000
100000000000000000000000000000001000000100000000000000000100000000000100
000000000010000000000000001000001100000000000000000000001000000000000000
000000000000000000000000100100000000001000100000000000000000001000000000
000000000010000010000000000000000000000010001000000000000000000000000010
000000000001000000000000100000000000001000000000000000000000000000100001
000000000000100000000000000000010000000000000000000000110000100000000000
000000000000010001000000001000000000000000001000000000000000000000100000
000001000000000010000000000000000010000000100000000000000000000000000100
000000000000000010100000000000000000000000010000000000000100000000000001
010000000010000000000000000000000000100100000000000000000000000001000000
000000000000000000000100100011000010000000000000000000000000000000000000
000000000000100100000100000000001000000000000000000000001000000000000000
000000000001100010000000001000000000000000000000000000000000000000000010
000000000100000000000000100000000000001000000000000000001000100000000000
000010000000100000100000000000000000000000000000000000000000000100000001
000000000010000000000000000100000000000000000000010000100001000000000000
100010000000000000000011000100000000000000000000000000000000000000000000
000000001000000100000000000000000000000000001000000000000000100010000000
000000000000100010000000100000000000000000000000000000000000001100000000
000000001000000000000001000000000000110000000000000000000000000000000010
000000000100000000000000000000010000010000000000000000000100010000000000
000000000000000000000000010000000000010000000001000110000000000000000000
000000100000000000000000001000000000010000000100000000001000000000000000
000000001000000000100000001100000000000000000000100000000000000000000000
000110000000000000000000000000000000100000000000101000000000000000000000
000100000000000100000000001000000000000000100000000000000000000000001000
001001000000000010000100000000000000000000000000000000000000000000000100
000100000000000000001000000000000000000000000000000101000000001000000000
000001000000000000000000000001010000000000000100000000000000001000000000
000000000000000001010100000100000000000000000000000000000100000000000000
010000100000000000000000000000010000000100000000000001000000000000000000
000000000000100010000000100000000000000000100000000000100000000000000000
000000000100000000000000000001001000000010000000100000000000000000000000
001000000000000010001000000000000100000000010000000000000000000000000000
000010000000000000000000000001000100000000000010000000000100000000000000
010000000000000000100000000000010000000000010000000000100000000000000000
000000000000000001000000001000001000000000000000001000000000000000001000
000010000100000000000000001000000010000000000000000000000000000000001000
000000010000000000010000000000000000000000001001000000000000000000000100
000000000000000000100010000000000000000000000000000010000001000010000000
000000001000100000010000000000000000000100000000010000000000000000000000
000000000000000000000000000000000100001000000010000001000100000000000000
000000000000001000000100000100000000000000000100000010000000000000000000
000000110000000000000000000000000000000000000000000001000010000000010000
000000000000000000000011000000000000000100010100000000000000000000000000
000000000000000000000000000000000000000100010100000000000000000000100100
000010000010100000000000000000000000000000000000000000000000010000001000
000000100000000000010000000000100000000000000000000000001000000000000010
000010000000000010000000010000000000000000001000100000000000000000000000
000000000000000000000000000000000000001000000000100000000110000000000100
000000000100000000000000000000000000000011000000010000000000000001000000
000000000000100000000100100000000000000000000000000000000000001000000001
000000000000000000000000001000000000000000000000001000010000000010100000
000000001000000000000000010000001010100000000000000000000000000000000000
000001000000000010000100010000000000000000000001000000000000000000000000
000000010000000000000000000100000000000010100000000000000000000000100000
000000000001000000010000000000000000000000000000000010001000000000001000
000000010100000000000000000000100000010000100000000000000000000000000000
000000000000000000010000010000000001010000100000000000000000000000000000
000000000000001000000000000100000000000000000010100000000100000000000000
000010000000000000001100000000000000000000000000110000000000000000000000
000000000000000000000000010000000100000100000100100000000000000000000000
000000000000000000000000000000010001001000000000000000000000000010000001
000000001000000000000000000000000000100100001000000100000000000000000000
000000100000000000000001000000010001000000000000000001000000000000000000
000000000000010001000000000000100000000010000000000000010000000000000000
000000001000000000010000000000000100000000001000000000000000001000000000
000001000000000000000000000000000000000000010001000100000000000000001000
000000000000000010000000000000000000000010000000010000101000000000000000
000000000001000000000010000000000000000100000000001000000000000010000000
000000000001000000000100001000100000000000000000000000000000100000000000
000000000000000000100000000000000000100000000100000000000101000000000000
000010000000000000000000000000000010000000000010001000000000000010000000
000010000000010000000000000000000000000001000001000000000000010000000000
000000001010010100000000000000000000100000000000000000000000000000000000
000000000001000000000100000000000000001010000001000000000000000000000000
000000000000000000000000000000000000010000000100000000000101000001000000
000000000000000000000110000000000000000000000010000010000000000001000000
000000000000000010000000000100000000000000000001000000000000000001010000
000000001000000000000000000000101000000000000000000001010000000000000000
000001000000000010000100000000000000000000000000000000001000010000000000
000010000000000010100000000000000000000000000010000000000000000100000000
000000100000000000000000000000000000000000010000000010000000000100000010
001000010000000001000000000000100000000000000000001000000000000000000000
000001000000000000000100000000000000100000100100000000000000000000000000
000000000000000001000000000000000000000100000000000000000000000110010000
000000000000000000000000000001000000000000000010000000001000000000100010
001000000010000000010000000000001000000000000000000000000010000000000000
000000000000000000000010000000000000110000000000000000000000000010010000
000000000000000000000000000000000001010000000000000000000000000100100001
010000010000001001000000000000000000000000000000000000100000000000000000
000011000000000000000100000100000000000010000000000000000000000000000000
000000000001000001000010000000000000000000000000000010000000001000000000
000001000000000000000000000000001000000000000010000000000001000010000000
000000000000000000000000001000000010000000100000000000000000110000000000
000000000000000000001010001000000000000000000000000000000000100100000000
000100000000000001000000000000000100010000000000000001000000000000000000
000000010000000000010100000000000000000000000000000000000011000000000000
000000000000000100000000000000000000000100010011000000000000000000000000
000000000000000000010000000010000100100000000000000000000000000000010000
000000000000000100000000000000100000100000000000000000000001000000000010
000000000000000001000000000100000000000010000010000000000000000010000000
000000000100000000000000000000000000000010000000000000010100001000000000
010000000000000000001000000000010000000010000000000000000000000000001000
000000000000000000000000000000100000100000000010000000000100100000000000
000100000000000000000000000000000000110000000000000000001000000000000010
000000000000000000000000010000010000000000000000001000000100000000100000
000100000000000010000011000000000000000100000000000000000000000000000000
000000000000010000010000000000000000001000000000000000000000000100000010
000000000100000000000000000100000000000000000000000000000100010000100000
000100001000000100000000010000000000000000000000000000000000000000000010
000000000000011000000000000000001000000000010000000000000000000000010000
000000000000000000000000000000000100100000000000000000100010100000000000
000000000100100000000100000000000000001000000000000000000000001000000000
000000000010000000001000000000010000000000000000100000000001000000000000
000000000000000000000100100000000100100000000001000000000000000000000000
000010010000000000000000000000000000100000000000000000000110000000000000
100000000001000000000000000001000000000000010000000000000000001000000000
000000000000000000000100000000000000000100000000000100000000010000000010
001000000000000000000100000000000000000000100000001001000000000000000000
000000000000000000000000001000000000000000010000000000000010000000100001
001000000000000000000100010000000000010000000000000000000000000100000000
000000000000000000000000000010000000000010001000000001000000000000000010
000000000001000010000000000000010000000000000010000000000000000000001000
000000000010000000000001000000000010000000010100000000000000000000000000
000000010000000000000000000000000001010000000100000010000000000000000000
000000010000000000000000000010000000000000000000100000000000110000000000
000100010000000000000100000000000100000000000000000000000000000001000000
000000000000000000000010000001000000000100000000000000010000010000000000
000000000000000001001000000000000010000000000000000000000000000000000101
000001000000000000000000000000010010000000000000000000100010000000000000
000001000000000000000000000000001001000000000100000000000000000000010000
000000000000000000000001010001000001000100000000000000000000000000000000
001000010000000000000000100100000000000000000000000000000000000000100000
000000000000000001000000001000000000000001010000000000000000000000000010
000000100000000010000000000000000000000001000000000010100000000000000000
000000000000010001000000000000100000001000000000000000000000100000000000
000000000100000000000111000000000000000000010000000000000000000000000000
100000000000000000000000000000000000010000000000100001000000000000010000
000000000000010000000000000000010000000100100000000000000100000000000000
000000000000000000000000001000010100000010000000000000000001000000000000
100000001000000000000000000001000000000000000001000000001000000000000000
000010010000000000000001000000000000000000000000001000000000000000100000
000000000000100000000000000000100000000000000001000001000000000000001000
010000000000000000000000000000000010000000000000000000001000000001010000
000000010001000100000000000000100000000000000000000000000000100000000000
100000000000010000000000001001000000000000000000001000000000000000000000
000000000000000000000110000000000000000000000100010000000000000100000000
000000100000010000000000000100000000000000000000001000000000000000100000
100000010000000000000000000000000000001010000000000000000000100000000000
000100000000000000000000000000000001000000000000010000000001000000000010
000000000000001000000000010000100000000000000100000000100000000000000000
000001000000000010000000101000000000100000000000000000000000000000000000
000010000000010000000000000000000000000000001001000000000000100000000000
000011001000000000001000000000010000000000000000000000000000000000000000
000010000000000000000001000000000000000000010000000000000001000000000010
000000000000000000001001000000001010000000000000001000000000000000000000
101000000000000000000000100000000000000000000000000000001000000000010000
000000000100000000000000000000000000000001000110000000000000010000000000
000000000000000000000000000000000000000000010001000001000000000000010010
000000000000000000010000000000000000000000000000000000000001000000011010
000000000000000000000000000000001000000000000000000000101000000100000010
000000100001000000000010000000000100000000000000000000010000000000000000
100000000000000000000101010000000000000000010000000000000000000000000000
000000100000000000000000000000000000010000000000100000010000000100000000
000000000000001100000000000000000100000000000000000000100100000000000000
000000000000000010100000000000000000100000011000000000000000000000000000
000000000000000000000000000010001000001000000001000000000000000000000001
000100000000000000000100000000000010000000000000010000000000000100000000
000000000000100000000000000100000000100100000000000000000000001000000000
000000000000000100000000000010000000000000000001000010000000000001000000
000010000000000000000000000000000100000000000000000000010000000000010001
000000000000000000000000010000000000000000000100100000000000001000000010
000100010000000000000000001010000000000000000000000010000000000000000000
000000001000000000000000000000100000000000000000000100000000000100000100
000000000000001000000000000000001000100000000000000000000000000000101000
000000000000000001000000100000000000000000000000010000100100000000000000
000001000000000010000000000000000000000000010000000000000000000010000001
000000010001000000000010000000000000000000000000000000000000010010000000
000000100000000000000000000000000000000110000000000010000001000000000000
000000001000000000000000100000000100000000000000000010000000000000000100
000000100000000100000000000000000000000000000100000000100000000000000100
001000001000000000000000000100000010000000000000000000000000010000000000
000000000000000000000000010000000000000000000000000001000100010000100000
000000000000000000000000000000000010000000000100000000000100010000100000
000001000000000010000000000000000001000100000001000000000000000000000000
000010000000000000000010000000000000000100000000000000000001000100000000
000000010000010000000000000001000000000100000000000000000000010000000000
000000000000000000000000010000011000000000000000000000000001000000000100
000000000000000000001000010000000100000100000000000000000001000000000000
000010000000000000000000000000001010100000000001000000000000000000000000
000000000000000000000000001100000000001000000000000001000000000100000000
000000000000000010000001000000000001000000000010001000000000000000000000
000000000101000000001000000000001000000000000000000000001000000000000000
000000000000000000100000000101000000001000000000000000000000000100000000
000000000001000000010000000100000000000000000101000000000000000000000000
000000000000000000010000000000000000000000000000001000000000000000001101
000001000000000000000000000001000010000010000000000000100000000000000000
000000000000000000000000000000000100000001000001000010000000000000000100
000000000000000000000000010100000000000010000000000010000000000000100000
000000010000000000000000000101100000000100000000000000000000000000000000
000000000000000010000001000000010000000000000101000000000000000000000000
000000000000010000000000000010000000000010000000000000100000000100000000
100001000000100000000000000000000000000010000000100000000000000000000000
000001000000001000000000000100000000000000000010000000000000000010000000
000000000000000100010000000010000000000000000000000000000000000000000011
000000110001000000000000100000000000000000100000000000000000000000000000
000000000000010001000011000000000000000000000000000000000000000000000100
001000000000000000000000000000000000000001100000000010000000000000100000
000000000110100000000000000000010000000000000010000000000000000000000000
000000000100010000000001000010000000000000000010000000000000000000000000
000000000000000000011000000000000010100000000000010000000000000000000000
000000010000000000000000000000000000000010000001000000000000000000101000
000000000000010000000000101000000000000000000001010000000000000000000000
100000000000001000000000000000000000000000000100000000010000010000000000
101000000000000100000000000000010000000000000000000000000000001000000000
000000000000001000000000100000001000000000000000000000000000000000100001
000000000000000001000001000011000000000000000000000000000000001000000000
000100001000000000000100000000000010000000000000000000000000000100000000
000010000000000000000001000000000000000000000000001000000000001000000010
101000101000000000000000100000000000000000000000000000000000000000000000
000000000000000000010000000000000000100000000000001000001000000000100000
000100000000000000010000000000000000000000011000000000010000000000000000
000000000000110000001000000000000000010000000000000000000000000000000010
000000000000000000000000000000000000000000100000000000000000000101101000
000000000000000000100001000000000000010000000000000000000001000000000100
010010000000000000000000000000000000000000100000000010000000000000100000
001000100000000000000000000000000000000000000000001000000000000000010100
000000000000010000000011000000000000001000000000000000000000000000000001
000000001000000000000000000000000000010000000000000000000000000101010000
001000000000000000000000000000000000000100000000001000000000001010000000
000100000000000000000000000001000100000100000000000001000000000000000000
000000000000000000000001000000000100000100000000000000000010000000000010
100000000000000000000000000000100000000000000000000010010001000000000000
000000100000000000000000000000000001000000010000000000000000100000000100
000000000000010000000000000000000110000000000000010000000100000000000000
000000000000000010010000000000110000000000000000000000000010000000000000
100000000000010000000000000000000000001000000001000000000100000000000000
000001000000000000000000000010101000000000000010000000000000000000000000
000000000000000000000000000000001000000000000000000010000001010010000000
000011000000000000000000000000000000000000000000000000000000001000110000
101000000000000000000000001001000000000000000000000000000000000010000000
000010000000001000000000000000000000000010000000000000000100000000100000
110000000000000100000001000000000000001000000000000000000000000000000000
000000000110100000000000000000000000000100000000000000000000000000000010
100000100000000000000000000000000000000000000000000100000000000100010000
000000000100000000000000000001001000000000000000000010000100000000000000
000000000000000000000000000010000000100000000011010000000000000000000000
000010000000000000000000000000000000001001000000000000000001000000001000
000100000000000000000000000000010000010000100010000000000000000000000000
000010000000000000000000000010000000000000001010000000000000000010000000
000000000000010000000000000011001000000000000000010000000000000000000000
000000000000010011000000000000000000000000100000000000000000000000000001
010000001000000011000000000000000000000001000000000000000000000000000000
000001000000000101000000000000010000000000000001000000000000000000000000
000000000000000000010000000000000000000000000000100000010010000000100000
000000000100000000000000000000001100000000000011000000000000000000000000
000000000000010100000011000000000000000000000000000000010000000000000000
000100000010000000000000101000000000001000000000000000000000000000000000
100000000010000000000000000000100000000100000000000000000010000000000000
100000010000000000000100000000000010000000000010000000000000000000000000
100000000000000000000001000000100000000000000000000100000000001000000000
000100000000000000000000000000000000001000110000000000000000000000010000
000000000000100000000000000000001000100001000000000000000000000000010000
001000000000000000100000000000000000000000000000001000000010010000000000
000000000000100000000100000000000000000000000000000000000001100000000001
000010000000000000000100000001000000000000000000000000100000000000000001
000001000000000000000000000000000010000000000000001000000000100000100000
000101000001000000001000000000000000000000001000000000000000000000000000
000100000000100000000100100000000000000000000100000000000000000000000000
000001000010000000000100000000000000000000000010000000000000001000000000
001000000010000000000010000000100000000000001000000000000000000000000000
000000000000000010000000000000000001000000000000000100000001001000000000
010000000000000001010000000000000000100000000000001000000000000000000000
000000000000000000000000000000010000000000000010100000000010000100000000
000010000000000000000000000100000000000000000000000100000000100000000010
000000000000001100000001000000000001000010000000000000000000000000000000
000000000000000000000100100000000000000000000000000000001100100000000000
000000001000000000000000000100001000000000000100000010000000000000000000
000000000000000000100000000000000000000000000000000010001001001000000000
000010000000000000001000000000000000000100000000100000000000000000000100
000010001000000001000000000000000000000001001000000000000100000000000000
001010000000000000000000000000000000000000110100000000000000000000100000
001000000000000000000001010000000000000000000000000000010000001100000000
000000000010000000000000000000000000001000000000000000000000000110010001
000000100000000001000000010000000000000000100000000000001100000000000000
000000000100000000000000000001000000000000000000000110000000000000101000
000000001000000000100000000001000000000110000000000000000000000000010000
000000000000000000000000010000000001000000000000000010000000010001100000
000000000101000000000000000000000000000010000000001000000100001000000000
000000010000100000000000010000000000000000000010001000000010000000000000
000000100000000000000000000000010000000000000001000000000000010001001000
010000000000000100000001000000000001000000000001000010000000000000000000
100000000001000001000000000010000000000000010000000000000000000000100000
010000000000000010000100000000000000000000000100000000000000000110000000
000001000000000000000000000000000101000000000000001000000000000001001000
000000000000000000010010000000010000000000000000000000000110000000000001
000000000000000010000000000000000000000000000000010000000010011010000000
100000000000000000100000000010000000000000000000000000001000000100000001
000000001000110000001000000000000100000010000000000000000000000000000000
000000000000000010000000100001000001000000000010001000000000000000000000
000000000010000000000001000100000000000000000000100010010000000000000000
000000000000010000000000000000000000001000100001000000000000100000001000
000110000000000000000000000000000000010000000000000100100000000000000010
000000001000000000010000000000000000000000000100000000000000000000011001
101000000000000000000000000100000000000001000000000100100000000000000000
000001000000000000000000000000100000000010000000000010000010000000000001
000000000000000000000000100001001001000001000000000000000100000000000000
000000101000000000000000000010000000000000000001000000000000000000010010
100000000000010001000000000000000000000001000000000000001000010000000000
000000000000000000001001000010001000000000100000000000100000000000000000
000000000010000000100000000000000001000001000000000000010000000000100000
000000110001000000000000000001000010000000000000000000000000100000000000
000100010000000000000000000000000000001000000110000000100000000000000000
000000000000100000000000000000000000110000010010000100000000000000000000
000000000101000000010000000010000000000000000100000000000000000010000000
000000000000010000000000000000000000000000000100010000000010000011000000
000000100000000000000000110000000100000000000000000000100000000000000001
000000000010000000000001000000100100000000000001000000000000000100000000
000000000000000000000000000000100000000000100000100001001000000010000000
000000100000000000000010000000000000000000000000000001000001000100000100
010001010000001000000000000100000000000000000000000000001000000000000000
000010001000000000100000000000100000000001000000001000000000000000000000
000000001100000000000000000000000000001001000010000000000000000000000010
100000000100000000000000000000000000100000011000000001000000000000000000
000000000000000000000000000000000000100010010000000001000000000000001001
000000000000000011000000000000000000100000000000100000010000000001000000
000000101000000001000010000000000000000000000000000000100000100000000000
000000000000000100001000000000000000000000000100000100010000001000000000
000011000000000000000000000000000101000000000010000000000100000000000000
000000010000000000000000000000000000000000001000000010000000000001001100
000000000000000001000000000000001000010001000000000011000000000000000000
000100000000000100000000000000100000000000000000100000001010000000000000
000010100001000000000000000000000000000000100010000000000000000000001000
000000000000000000100100000000010000000000000000000000001000000000010010
000100010000010000000000000010001000000000000000000000000001000000000000
000000101000000000001001000000000000001000000001000000000000000000000000
000000000001000001000000000000000000000000000001000000001000010000000010
000000000100001100001000001000100000000000000000000000000000000000000000
010010000010000000011000000000000000000000000000000100000000000000000000
000000000000101000001000000000000010000000001000000000000000000000000100
000000000000000000010000000001100010000000100000000001000000000000000000
000001000000000000000000001010000000001000000000000100000000000100000000
001000000000000000001000011000000000000000000000000000000100000000000001
000000000000000000001000000000000000110000000000100000000000011000000000
000000000010000000000000100100000000000000110000010000000000000000000000
000000000000000000000000000000010000000011000100000000000000100001000000
000010000000000000000000000000000000000010010000101010000000000000000000
000110001000000000000001000000100000001000000000000000000000000000000000
000000000000000010010000000010000000000010000001000000000001000000000000
000000000001110000001000001000000000000000000000100000000000000000000000
000000000000000000000000000000000010000000100000001000000010000010000100
000000000000000010010001000000000000010001000000000000000000000000010000
000010100000000000000000000000000001000000000000000100011000000000000000
000000000100000000000100000000000010000000001000000000000001000000000100
000000000000000100001000000010000000000000000000001000000000000101000000
000000010100000000000000100000010000010000000000000000000000010000000000
000110000000000000000000000000000001000000000010000000101000000000000000
000000000100000000000000100000000010000000001000000000000000000000110000
000000000000001000000010000000000001001000000000010000100000000000000000
001000001000000000000000000000001001000000000000000010001000000000000000
000011000000000000000000000000000110000000000000000000001000000000000001
000000000001000000000001000000000000000000000010000000000000011001000000
000110000000000000010000000000001000000000000010000100000000000000000000
001000000000000000010000000000000000100000000000000000001100000000001000
000000000000000100001000000000000000010010001000000000000000010000000000
000000100000000000000000000110000000000000000000100100000000000000000001
000000000001000100100100000000000000100000000000000000000000100000000000
000001000000000000000000001010000000000000100000000010000000000000000010
000010010000000000000000010000000000001000000000000000011000000000000000
000100000000000000000000000000000000010000001100010000000001000000000000
000010000000000000001000000000100000000000010000001100000000000000000000
001000000000000100000011000000000000000000000010000000000000000000000010
000100001000010000000000000101000000000000000000000000000000000000010000
000000000000010001000000000100000000000010000000000000100000000000010000
001000000000100000101000000000000000000000000000000000000100100000000000
000000000001000000110000000000000000000000000000100001000000000000001000
000000100000000000000000001001100000000000000000000000000000101000000000
000000000000001000000000000001000000001000000100000000001000000001000000
000000000000001001010000000000000000000100000000000001000000010000000000
001000000100000100000000000000000000000000101000000001000000000000000000
100100001000000000000000000000000000000000000000100010000000000010000000
000000000000000000101000000001000100000000000000001000000000000001000000
000001000001000000000000000001000000000001010000000000010000000000000000
000000000000000000000010000000000000000000000001001000000000001000011000
000000001000000000100000000100001000000000010000000000000100000000000000
000000000000000000001000010000000000001000000000000100000000010010000000
000010000000000000000000000000001000000000000000001000000000100000001010
101010100000000000000000000000000000000000000000000000000100100000000000
000000000000000000000011000001000110000000000000000010000000000000000000
000000000000000010000000010000000000100000000000000000000100001000100000
000000000000000000000010000000000001000001010001000000000100000000000000
000000000000000000010000000000000001000000000010000100000000000010010000
010000100000000000000100000000000000000000000100000000000000110000000000
000000000010000000000000100010000000000010000000000000000000000010100000
000000010000000000000000000000000001000010000000000000000010100000100000
000000000000100000001000000000000000000000000000001000101000000000000100
000000000000001000110000000000000000000000000000110000000000001000000000
000000010000000000000010000000010010000000000000010000000000000000000100
000000000000000010010000100001000000000000000000100000000100000000000000
010000001010000010000000000000000000000000000000000001000001000000000000
000000000010000000000001001110000000000001000000000000000000000000000000
000000100000100000000100000000000100000000000000000010010000000000000000
000000010000000000000000000100100000000000000000000000001000000000000011
001000010000001000000000000000001000000000000000000000000000000000010001
100000000000000000000010000000010000000010000000001000000000000000100000
001000000000000000000000000000000000000001000001000100100000010000000000
000000010000000000000000000000011000000000001000000100000000100000000000
000001000000010000001100000000000000000000000000100000000000000000000100
000100000000000010000000000000100000010100000000010000000000000000000000
000100100010000000000100000000001010000000000000000000000000000000000000
100000000001000000000000100000000000000000000000010000000000000000010010
001000000000001100000000000000000000000000001010000000000000000000000010
010000100000000000000100000000000000000100000000000001000000000100000000
000001000000000000000000000000001010000000000000000000001010000000000100
000000000000110001000001001000000001000000000000000000000000000000000000
000000010000000000000000000100001000000000000010100000000000000001000000
000000010000000010000010100000000000100000000000000010000000000000000000
000000000110001000000000000000000010000000000000000000000010000000010000
010000000000000000101000000010001000000000000000000000000100000000000000
000000010000001000100000000000000000000100000001000001000000000000000000
000100000000010000000000000000000001000000000000100000000001010000000000
000000000000000010000000000000100000000100000000000000001000000000110000
000000001010100010000000000000000000000001000000000000000000000010000000
000010000000000000001000000000001000000000000010000000000000010100000000
000000001000000100000000001000000000000000010000000000101000000000000000
000000000000001000000000100001000000000000000000000010000000100100000000
000000000000000000001000010001000000100000000001001000000000000000000000
000000000000000000010000000000000000001000101000000000000110000000000000
100010010000000000000000000001000000000100000000000000000000000000100000
000000000100000100000100000000000000000000000000000000000000010010000001
001010000000010000000000000000000001000000100000000001000000000000000000
000000000000000001000000000000000000010000000000000001000000100000101000
100000010000000000000000000000000000001010010000000000000000000010000000
000000000000010000000000100000001000000010000000000010100000000000000000
000000000000000001000000010000100000110001000000000000000000000000000000
010000000000010000100010010000000000000000000000000010000000000000000000
000010000000000100010000000000000100000000000000000000000000000100000010
100010000000000000000001000000000010000100000000000000000000000001000000
000100100000000000000000000001000000000000000011000000000000000010000000
000000000000000000000000000000010001001000001000001000000000010000000000
000000000000010000000010000000000000000000100000000000000010000000011000
000000010000000000100000010000000000000000010000000010001000000000000000
000100001000000010000000000000010000000000000000000011000000000000000000
100000000000000000001000000000000000000000010000001000000100000000000100
000010000100000000010000010001000000000000000000000000000000000000100000
010000100000000000000100000001001010000000000000000000000000000000000000
000100000000010000000000000100000000001001000000001000000000000000000000
000010000000000001000000010000000000000011000000000100000000000000000000
000000000000000000000000000000000000001100000000100000000100110000000000
010010000000000000000000000100001000000000000000000000000000001000010000
000000000100000000100000000000000000100000000000000000001001000010000000
000000000000000000000000000011000000000000001000001100000000000000001000
000000001000000000000100000000000000000001000000000000110000000000100000
000100000000001000000100100000000100000000000000000000000000100000000000
100000010000000000000010000000000000100000000000000000000000000100010000
000000000001000010000000000000000000100000000000000000100000000010000010
010101000000001000000000000000010000001000000000000000000000000000000000
000000010000000000000001100000000000000010000000000000010000000000001000
000010100000000000000000010000000000000000001000000100100000000000000000
100000000000000100000000000000000010000000000001100000000000000010000000
001000000001000000000000001000000000000000001001000000000000000000000100
010010000000110001000000010000000000000000000000000000000000000000000000
001000001000000010000100000000001000000000000000000000000000100000000000
000010000000000000000000000000100000000010000100010000000000100000000000
000000000000000000000000000000000001000000010000000000000010000100011000
100000000000000000000000000010100000000001000000100000000000000000000001
000000000000000000001100000100000001000001000000000000000000000000001000
100000100000000000000010000000000000000000000000001000010000000000000010
000000000000110000100000000000000000000010000010000000000000000000000001
000001110100100000000000000000000000000000000001000000000000000000000000
000000010100000000000000000000000000000001000001000000000000000001000100
000000000000000000000000001010000100000000000000000010000010000000000001
000000000000000010000100000000000000000000000110000000000010001000000000
010000000000000001000000000000000000000000000000001000000000001000000110
010000000000000001000000001000000010000000000000000000000000100000001000
000001000001000000000000000000000000000011000000000000000001000000000010
000010010100000000001010000000000000000000000000000000000000000000000001
000000000000100000000010000000000000000000101000000000001000000010000000
000000000000000000000000000000000100000110001000000100000001000000000000
000000000000001000000000000010000000000000000000001000010010000001000000
000000000000000010000000000010100000000000010001000000000000000000000001
000100000010000000000000000001000000000000010000000000000000000100000100
000000000000010000000000000000000000000000000100000000001010000010000100
000000000000000001000000100000000000000000000000010010000000001000100000
000000001000001000000010000000000000001000000000001000000000000000000100
000000100000000001000000000000100000000100000100000000000000000000100000
000000000010000100000001000000010000000100010000000000000000000000000000
000001000000001000000000000000000000000000100000000000000000010000001001
000000000010000100000000000010000100000000000100000001000000000000000000
000000000000000010100010000001000000000000000000000000001000001000000000
000100000100000000000000000000000110000000000000000000000000000001000010
001001100000000001000000000000000001000000000000010000000000000000000000
000000000000000000000100000000000000000000011000010000000000001000100000
001000000000000010000000000000100010000000000000001000000000010000000000
000000001000000000000000000000010010000000000000010100000000000000100000
000000010000010000000000001000010000000000000000000000000010010000000000
000000000000000010010010000000000000000010100000000000000000000100000000
000100001001000000000000000001000000000000000000000011000000000000000000
010000001000000000000000000000000010001000000000000000000010000000100000
000000000001000000000010010000000000000001000100010000000000000000000000
000000000000000001000000000000000000000000100000001000000000000000110010
000000000000100000000000000000000000000000001010100000000000000100000100
011000000000001010000000000000000000100000000000000000000100000000000000
000000000000000010000000001000000000000000011100000000000000000000000100
001010000000000000001010000000000000000000000000000000000001000000001000
000000000000000010000000000001100000000100000000100000100000000000000000
000100000001000100000000001000000000000010000000000000000100000000000000
100100010000000000010000000000000000000000000000000000000000100000001000
000000000000000000000000000000000000000000011001000000110000000000000100
000000000000000001010000000000000110000000000000000000000001000100000000
000000010000100000000010100010000000000000000000000000000000000000010000
000000001000000000000000000000000000001001000001001000000000000000000001
000000000000000000000000000000000000010000000010000000000011001000010000
000000000000100000000000000000000001000000100000000010000100000000000100
010010000000000000001000000000000000000001000000000000000000001010000000
000000000010000100000000010000000000010000000010100000000000000000000000
010010000000000001000001000000100000000000000000000000000000100000000000
000000010000000000010000000000100000000000000000000000101000000001000000
000001010000000100000000000000000001000001000000000001000000000000000000
001000000010010000010000000100000000000000000000100000000000000000000000
000010000100000000000010000001000000000000010000000100000000000000000000
010000000100000000000000000000000000100000000000001011000000000000000000
000000000000001000000000000000000000100010100000000000000100100000000000
000010000000010000010100000000000100000000000000000000000000100000000000
000011000000000000000000000000010000000000000000010001000000100000000000
100000000000100000100000000000010000000000000000000100000000000010000000
000100000101000100000000000000000000000000000000000000001000000000000100
000000000000000000000000100010000000001100000000000000000000010000000100
010000000000000000100000000000010000000010000000000000000001000000001000
000000000001000001000000000001000000000000010000000000000000000000100010
000000000000000000001010100010000000000000000000000100100000000000000000
000010000000000010001000000000000000000010000001000010000000000000000000
000000000000000000000010000000000000000000000110000001000001000000100000
001000000000000010000000000100000000011000000000000000000000010000000000
000010010000000000000000000000011000000000000000000000000010000000000001
000000000000000100000000100000010000000000100010000000000000000000000010
010000000000100100000000100000000000000001000000000000000000000001000000
000000000000000000100000000000000000011000000110000000000000100000000000
000000000000000000001000000000000000000101000000000000000000001101000000
000001000000000000000001010000000000000000000000000000000000000000100110
000000000000000001000000000101000001001001000000000000000000000000000000
000010000000000000001100010000000000000000000000001000000000000001000000
000000000000000000000100000001000001000000000100000000000000000001000010
000000010010000000000000000010000000100000000000000010000000000001000000
000000000001000000010010000000000000000100100000000000000000000000001000
000010001000000010000000000000001000000000100000000000000000000001000000
000001010000000000110000000000000000100000000000000000000000000000000001
000110000100000000000000000000000000000000000000000000000000100000010001
010000000000000000001000000000001000010000001000000000000000000100000000
001010000000000010000000000000001000000000000000100000010000000000000000
000000010000000010000000001010000000000000000001000000000000001000000000
000000010000000000000000000000000000000000000000000100000001000111000000
000000100000000000000000000000000000000000010010100000000000010010000000
001000000100000000000100000001010000000000000100000000000000000000000000
100000000000010000000000100010000000000001000000000000000000100000000000
000010001000000100000000001000000000000000000100000000000000000100000000
000000010010000000000000100000000000000010000010000000000000000100000000
000000000000100000010000000000100100000000000010000000000000100000000000
010001001000000000000000000001000000010000000000000000010000000000000000
000000100000000000000010000011000000010000000000000001000000000000000000
000000000000010000010000100100000000001000100000000000000000000000000000
100000000000000000000010000000000000100001000001000000100000000000000000
000001100000000000000000000000010000001000000010000000000000000000100000
000000010100000000000000000000000000000000000000000100000100011000000000
100000000000100100000000000000000000000000000100000010000000000100000000
000000000000100100000000100000001000000000000000000000000000010000001000
000000000100011000000000000000000000000000000110000000000000001000000000
000010000000000000000000000000001000000000001000000000000000110100000000
000001000000000000000000000000000000010000010011000010000000000000000000
000010000000000110000000000100000010000010000000000000000000000000000000
000000110000010000000000001000000000000100000000000000000000000000001000
000000000000000100001000100000000000000000000001001000000000000100000000
000000000000000010000000000000000010000000000000010011000000000000100000
000000000000110000100000000000010000000000100000000000000000000100000000
000000100000000010000000001000000000000000000100000000000000000000110000
000000010000000001100000000000010000100000000000000000000000000000000010
000000000010000000000101000100001000000000000000000000000000000000000001
000100000000000000000001000011100000000000000000000000000100000000000000
000000000000000000000000010001000100001000000000000000000000000000010001
011000000000000000000000010000000000001000000000000000000000000000100100
000000000001011000100000000000000000000010000010000000000000000000000000
000000001000001000000010100000000000000000000000000000000000000000000101
000000000000001000000000000001001000000000010000000010000000100000000000
000001000010000000000000000100000000000000010000010000000010000000000000
000000000010000000010010001000000010000000000000000000000000001000000000
000000000000000000000000001000001000000000001000000000000010100000000001
000100000010000000000000100000010000000000000000000000000100000100000000
000000001000000000000000001000000001000010000000000100000000000010000000
000000000000100000000000000000001000000100100000000000000000100000000001
000100000000000000000000000000010000000001011000000000100000000000000000
010101001000000000000000000000000000000010000000001000000000000000000000
000010000000000010000000000000100100000000000000010010000000000000000000
000000100000000100010000000000000000010000000000000000000000000000100100
001000010000000100000000100000000000100000010000000000000000000000000000
000000010100000000000000000000001000000000001000000000011000000000000000
010000000000000000000100000000000000100100000000000100000000000000000010
000100000010000000000000000000000001000000000000000001000000000010001000
000010010000000000000000000011000000000000000000000010000000010000000000
001000000000000000100000001000010000100000000010000000000000000000000000
000000000000001000000100000000000000000000000001000000100000001000000010
001000000000000000000000000000000000000000000000000000001001010100010000
000000001000000000000000000000001000100000000000000001010000000000000100
001100000000000010000000100000100000000000000000000000000000000001000000
010000000000001000110000000000000000000000000000100000000000100000000000
000000000000000000001000000000001000100000000000000000000010011000000000
000000001100000001000000000000000100000000000000000100000000001000000000
100000010000000101000000000000100000000000000010000000000000000000000000
000001000000000000000000100000000000000010000000000100000000100010000000
000000000000000000010000000000001000010000000000001000001000000000000100
010000000001000001000100000000100000000000000100000000000000000000000000
010000000100000000010000000000000000000000010000000000000000001000001000
000000001010000000001000000000000100000000000000000000000010000001000000
000000000100010001000000100000000000000000000000000000000000100000010000
000000000000100000000000000100010000000000000000000100000000010000010000
000000010000000000000000000100000001000000010000000000000000000001100000
000000000000000000000000000000110000100000100100000000000000000000010000
100001000000000000000000000010000000010000101000000000000000000000000000
010000000000100010011000000000000000000000000000000000000000000000100000
001000000000100000000000000000000000010000000000010000010000100000000000
000000000000000100010000000000000010000010000000000000000000100000000010
000000000000001011000000001000000000000011000000000000000000000000000000
000001000010000000000010000000000000000000000000000000000000000100001010
000000000000001000000000000100000000100000100000000000000001000000000100
001001000000000000010000000001000000000000010000000000000010000000000000
000100000000000000000010000000001000100100000000000000000000000000010000
000000010000100100000000000000000000010000000100000000010000000000000000
000000000100000000000001000000000001000000000000000100000011000000000000
000000000000000000000000110000010000000000000000000010010000000100000000
000000000000000010000000000000000000001000000000001000001100100000000000
000100000011010000000000000000000000000000000000000000011000000000000000
000000000000110000000000000000000001000000000100100000000000000000000010
000000000000000000010000000010010010000000100000000000010000000000000000
000000000000000000000000000000001000010100000100100001000000000000000000
000000100000000001000000000000000000000101000000000000000000001010000000
000100100000000000001001000000000001000000000000000000000000000000001000
010001000000000000000001010010000000000000000000000000100000000000000000
010000000010000000000010000001000000000000000100000000000000000000010000
000000000000000010000100000000000100000000000100000000000001000001000000
000001000000010000000000000100000000000000010100000000001000000000000000
000001000001000000100001000000000000000001001000000000000000000000000000
000000000001000000100000000000000000001100000000000000000000000001000001
100000000000000000001000010000000000000000000100000001000000000000010000
000000000000001010010000000000000000000000000000010001000000000000000100
100000000000000100000000100000000000000000000000001100000000000000100000
000000000000000000000000000001010000000000000000000010000010000010001000
000000100000001000000001000000000000000001000000010000000000000000000100
000001000000000000000000000000100100000000001000000000100000000000000100
101000000000000001000000000000000000100000000000001000000000000000100000
001000000000000000000000000001011000000000000000000000000000011000000000
000000000000001000000010000000000000000000000000000000001000001001010000
000000000000000000101000000000000000000100000000000000000000010100100000
000000000010000100101000100000000000000000000000000000010000000000000000
000000000000000110101000000000000000000000000000000100000000001000000000
000000000000000000000000000000010000000010000010000000001000000100010000
000000100000100001000000001000001000000000000000000000000000000001000000
000000000100000000000000000000000000001000100000001000000000000000010100
000010000000100000001000000000001000000000001010000000000000000000000000
000000000001000010000000000000000000000000001000000000011000000001000000
000010100000010000000000000010000000000000000100000000010000000000000000
000000010000000000000000000010000000000000100001000100000000001000000000
000000000000000000011000000000000000000000000100000100010000001000000000
010000000000000100000000000000000000000000010000000000000000000110000100
000000000001000000000000000001000000000000000000001000000000010001000010
000010010000000000000001000000000010000000000000000000000000000000001001
001010000000000000010000000000000000010100000001000000000000000000000000
000000000000000000000100000000001000000100000000000000000010010000000010
000000001000000000000000000010010000000000000000000011010000000000000000
000010000000100000000000000000000000000000000000101000000000010001000000
100000010000000111000000001000000000000000000000000000000000000000000000
000010001000100000001000000000000000000000001000000010000000000000000000
000100000001000001100000000000100000000000000000000000000000100000000000
000100000001001011000000000000000000000000000000000000000000001000000000
000010000000000000000001100010100000000000000000000000000100000000000000
100000000000100000000000000001000000010000010000000000010000000000000000
000000000010010000000000100000000000100000000010000000000000000001000000
000001000000100000010000000000000001000000000100000000010000000000000000
010000000000000001000000000000000001000100000001000000000000000000001000
000000000000000100000000000001000000010000000000010000000000000000101000
001010000001000000100000000000000001000000000000000000000000000000000010
000000000000000000000100000000000010000000000000000000000000001000101010
000000010000000000000000001000000010100000000000000000001000000001000000
101100000000000000001000010000000010000000000000000000000000000000000000
000000001010000010000001000000000000000000100000000000000000100000000000
000000100000000000000000100000000001000000001000001000000000000010000000
000000000000000000000000001000001001001000000000100000000000000000000001
011001000000000000000000010000000000000000000000000000000010000000010000
000000000000100000000000000000010000000000001000000000000010000010010000
000100000000000100000000000000010000000010000000000000001000100000000000
000000000000000000000000000000100000100000000000100000001100000010000000
000000000001000000000000100000000001000000000000001000000001000010000000
000100100000000000000000010100000000000000011000000000000000000000000000
000000000000000000000000000000000000010000100100000010000100001000000000
000000000000001000001100000000000000000010000000100000000100000000000000
010000000000100000010000000000000100000100010000000000000000000000000000
000000000000000000100000100100000100000000000000000000000000001100000000
000100000000000000000000000000000000001000000001000000100000100100000000
000000100000000010001010000000000000000000000000000000000000000000100100
000000000000000000000000001000100000000010000001100000000000010000000000
000000000000010000000000000000000000000000000000100010010000000001100000
000000001000001000000000001000000000100001010000000000000000000000000000
000000000000100000000000000100001000000000100000000000000000000000001010
000000000010100000000000000000010001000000000010000000100000000000000000
000000000010000001000000000000010000000000000000000000010000000100000100
000000000000000001000000000010000000000000000001000000000110100000000000
000000000000010000000000000001000000000010000000011000100000000000000000
000000000000000000010000000010100000000001000000000000010000000000000001
000000010101010000000000000000000000000100000000000000010000000000000000
000000000001000001000000000110000000000000000000000000000000100000000100
000011000000000000000001000000000001000000100000000000000010000000000000
000000000010000000000100000000000000000001000001010000000000100000000000
010000000000100000001000000000000000000000001000000000000000000010000010
100001000000000000000010000000100000000000010000000000000100000000000000
000000000000000000000000000100000000010001000000000000001000000100010000
000000000000000000000000000001010000000010000010000000000100000000000100
000000010000001000000000000000000000000001000000000000100000000010000100
111000000000000000000000000000000000000000000000000000000001000100000100
000100000000000000000000011100000000000000000100000000000000000001000000
000000100000000000000000000000000010000000000000110000000000000000000110
000000000000000010000000001000000000001000000000000000000010000000010100
000000000000000000000000000000000000000000000000001001000000000000101101
000100000000000000100000000010000000000100000100000000000000000000010000
000000000000000000100100100001000000000100000000000000100000000000000000
000000000000000000000000000000000000000000000101001000000000001001000001
000010000000000000100000000000000000000100000010000000000100001000000000
000001010000000000000000000000001001000000000000000100000000000010000000
000100000000010000000000000000000000000000000000010000000001001000001000
000000000001000000000100000000000010000000000000100001000100000000000000
000010000000000000100000000110000000010000000000000000000000000000000001
000000000000001000000000010010010000000000010000000000000000001000000000
010000000001000000000000000000000001000100000011000000000000000000000000
000000000010010010000000000000000000000100000000000010000000000000000010
000001100000000000001000000000000010000000000010000000000000000000000100
000000000001000100000000000000000000000100100000010000010000000000000000
000010000000000000000000000010000000100000000000001000100001000000000000
001001000100000100010000000001000000000000000000000000000000000000000000
000000000000000000000001000000000000000000001000010000010010100000000000
110000000001010000000000000000000000010000000000000000000100000000000000
100000000000000000000000000000000000000000110000010010000000000001000000
001000100000000000000000100000010000000000000000000010000000000000001000
000000101100100000000000000000000000000000000010010000000000000000000000
000000000000010000000000000000001000000000010001000000000000000001000100
010000000000000000010000000000010000000000000000000010001000000000001000
000000010000100000000000000000000000011000000000001000100000000000000000
000000000000000000000000010001100000000000000000000000000000010000000101
000000000000000000100000100000000000010000100000000000010000000001000000
000100000000000100000000000000001000000000000010000000000000000100000100
000000000000000000000001000000000010000000010010000000000010010000000000
000000100000000000000110000000000010000000000000000000000000000000000101
001100000100001010000000000000000000000010000000000000000000000000000000
000000100000000100000000000000100000000000000100100000000010000000000000
000000001000000000100010000000000000000000000000000000100000001100000000
000000000000000001000000000000000000000010000100000000001000000010000001
000000001000000010000100100000000000000000000000000000100001000000000000
000000000010000100000000000000000000000000001100000000010000000000000100
101000000000000010000000000000100000000000000000000000000000010000001000
010000000000000010100001000000000100000001000000000000000000000000000000
000100000000001000000000000000100000000000000000000000101000000100000000
000000010100000010000000001000000000000000000000000000000000000000000101
000010000100000000000001001000000000000000000000000000000000001000010000
000000000001000000000001000100000000100000010000100000000000000000000000
000000000000100000000000000000000100010000000000000000100001000001000000
001000100000000010000000000000000000000000000000100010000000010000000000
000100000000000010000100000000000000100000000000000000000000100000000001
000000000000001000000000000000001000000000001110000000100000000000000000
000000100000000100110000000000000010000000000000100000000000000000000000
000000001010000000000101000000000100000000000000000000000000000000010000
000000000000000010000000000001000000000110000000000100000000000010000000
000000100110000000000000000001000000000000000000010000010000000000000000
000000000000010001010000000000100000000100000000000000010000000000000000
000000000000000000010000000010000000000000000010000100000100000000010000
000000000000100000000000000000000000000000010000000000100000001100000010
010000000000000000100000000000001001000000000100000000000000100000000000
100000001000000000010000000000000000000000000000000000100001010000000000
000000000000000000001001000000000000000000100000000000000000100011000000
000000000000000000000010000100000100100000000000000000001000000000000001
000000000000100000000000000000000000000010000000000000000100100101000000
000010000000000000000100000000000100000000000000000000000000010001000100
000000100000100000000000000100000000000100000001000000000000010000000000
000000000000000100000000001010010000000010000000000000000000000000001000
000000000000000000000010000000000000000101000000001000000000010000000001
000000001000000000000000010000000010100000000000000000100000000000000010
100001000000000000000000000100000000000000000000000000100000000001010000
010000000000001010001000000000000000000010000000000000000000010000000000
010110000000000010000000000000000000100000000000000000100000000000000000
000000000100000010000000000010000000000000010100100000000000000000000000
000100000000000000000000000000001000000000100000100001000000000100000000
001000000000000000000100000010000000000001000000000001100000000000000000
001010000000000000000000000000000000000000000000000000000001011000000010
000000001000000001000000000100000000000010100001000000000000000000000000
000000000000000000000000000000000000100000000000000100010000100001100000
000000000000000000000000000100000000001100100000100100000000000000000000
000000000010001000000000000010000000000000000000000000000010000100010000
000000000000000000000000000000000000000100001011001000000000000000100000
100010000000000000001000010000000000000000000100000000001000000000000000
100000000000000010010000000000001010000000000000000000010000000000000000
001000100000010000000000000000000000000000000000000100000000000001010000
000000000000000000001100000000000100000000000000000001000000100001000000
010000000000000000001000100001000100000000000000001000000000000000000000
000000100001000000000001010000000000000000001000000000000010000000000000
000010000000000000000000100000000000000000001000000000010010010000000000
000001000001001001000000000000000000000000000000000000000000010000000001
000000000010000000000001100000000000000000000010000000000000000000100001
000000000000000000000000000000000000000010010100000010000000000010010000
000000000000100001000000000000000100000000000100100010000000000000000000
100000000100000000000000001000000000000000001000000000000000010000001000
000000000001100000000000000000101000000000000100000000001000000000000000
000000100000000110000000000000000001000000100000000000000100000000000000
000000110000000001000000000000000000000010000000000001000000000000000010
000000100000000000100000000000000000000000000000100001001000001000000000
000000001000000000000000000000000000001000010000010000000000000010000001
000100000000000000001100000000100000000000000000000100000000000010000000
000000000010010000000000000000000000000001000000010000000000001000000001
100000000000000000000100000000001000000000000000100000000001000000000001
000000100000011000000000000000000000000000000100000000000001000000001000
000100000000000000000100000000010010000001000000000000000000001000000000
000000000000000000000010000100000000000000000001010000000000000000000101
000000000000000000000000100000000000000001000001101000000000000010000000
000000000000000000000000000000000001000000000000000001000000001100110000
000000100000000000100010000000000000000000000000000000000010000001000001
000000000001000000001001000000000000000001000000000000000001000001000000
000000001000000000000000000000000000011000000000000000000000000000100110
000000000000000001001001000001000000100000000000000000010000000000000000
000000000000001000000000000000010010000010000010000001000000000000000000
000000000001000010000000000000000001010001000000000000000100000000000000
010000000000000000000010000000100000101000000000000000000000001000000000
000000000001000000000000000000000000010010000001000010000000000000000010
001010000000000000000000000001000000000000000000000001100000000000000010
000000000100000000001000000000000000000011000000000000000000000101000000
100000000000000000000000000000000100110100000000000001000000000000000000
010000000000000000000000000001110000000000000000001000000000100000000000
000100000000000000000000000000010000100100000000100000000000000000100000
000000010000010000000000000000010000000000000001000010010000000000000000
000010000000010000000000010000000000000000000000000000000000000001010001
000000000000000000001000100000100000110000000000000010000000000000000000
000000000100000000000000001000001000000000000000000000010000010000010000
000000000000000000000000000010000001000000010000000000110100000000000000
000000100000100000000000000000000001000000000000000001000000110000000000
000000100000000000000010000000000000010000000000000001000000011000000000
000000001000000000000000000000000001000001000001000000000100000010000000
000000000000000001000000000010000001000000000010000100000001000000000000
000001000001000100000000000000000000000000100100000000000000000000000010
000000000000000000000000100000001000000000010001000000000000100000001000
000000010100000000000000000000000000000000000000001100000000000000100100
000100010000000000000010010000000000001000000000000000010000000000000000
100000000000000000000000000000000000010001000000010000000010001000000000
000000000000000001100010000000000000000000000000000000000100000000001100
000000000000000000010000000000000000000011000000000000000000010000011000
000000000010000000000000000100100000001000100000010000000000000000000000
000100100000000000000000000000000000000000001000010000000100000000000100
000000001000000000000000000000010000000000010100100000000000001000000000
000000100000000000100000000001000000010000000000000000100000000000000100
000000010000000010000000000000000010000000000000000000000010000100000001
000000000000000000000100000000010000100000001000000001000000000000100000
000000000001000010000000000000000000000010010000100100000000000000000000
000100000000000100000001000001000000000010000000000000000000000000100000
001001000100000000001000000000000000000000000000000000010000000010000000
010000100000000000010000001100000000000000000000001000000000000000000000
100000000000010010000000000010000000100000000000000000100000000000000000
010000000000000001000000001000000000000000000000000110000000000000010000
000000000000000001100000100000000000000000000000000001010000000000010000
010000000000000000000000001000011000000000000000000000000000000000100010
000001000100000000000000010000000000000000010000000000000010000000000010
000000000000011100000000000000000000000000000000000000100000000100100000
100000000000000000100000010000000000010010000000000000001000000000000000
000000001010000000001000000000000000000000000000000001000000010000001000
011000001000000000000000000000100000000000000000000100000000000000100000
000000000000000100000000000010111000000000001000000000000000000000000000
000000000000100010000010000000000000000000001010010000000000000000000000
000000000000000000100000000000000000010100000000100000000001100000000000
010000000000000000000000010000001001000000000000000010000000000000100000
000000000100001000100000100000000000000101000000000000000000000000000000
001000000000000001000000100000000000000000000011001000000000000000000000
000000000000000000000000100000000000000001000100100001000000000000000010
010000001000000000000000000000000011000100000001000000000000000000000000
010000000000000000000000000000000001110000000000000000010001000000000000
000000000001000000000001000000000101000000000000001000000000000000000001
000001000000000001000010000000000000001000000000000000000000001000001000
010010000001000000000000001000001000010000000000000000000000000000000000
000010000000000000000000000100100000001000000000000100000000000001000000
000000000000101000000000000000000000000000100001000010000000001000000000
001000000100000000000100000000000001000000000001000000000000000000010000
000110000000000000010000010001000000000000000000000001000000000000000000
000000001000000000011000000001000000000000100000000000000000000000100000
000000000000100000010000000010000000000000100010000000000001000000000000
001000000000000000000000000000010000000000000100000000010001001000000000
000000000001000001000000000000001000000000001000000000100000000001000000
000000000000000000000000010000000000000000010010010000000100000001000000
000000000000000010100000000000100001000000000000100000010000000000000000
000001001000000100000000000000000000000000000000000000000000100000010100
010000000000000000000000110000000000000000010000000000000000100010000000
010010100000000000000000000000100000010000000000000000000000000000100000
000000000000000000000001000010000010001100000000000000000100000000000000
000000000000000000000010010000110000000000000000100000000000000000001000
000000000010010000000000100000000000000000000010000000000010000000000010
000100000000000001000001000000000000000100000110000000000000000000000000
100000000000000000000000000101000010000000000000000000001000001000000000
001000010010000000000010000001000000000000000000000000000000000000000100
000000000010000000000001000000000000000010000000001001000010000000000000
000000000000000000100000101000000000000000000000000001000000001000000001
000000010000010010000001000000000000000000100000000000000100000000000000
000000100000000000000000000100000000000000000010000000000000000000110001
000100000000000010000010010000000010000000000000000000000000000000100000
000000000000100010000100000000000010000000010000000000100000000000000000
100000000100000000001000000000000000000000000000000000001001000000000001
000000010000000000100000100100000000000000100000000000000100000000000000
100001010000001000000000000000000000000000000000000100000000000000010000
000000100000010001001000000000000000000000000000000000000010000000000001
000010000000000000000000000100000000000000000000001000000000000100110000
000000000010000000000000000101000100000000001010000000000000000000000000
000000000000100100000000000000001100000000000000000000001000000100000000
000000000000000000001101000000000000000000000000000000000000100010001000
000000000000101000000001000000001000000000000000000000000000001000001000
010000000000000000000000001000000000000000000000100000010000001000001000
000000000000000000000000000000100000100000000000000000010100010000000100
000000000100100001000100010000000000000000000000000000001000000000000000
000000000000000000000001100000000000101001000000000000000000000000100000
000000000000000000000000100000100100000100000000010000000000000000000010
000100000000000000000000000001000000000000000100000000010010000000000010
000000000000000010000000000010000000000000000100000000001100000000001000
000100100010000000000000000001000000000000000000110000000000000000000000
000000010000000000000000000010000000000001000001000000001000000010000000
010000000000000111000000000000000000000000010000000000000000000010000000
001000000000001000000000000000010000000000000000100000000000000001000010
000000000000000010000000000100000000100010000000000000010000010000000000
001000001000000100000000000000100100000000000000001000000000000000000000
000000000000000000010000000010000000000000000001000010001000010000000000
100010000000011000000001000000000000000000000000100000000000000000000000
000000000010100000001000000000000000000000000000000000000000100100100000
000000000000000110000000000000001000000001000000000000000000000100100000
000000000010000000000000000010000000100000000000000000000100000010100000
000000000001000000000000000000101000000000000000000010000001010000000000
100010000000001000000000000000000000000000011000000000000000000000001000
001000000100000000000000000000000001010001000000000000000000000000001000
000000000000001000000000100000000000100001000000000000000010000100000000
010000000000000000000000000010000000000000110100000000000000010000000000
000000000000000010000000000000010000100000000000000000000000000100101000
100000010000010000000000000000000000000000010000000100000000010000000000
000010010000000000000010000001000000000001000000001000000000000000000000
001000000000010000000100000000001000000000000000000000000000000000000101
000001000000010000000000100100000000000000000000000000000000000010000010
000000010000000000000010000000000000001010100000000000000010000000000000
000000000000010000000000000000001000000000000010000000001000000100000010
000000000000000000000000000000001100000100000000100000000000100000000100
010000000000000000000000001000000000000001000100000000000001000000100000
000000000000000000000000000000000000010100010100000000000000100010000000
000010000000000000000010000000100001000000000010000000000000000000000001
000000010000100000101000000000000000000000000000000000100010000000000000
001000001000000010000000000000000000000000001000000000000010000000000100
000000000000000001000000000000010001000000000100000001000100000000000000
000000000000000010000000000001001010000000000000010001000000000000000000
000010000000000000100010000000100000000000100010000000000000000000000000
000000010000000000000010000000000000000011100000001000000000000000000000
000001000010000000000001000110000000000000000000000000100000000000000000
000000000000000000000010000000000000100000000001000001000000000010100000
100000000000000000001010000110000000000000000000000000000000001000000000
000000000000000000000100000001000001010000000000000000000010000000000001
000011000000000000000000000000000000000010100001000000000000000000100000
000000000000010001000000000000000010000100001010000000000000000000000000
010000000000000100000000000000000100000010000000000000000000000000110000
000000001000000001000000000001000000000000000000000000000000000100100100
000000001000000001100000000000000000000000010010000000000000000000000100
000010100001000000000000000010000000000000010000000000000000000000000010
000000010000000001000000000000010010000000000000000000000100010000000000
000010001100000000000100010000001000000000000000000000000000000000000000
000000000000000000000000001010000000000000000001001000000000000000000110
000000000000000000000000000000000000010100000011000000000010000000001000
000000001000001000001000000000000000000000000000000001000010000000000100
110010000000000000000000010000000000000000000010000001000000000000000000
000000000101000000100000000010010000000000000000000010000000000000000000
000100000000000100001000000000000001000000000000000000000000001000010000
010000000000000001000000000000101000110000000000000000000000000000000000
001000000000000000000001000000000000000000001000010000000001010000000000
000000000000001010010000010000000000000000100000000000000000100000000000
000000000100000000000100000010000000000000000000000010000000100100000000
000000000000000010000000001000000100100000010000000100000000000000000000
000010000000000000000000000001000000100000000000100000000010000000001000
000100111000000000000000000000000000000000000100000000000000000000010000
000000000010010000000000000000000000001000001000000000000000010000000010
000000000000000000000000000000001000000000000000000101010000001100000000
000001000000000010000000000000000000011000000011000000000000000000000000
000000000100000000000000000010010000000000000100000000001001000000000000
000000000000000001000011000000010000000000100000000000001000000000000000
000000000000000010000000000010000010100000000010000000000100000000000000
100001000100000000010000000100000000000000000000000000000000100000000000
000000010001000000000001000000000101001000000000000000000000000000000000
100001000000000001010000000000000000000000100000000000000000000000100000
000100010000000000000000000000000000000000000000000000010100000001001000
000000000000010000000000000000010000000000000000000000001000001100000100
000000000000010001100000100000000000000000000000000001000000000000000010
000000010000000000001001000000000001000000010000000000100000000000000000
000000000001000000000000000000010000000000000001101000000000000010000000
000000000000000000010000010000100110000000000100000000000000000000000000
000100001000000000000000010000000100000001000001000000000000000000000000
000000000000000000110000000000000000000000000000000010001000010100000000
000001100100000001000000000000001000000000100000000000000000000000000000
001000000000010000010000000000000000000010000000000000000100010000000000
000000010000000000010000000000100000101000000000000000001000000000000000
000000000100000000010010000000000100000000000000000000000000000001100000
000010000000000000000000000001000000100000100000000000000001000000001000
010000000000000010010000100000000100000000000000000100000000000000000000
000000000000000000110000000001000000000000000100001000001000000000000000
001000000000000000100000000001000000100000001000000000000001000000000000
000000010001000000100000000000000000000000001000000001010000000000000000
100000000000000000100100000000000000000001000100000000000000001000000000
100000000000100000000000000000000001001000000000000000100000000000000010
000000000000000000000000000000010000000010000000001000010000000000000011
001010010000000000000000000001000001000000000000000000000000000000001000
000010001000000000000001100000000000000000100000000000000001000000000000
000000000000000100000000001000100100000010000000000000000010000000000000
100000000001000001000000000000001100000000000000000100000000000000000000
000000000010010000000000001000000000001100001000000000000000000000000000
000001100010000000000000000001000000000000000000011000000000000000000000
000000000001000000000000001001000100000000000000000001000000010000000000
000000000000000000000000000001000000100000000000010000100000100000000001
000000000000000000000000100000101001010000000000000000000010000000000000
000000000001000000000000000100000000000000000110000000000100000000001000
000001000000000001000000010000000001000000000000100001000000000000000000
000001000000100000000001010000000001000000000000000001000000000000000000
100000000000000000000000000000001000000000010100000000000001000000001000
000000000000000000000000000100000000111000000000000000000100100000000000
000000000000000000000000000000000000000110001010000000010000000001000000
000000000000000000000100000000000000000010000000101000000000000000101000
000000100000000000000100000000000000000010000000001000001000000100000000
000000000000010000000000000000000001000000000000000010100000000000101000
000001000000000000000000000000000000000010000000010000000000010100000010
000000000010000000000010100000000001000000000000000000100000000100000000
000010000000000000000000010000000000000001000010010000000000000000001000
100000000000000000001000000000000000100000000000000000010000001000000010
000000000010000000001100000000000000001000001000000000000001000000000000
000000001000100100000010000000000100000000000000000000000100000000000000
100000000000000000000000100000000100001000100000000000000000000000100000
000110000000000000000000000100000100000000000010100000000000000000000000
000000001100000000000000000001000000000010000000000010000010000000000000
100000010000000100000000100000000000000100000000000000000000000001000000
000100000101000000000000010000000000000000001000000000000000000000000100
100000000000000000000000000000010000000000000000100001001100000000000000
000000000000000000100000110001000000000000000000000001000010000000000000
000000000000000000000101100000000000000100000000000000000000100000010000
000000000000000010000001001010000001000000000000000000000000000010000000
100000000000000000010001000000000100100000000000000100000000000000000000
000000000000000100000000010010000000000100000000000000100000000000000010
000000000000000000001000100000000000001000000000000100000001000100000000
010000000000000000000000000000000000000000000000010100000100000010000001
000000000000000001000000100000000000000001001000000000001000000000000001
010000000000000000000000000000000100100100000000000000000000000000000110
100000000000000000100000000100000000000000000100000001000001000000000000
000000010100000000000100000000000000000000000000000000100000101000000000
000100000000000000000001000010000010000000010000010000000000000000000000
101000000000000000001000000000010010000000000000000000000000010000000000
100000000001001000000000000000000000000000000000000000000000000000110001
000101000000100000000001000000000000000000000000010000000000000000000001
000101010000000000000000000000000000000000000000000010000001100000000000
000100000000000010000000000000000001000000010000000000100000000000100000
000001000000000000000000000000010010000000001000000000000000000000110000
000000000000000000000001000000000101000000000001000000000000000000100001
000000000000000001000000010100100001000000000000000000000000100000000000
000100000000000000000000101000000000000000100000000000001000000100000000
001000000000000000000000000011000000100000010000000001000000000000000000
100000000000000000000000000000000000001000000000001010000000000001100000
000000000000010000000000000000001000100000000000000010000000000000010010
000000100000000000000000000000100000000000001100000000000000001000001000
000000100000000000100000000010000000001100000000100000000000000000000000
100000000000001000000000000000010000000000001000000000011000000000000000
010000000000000000010000010000001000000000000100000000100000000000000000
000000100000000000000000000000000110000000000000010000000000000000000011
000001000000000000001100000000000000100000101000000000000000000000000000
010000000000010000000000100000000000000000001000000000000000000010010000
010010000010000100001000000000100000000000000000000000000000000000000000
000000000010000001100000001100000000000000000000000000001000000000000000
000100000010000000000000000100000000001000010000000000000000000000001000
000000010000100000001000000000000000000001000001000000000000000000000010
000000000000001000000000010100000000000000000000000011000000000000000100
010000000000000001000001000000000000000000001000000001000100000000000000
000010000001000000000000000000000000000000001100100000000000010000000000
001000000000000000011000010000000000000000000000000000000000100000000010
000100000000000000010100000000000000000000000000000000001010000000100000
000000000001000000000000000000010000000000010000010000000010000000010000
000100100000010000000000000000000001000000000000000001000000000000001000
000000000000000000001001000000000000000000000100000100001100000000000000
010000000000000010000000000000000101000000000000000000000000000000001100
100000000100000100000000000000000000000000000000010000000010000010000000
100000100000100100000000000000000000000000000000000000100010000000000000
001000000000000010000000000000000100000000000000000000100000001100000000
000000000000000000100000010000000110010000000000000000000000001000000000
100000010000000100000000000000000000000000000000010000000000000000110000
100000010000000001000000000000000010000000000000000100000010000000000000
000001000000000000000100000000000000000101000000001000001000000000000000
000000000000010000000100000000001000000100010000001000000000000000000000
100000000000000000000000000000000000000011000001010000000000000100000000
000000010000000010000000100000000010000000001000000000000000010000000000
100000010000010000000000000000000010000001000000000000000000000000100000
000000000000010000000000100000000000000000000000000000000000110110000000
000100000000101000000000000000010000000000100000100000000000000000000000
100001000000000000000000000000000000000000000000100000000000100000001010
000010000000000001010000001000000000000000010000000100000000000000000000
000000000000000100000000000000010010000000000000000010000000000000100010
000000000000000000000000000000000110101000000000000000000000000000011000
000001101000000000000010100000000000000000000000000000100000000000000000
000000001000000000100100000000000000000000000000000000100000001000000010
000100000000000001000000000000000000000000000000000110000000000000000101
000000010000001000000000100000000001000000010000010000000000000000000000
000000000000000000000001000100001000000000000000000000001000000110000000
010000000001000000000000000100001000000000000001001000000000000000000000
000000000101100000000000000000000000010000000000000000000000000010001000
000010100010010000000000000100000000000000000000000001000000000000000000
000100011000000000000000000100000000000000000000000010000000010000000000
100000001000000000000000000000000000000100000011000001000000000000000000
001100000000000000000000000000000000000100000010000000000100000000100000
000000000000000000010010000000000000000001000000000000000000000000010110
000010000000000011100000000000000000000000000000000100000000000000001000
000000000000001000000001000000100000010010000000000000000000000010000000
000000000010000000100000100000000000000000010000001000000000000010000000
000000000000000000000000100000000001001000100000000000110000000000000000
000000000000000000000001000000000001000000000000010000000000000100001100
000100000000000010000000000000000000000010000000001000000000100001000000
000010000100000100100010000000000000000000100000000000000000000000000000
000000000001100000000001000100010000000000000000010000000000000000000000
000100000000000000000011000000000000010000000000000000010000000100000000
000010000000000001001000000000000000000000001000000000100000001000000000
000000000000010000000000110000000010001000000000000000000000000000001000
000000000000000000000001000000000000000010010000000000001001000010000000
001000000100001000000010000000000000000010000000000000000000000000000001
000000000000000000000001000100001000000000001000000000100000000000001000
100000000000010000000001000000000000010000000000000000000000100000010000
000000000001000000000100000000000000000000000000000011000000000001000010
000000000000000100000000000000010000000000000000000001001010000100000000
000000000000011100000010000010000000000000000000000000000000000000000010
000000100000000000001000000000000000000100000100000000000000000000011000
000000000000000000000100100000000000001000000100000000000001000010000000
000000000000001000000001001000000000001000000000000000000010000000000001
000000100001000000000000000000000000000001000000000000101000000000001000
100010100000000000001000000000000000000001100000000000000000000000000000
000000000100000000100000000010100000000000001000000000000000000000010000
000000000000010000000000000000000000000001000000010000010000000100000100
000000000100000100000000100100000000010000000000000100000000000000000000
000010001100000000000100100000000000000000000000000000001000000000000000
000000001000100001000000000000000000000000100000000100000010000000000000
110000000000000000000100000000000010001000000000100000000000000000000000
000000000001000000000100000010010010000000000000000000000000000001000000
000000000000000001000011000000010000100000000000000000000000000010000000
000000100000000000000100001000000000000001101000000000000000000000000000
010000000000000100000010000000000010000000000000000000010000000010000000
000000000000000000000000000101000000100000000000000000010000001000000100
000000000000000100000010000000000000100000000110000010000000000000000000
100000000001000000000000000001000001000000000100000000000000000000100000
000000100000000000000000000000100000000000100000000100000000000100000010
000000000000000000010000011000000000010000000000001000000010000000000000
100000000000000000000010000000001000000000000000011100000000000000000000
000000100000000000001000000010000000100000000000000000100000010000000000
000000000000000000000000000010000010001000001000000000001000000000000001
100000000000000000000000110000100100000000000000000000000000000000001000
000001000010000100100000000000000000100000000000000000000000100000000000
000000000000000000010010000000000000000010000100000000000000000000100001
000010000000000000000000010000000000000011000100000010000000000000000000
000100000000000000000010000000000100000000000100010000000000000000000001
000000000000000100100100000000000000000100000000010000000010000000000000
000000000000000000000000010010000010000000000001000000000010000000100000
000000000000001001000000001000000000000000100000000000000000010000000100
000000000000000000000000000010011000000000000100000000100100000000000000
000000000000000000000000000000010000001000000000101000000100010000000000
000000000001000001000100000110000000000000000000000000000000001000000000
000110000000000001000000100000000000000001000000000000001000000000000000
000000000000000000110010000000010000010000000000100000000000000000000000
000010000000000000000000001000000000000000000000100100001001000000000000
000000000000000010000000000010000000000000000100000100000000000010100000
000000000000000010000000000010000000000100000000000100000000000110000000
000010000100000000010000001000000000010000000000000100000000000000000000
010000000000000000000100000000000100000000000010000000010000000000000010
000000000000000000010000000000000000110000000000100000000000000001100000
000000000000000000000000000000010010000000000000000000010000000100011000
001000000000000000000000110010000001000000000010000000000000000000000000
000000000100000010000000001100000100000000000000000000010000000000000000
011000000010000000000100000000000000000100000000000001000000000000000000
001000000000000001000000000000000000000101000001000000000000100000000000
001000000000010000000000000000010000001001000010000000000000000000000000
000000000100000100000000000000000000000000011000000010000001000000000000
010010001000000000000000000000000000000000000000000001000010001000000000
000001001000000000000000001100010010000000000000000000000000000000000000
000000000000000000000010001000000000010000000000000001000000000110000000
110010000000010000100000000000000000000000000000000000000000000000000010
000100000000000000001000000010000000001000000000000100000000000000000010
000000001100000001010001000000100000000000000000000000000000000000000000
000000000000000110000000000000000000000010001000000000000000010000000100
000000100000000000000000000000100000000000000000001000100001000000100000
100000000000010000010000101000000000000000000000000100000000000000000000
100000010000000100100000001000010000000000000000000000000000000000000000
000000000000100111000000000000000000000000001000001000000000000000000000
000001100001000000000000000100000000000000010000000010000000000000000000
100000000000010000000000000000000000001000000000000101000000000000000100
000000000000000000001000000000101100000000000001000000000000001000000000
000001000000000000000000000000000000001010000000000100100000001000000000
000010000000000000000000000100000000100000000110000001000000000000000000
000000010000000001000000000000001000000000000001010000010000000000000000
000000000000000000000000000000000000010000000000000100100010000010010000
001000000000000000000000000000001000110000010000000001000000000000000000
000000000000000000000000001000000000100000000011101000000000000000000000
101000000100000000000000000000000000000000001100000010000000000000000000
001000001000000000000000000000001000000011000000000000000000001000000000
000000100001000001011000000000000000000010000000000000000000000000000000
010000000000000010000000000100100000001000000000000000100000000000000000
100000000001000000000000010000000000000000000101000000000000000000010000
000000000000000000000000000110000000000010000000000100000000100001000000
000000000000000000000010110000000000000000000000000000001000010000000010
000000001010000000000000000000000000000000000000000100000000000110000010
000000000000000000000000000000100000000100100100000000000000100000000010
000000000010000000001000010000010000000010000000000000000001000000000000
000000100000000000001000000100000000000000000001000000100010000000000000
000000000000000000000000000000000000000010000010100000000000000100100010
000000000100001000000000001001000000000000000000001000000100000000000000
000000000000000000000100000100001000000000000000000001000000001000000010
010000000000000000001000000100000000010000000000000000000000000100010000
000000000000000000110000000000010000000100000000100000000010000000000000
000000000000000000110000000000000000000000000000010000000000000001100010
000000010000010000000000100100100000000000000100000000000000000000000000
000100001000000100000000000000000000010000001000000000001000000000000000
000100000000000001000100000000010000001000000000000001000000000000000000
000000000000000000000000010000010010001000000000000000100000010000000000
000000000000010000000100001000000000100000100000000000000000000000000001
000000001000000000000000000100010000000000000000000100000000001001000000
000000000000000110001000000001000000000000000000000000100000000000000001
000010000000000000000100000000010000000000000000100000000000000000011000
000000110000000000000000100100000000000001000100000000000000000000000000
000001000000000000000011000000000000000000001000110000000000000000000000
000000000000000000110000010000000000010000000000000000000000001000000001
000000000000000000000001000100000000000000100000000000000100010000000010
000000000000000000000010000000100000000001001100000000000000000001000000
000000100000000000001010000000000000000100000000000000000000001000000001
000011000000000000000000000000000100000000000000000000000100000100000010
000100000000000000000000000000000000100000000100101000000000000000000010
010000000000000000010000001000000000000000000100000000000000000001100000
000000000001000000000100100000000000000000000100000000000000000001000001
000000000000000000001010000000010000000000100000101000000000000000000000
000000000010000000000001000000000000000001010000010000000000000100000000
001010000000000001000001000000000000001100000000000000000000000000000000
000000100000000000010000000000000000000000000000000000000000001001100010
000000000001000000000000000001000100000000000001000000000001100000000000
000000000000010001000000000000000000000000000000000100000100000100000010
000000100000100000001000000000010000000000000000000000000000010000010000
000000010000000000001001000000000000000000000000000000100000000000000101
000000000000000000001000000000000000100000000000000000000000101001100000
000000000000000010001000001000000000000000000000000000000100000010100000
000010000010000100000000000000000001000000000100000000000000000000010000
000001000000001000000000001000000000000000000000000100010000000000010000
000100000000010000000010000000000000000000000000000000000001000100100000
000000000000000000000000000000000000001010000000000000010001000000010100
010000010000000010100000000000000000000000000000000000011000000000000000
000001000000000010000000000100000000000000000000000000000010001000100000
000000110000000000000000000001000000000000000001000000010000000010000000
000000000000010100000000001000000000001000000000000000100000000000100000
000000001000000000001000000000000000100000000000000000100000000100010000
000000100000000000000000000100000000100000011000000000000000000000000100
000100010000000000000000000000000000000001100000001001000000000000000000
000000000000000110000000000000000000000000000000000000001100001000000001
000000000000100000100000000000100100000000000000100000000000010000000000
010000000000001000000100000000000000000000000000000000000000000110000100
000000000000000000001000000000000000000000000000001100000000100010100000
010000000010010100000000000000000000000000010100000000000000000000000000
000000000000000000100000010000000001000000100000010000100000000000000000
000100000000010000001000000000000000001000000000100000000000000000000010
000000000000010000001000000000000000000000010000000010000010000001000000
000000001001000001100000000000010000000000000000000000000000000000100000
100000000000000000000000000000001000010000000001001000010000000000000000
000000000000000001000001110000000000000100001000000000000000000000000000
000000000001001100000000101000000000000000000000000000010000000000000000
000000000001000000001000001010000000000000000001000001000000000000000000
000100000000000000000100110000000000000000000000001000000000000000000001
100000100000000010000000000000000000000000000010001000000000000001000000
000000001000000001001000000000000100000000100000000000000000000000000001
000000010000000100100000001000000010000000000000000000000000000000010000
100000000000010000000011000000000000000000000000000000001000000000000001
110100000000000000000000000001000000000001001000000000000000000000000000
000010000000000000000010000000000000100001000010000000000001000000000000
011000000000000000000000000001100000000000000000000000000000010000000100
100000000000000000000000000000000001000000010101000000000000000000000001
010000000010000000100000000000000000000000000001000000001000000010000000
000000000100000000000000000000000010010000000000100000000001000010000000
001000000100000000000000000000100000000000000000000010000000000000001010
000000010000000000000001000000000000000000001000010000000100000000000001
000000010000000000000100000000000000000000000100001100000000000000001000
000000000000000000000000100000000101000000011000000001000000000000000000
000001001000000000000000000001000000000000100000000000001000000000000100
000000000010100000000000000000000000000010100001000000000000001000000000
001001010000001000000000000000000000000000000000000010000001000000000000
000000000000000000000000000000000000000000000001010110000000000000100010
000000000000100000000010000001000000000001000000000000000000010001000000
000000001000011000000000000000000000000000000000000000000001100000100000
000000000000000000001001000001000010000000000000000001000000001000000000
000000000000000000001000010001000000100000000000000000000000000010010000
010000100000000000000000000000000001010000010000000000000000010000000000
100001100000100000000010000100000000000000000000000000000000000000000000
000000000100000000001000000001000000000110000000000010000000000000000000
000010000000000000000000100000000000000100000000000000100000000000101000
000000000000010010000000000000010000000000000000000000000000000000001011
000000000000000100100000000000110000000000000000000100000000000001000000
010100001000000000000000000000000000000001010000000000100000000000000000
000000000000000000000000000000001000001000000000000000101000000010000001
000000000000000000000000000000000100100000000100000001000001000000000100
001000010000000000001000000000000000000001000000000000010000000000000001
000000010100000000000000000000000000000000100000000001001000001000000000
000000000000000000000000000000100000000000100100001000100000010000000000
000100000000000000000101000000000000000000001000000001000000000000010000
000000001000000000010001000000001001000000000000000000010000000000000000
010000000000001000000000000000000100000000000100000000000001000000000100
000000001000000000000000011001000000000010000000000100000000000000000000
000000101000000001000000001000000000000000000001000001000000000000000000
000000000000000000000000000000001000000000000000000001000000000100001110
000000000000000000000000000000010001001000000000000000010000000000001010
000000000010100000000001000010000000000000000001000000000000000000000010
000000000000000001000000000000001010000100010000000000000000100000000000
000000000000000000010000000000000000000100000010000001000000000000010001
000001000000000100000000010000000010010000000010000000000000000000000000
001000001000000000000000000100000000000000000010000000001000010000000000
000010000000000000000010000000000000100000000000100000000001000000001000
100000000000000000000001000000000000000000010110000100000000000000000000
000000000000010100000000010000000111000000000000000000000000000000000000
000001000000000100000000000000100001000000000000000010000000100000000000
000000000100000000000000010000000000010101000000000000000000000000000100
000010000000000100001000000000000000000000001000000010000000001000000000
000000000000000000000000010000100000000000010000000011000000001000000000
010100000000000000000000000000000010100000000000000000100000000010000000
000000000000000000000000101000001000000000001000100000000010000000000000
010100000000000100000100100000000000010000000000000000000000000000000000
100001000000000000000000001001000000000000100000000000000000001000000000
000000010000000000001000000000000000000000000100010000010000000000000010
000100001000000000000000000000000100000000000000000100000110000000000000
000000010000001010010000000000000000001000010000000000000000000000000000
000000000001000000000100000000100010100000000000000001000000000000000000
000001000000010000000010000001000000000000001000000000000000000100000000
001000001000000000000000000100000000000000000000000000010010000000010000
000000000000000000000000000000101000011000000010000000010000000000000000
000000000000000100000000010000000100000000000000000000000100100000000010
000000000000000001000000000000000000000000000010000001000000010001001000
000001000000000000000000000000000000000000010000000000110100000001000000
000000000000000000000000000000000000000100110001000000000000000010001000
000000000000000000000000100001000000000000000100010000101000000000000000
100000000000000000000100000001000010000000000000001000000100000000000000
000000000110000000100000000000000000001000000000001000000001000000000000
000010000100000000000000000000011000000000000010000000000000000000000010
000000001000000001100000000000010000000000100000000001000000000000000000
000100000000000000000010000010000000001000000000000001000001000000000000
000000000000001000000000000000000100000000010000000000000101000000010000
100000000001000100010000000000000000000000100000000000010000000000000000
000000001001000000100110000000000000000010000000000000000000000000000000
000000000000001000000000000000000001000100000001000100000000000100000000
000000000001000001000000000100000100000000101000000000000000000000000000
000000000000010010000000000010000000000000100000000000100000000000010000
100000000000000000000000000000000001000000000000000000001011010000000000
000000000000000001000000000010001000000000001110000000000000000000000000
000001000100100000000000000000000000000000000000000001000110000000000000
000100000000000001000000000000000000000000010000010010000010000000000000
000001100000000001000000000000000000000000000000100000000100000000000001
000000000000000001000010100000000000000001100000000000000010000000000000
000000000000000000000010010010000000000000010000000000000001001000000000
000010011000000000000010000001000000000100000000000000000000000000000000
000000000000000001000000000000010000001000000000000010010000000001000000
000000010000000000000010000000000000000001100000000001010000000000000000
000000000000000000000000000010000000010100001000000000100000000001000000
001000000000010000000000000000100000000010000000000000000001100000000000
000000100000000000000000000001000000001001000000000000000100000000000010
000000000001000001100000000000000000010000010000000001000000000000000000
000000000000000000000000000000010000000010000000000101010000000000000100
000000000000000000000000000011000000100000000010100000000000000100000000
100010010000000000000100000000000000000000000000000000000000000001001000
000000000000000000000000000001100000000001000000000000000100000001100000
000001000000000000000000000000000000000000011001100000000001000000000000
000000000010000000000000001010000000000000001000000000010000000100000000
000000100000000000000000100000000000000000000100000000000001000010000010
000100000000000001100000000000000000001001000000000010000000000000000000
000000000010000000000000000100000000100000000000010000010000000100000000
000000010000000000010100010000000000000000000000000000000000000010001000
000000010010100000000010000000000100000000000000001000000000000000000000
000010000000000000000000001000001000001000000000000000001100000000000000
000000000000000100000000010000000010010000010000000000000000000010000000
000000000000000000000000000000000000000000000100011000000001000010100000
000000100010000000000000000000000000000001001000010000000000000000001000
000000000000100001010000000000000000010010000000000000001000000000000000
010000000001000000000000000100000000000000010000010000000000000000000001
000000000100000000000000001000000000000000000000000100000100000001000001
100000000000000000000001001000000000010000000010000001000000000000000000
000000000000001000000000000010001000000100000000000000100000000000000001
000000000001000000000000000010000000100000000001000000000000000000011000
000000000000000100000000000011000000000000010000000000000000100000100000
010000000000001000000000001000000000001000100000000000000000000000100000
000000000000000000001000000000000000010000000000000000100000000011100000
000100000010000010000000000100000000000000000000101000000000000000000000
010000000000100000000000000010000000010000001000100000000000000000000000
000000000000000100100000000000000000100000110010000000000000000000000000
001000000000000000000000000000000000110100000010000000000000010000000000
001000010000000100000000000000000000000000100000000000000000011000000000
000000000000000000000100000000000000000000000000000100001010000001000010
000000101000000010000000000000000000100000010000000000000000000000100000
000000011001000000000000000100000000000000000100000000001000000000000000
000000000100000110000000000000010000010000000000000000000010000000000000
000000000000010000000001000000000000000000000011100000000000000000001000
000000000000010001100001001000000000000010000000000000000000000000000000
000000000000001000000010000100000100000000000000010001000000000000000000
000000000000000000000000010000100000000100000000000000011010000000000000
000000010000000000000000000000000001000101000001000000000000100000000000
000010010100000000000000000000000000000010000000100001000000000000000000
000000000000001000000000000000001000000000000110001000000100000000000000
100000000100100010000000000000000000000000000000000000000001000000100000
000000000000000001010000000000000100000000000000001000000000011000000000
000000100000000100000000000000000000000010000010001000000000000100000000
000000000000010100000010000000000100000000000000000010001000000000000000
000000000010000000000100100000000000000000000000010000000000100000100000
001000000010000000000000000000000000000000000001000010000000100000100000
000000000000000010000000100000000000000000001000000000000010000000010100
000000000000000010000001010000000000000000000001000000100010000000000000
000000001000000010000000000001000000001000000000100000100000000000000000
000100010000000000001000000010001000001000000000000000000000000000000000
000000000000001000000100000000000000000000000000001100001001000000000000
000000100000001000000000000000000000001000000000000001000100000000000001
100000000000001001000000000000000000000000000000000001000000001000000100
000000000000000000010000000000000000000001000010000000000100000000011000
000001010000000001000001000000000000000000000000000000010000000000000100
001100000010000000000000000000000001000000000100000000000100000000000000
000100000000010000000000100000000000000000001000000010001000000000000000
000000001000001010000000000000000010000000000100000000000000100000000000
000000010000000000000000000100101000000000000000100000000000000000000001
000000000000010000000000000010010000000000000000001000000000000100010000
000001001000000001000000000000001000000000000000000000000000010001000000
001100000000000000000000010000000000000000000001010000000000000000000001
000000000000001000010000000000010000000000000001000000100000000000000100
000000000010001100000000100000000000000001000000000000100000000000000000
000000000010000000000100000000000000010000000000000001110000000000000000
000100001100100000000000000000000000000000000000000000000010000001000000
011000000000000000010000000000000000001000001000000000001000000000000000
000000000000000000000000000000001100000000110000001000000100000000000000
000000000000000000000000000000000010000000000000010000010100000000101000
010000000000000101000000000000000000000010000000000000000000000001010000
000000000000000000000110100000000000000000000100100010000000000000000000
001000000000100001000000000000000000000000000000000000011000000000010000
000000000001001000000100000100000000000000000000000011000000000000000000
000000000000001000010000000000100000000000000000000000100110000000000000
000000000000000000000000000000000000000000010000000000010110000001001000
000000000010000000000000000000000000001000110000000000100000010000000000
000000000000000001000000010110100000000010000000000000000000000000000000
000000010000000000000000000000001000000000000010001001010000000000000000
000000000000011000000000000000000001000000000000001000100000001000000000
000000100000000000000000001000000100000000010000100000000000000000010000
000000000000000000000000000010010000000000001010000000010000000000000001
000000000001000001100000100000000000000000001000000000010000000000000000
000010000000000000000000000001000000000001000000000100000101000000000000
000000001100000000000001100000000000000000000000110000000000000000000000
000000000000000000000000000000100001000000000000010000000000101000000010
001000000000000000000010000000100000000000000000001000000100000000000100
100000000001000001000000000000000000000000110001000000000000000000000000
000000000000011000000000000000000000010000000000000000100000000000100100
001000000000001000000000000010000000000100000101000000000000000000000000
000000000000100000001000001000010000000000000010000000000000000000100000
000000000000000000000000000100000010001000100000000000000000000010001000
000000100001000000000000000000000000000001100000000001000000000000001000
000000000000000001001000000010000000000000000010011000000000000000000000
000000000000100000000000000000000000000000000100000000100100001001000000
000000010000000000001000000000000110000000010000000000000000001000000000
000000000010000001000000000000000000010000000000010001000000000000000001
010000000000000000000000000000110000000000010000001000000000000000100000
001000000000000000000000000000000100000000010010010000000001000000000000
000000000100000100000000000000000000000001000100010001000000000000000000
000000001000000000000000000000000001000000101010000010000000000000000000
001000000010000000000000000000000010000000101000000000000000000000001000
000010000000000000100000000000000000101001000000000000000000000000100000
000000000000000000000100000100000000000000000000001000001001100000000000
000000000000000000000000000000000000000000000100100010100100001000000000
000100000100000000000000000000000000000000000001000000010000000100100000
000000000000000000001100000010000000100000000000000000000000010000000001
000000000001000000000101000000000000000000000001000000000000000000000011
010000000000000000100000000000000001001000010000000000000000000000000010
000000100000011000010000000000000010000000000000000000000000000000000001
100000000010000000010000000000000000000100000000000000000100000010000000
000000000000010000000000100000000000000100101000000000000000000000000001
000010000000000000000100001000100000000000101000000000000000000000000000
011000010001000000000000000000000000010000000010000000000000000000000000
000000000000000100100001000000000000000000100000000010000000001000000000
000000000100000010000100010001000000000000000000000000001000000000000000
000000000000100000010100000001000000001000000000000000000000000000010000
000000000000000000000000100000000000100000100000000000000110000000000010
000100000000000000000000000000000011000000010000000000000000100000000100
000000000000001010000000010000000101000000000000001000000000000000000000
000000010100000000000000000001000000100000000001000000000000010000000000
000000000000000000100011000000000000000000000001000000001001000000000000
010000100000000000000000000000100011000000000000000000000000001000000000
000010000010000000101000000100010000000000000000000000000000000000000000
100000000000100001000000000000000001000000000100010000000000000000000000
000100000000000001000000000000000000001001000001010000000000000000000000
000001000000000000000010000010000000000001000000000000000000000000100001
000000001000000000000000001000000000000000000001000100001000000000001000
000000000000000000000000110001000100000000001000000000000000010000000000
100000000001100000000000000000100000000000010000000000100000000000000000
001000000000000000000100000010100000000000000000000000000101000000000000
000010000000000000000000010000000000000001000000000000000001000000101000
000000000000100000000000000001000000000000000000001000001000001000000001
000000000000000010100010000000100000000000000000000000100001000000000000
000010010000000000000000000000000000000000001000000000000010000000011000
000000000000000000000000000000000000000000100000000010100000010000100001
000000100000000100000001000000000000000000000000000010000000000010100000
000010000000000000000001010000100000100000000000000000000000001000000000
001000000000000010000000010000000000000000000100000000010000010000000000
000000101000100000000010000100000000010000000000000000000000000000000000
000000100000001000000000000010000000000000000000000000000010001000000010
000000000000000001000000100100000000001010000000000000000000001000000000
000000000000100000001000000000000000100000000100000010000000100000000000
010000010000000000001000000001000000001000000000000000000000000000010000
000000000000100010000100000000000100000000000000100000000000000000000010
000000000000000000000000000000011100000000000010000000000010000000000010
000000010000000000000000000000001010000000001000100000000100000000000000
000001001000010000000000000000000000000000000000100000000000000000000101
010000000000000000000000000000000000100000000001000000000000000010010010
000000100000000000000000000000000100010000000010000000000010000000000010
010001000000000000010000110000000000000000000000001000000000000000000000
001000100000000000000000000000000000100110000000000000001000000000000000
000000000000000000100000100000100001000001000000000000000000000000010000
000001101000000000000000000000010000000000000000000000000000000100001000
000000000000000000000000000010010010000100000000000010000000000000000010
000000001001000000101000000000000000000000000000100010000000000000000000
000000000000001000000001010000010000001000000000001000000000000000000000
000000000000000000101100001000000000000000000000010000000000000010000000
000000000000000000001000000000100000000000100000000001010000000100000000
010000000100000000000000100000000000000000000000000000000010010000000100
000000000001000000000000000001000000000000000000010000010000000010100000
100000000000000000001000000000000000010000000000000000000000000001010100
000000000010010100000000000001100010000000000000000000000000000000000000
000000000000100000010000000000001000000000000000011100000000000000000000
000000100000000000000000100000010010000000000100000000000000000000100000
000000000000000010100000000000000000000000000000000000000100000001011000
001000000010000000000000100000010000000000000000001000000000000000001000
000000000000000100000000000000000000000000000000001000011000010000000010
000000001000000000010000100001000000001000000001000000000000000000000000
000000000000000000000000001000000000000001010000000001000000100100000000
000000000000000000000010000000000001000000110010000000000000000000000100
000000000100000000000000000000001000000000100000000100100000000010000000
000000000000000001000000000110000000000000000000000000000110000010000000
000010000000001010000000100000000001000000000000000000000010000000000000
000000000000000000000000001000000010000000010000000000100000000110000000
000000001000000000100001000000000000000000000000010000010000000000100000
000000000100000000000000001101000000000000000000000000010000000001000000
100000000001000000000000000100001001000000000000000000000010000000000000
010000000000000000010001000000000100000000000000000000000000000000100001
000000010000000001010000000000010000000000000000100000000000000000000001
001000010100000000000000000000100000000000000010000000000010000000000000
000000000000000000000010000000000010010100000000000000000001001000000000
100000000000100000000000000000000000000000000000000100000100000001100000
010000000100000010000000000000000000000000000000000100000110000000000000
000010000000000000000001000000000000000010000000000100010000000000100000
010000110000000000001100000000000000000000000000000000000000000000100000
000000000000000000000000100000001000000001000100010100000000000000000000
001010000000000100000100000000000000000000000001000000000000000000001000
100000000000000000000000000000011000000000100000000000000001000010000000
000000000000000000000001000000000000000000000100000100000000001100100000
000000000000101100000000010000000100000000000000000000000000000001000000
000000100001000000001000000000000000000000001000001100000000000000000000
100001001000000000010000000000010000000000000000000000000000000001000000
000000000000000100001001000010000000000000000000000000000000010000000001
010000000000000000000000000000001000000001000000000100000000000000010010
001000000000000100010000000001000000000000001000000000000000000001000000
000010000000010000000000000010000000000000010000000000000000010000001000
000100000000000000000001100010000000000100000000000000001000000000000000
000001000000100000010000000000000000000000001000000000000000000010000001
000000000000000011000000010000000000000000000001000000000000000001000100
010000000000000000001000000000000000000000000100001100001000000000000000
000000000000001000000100000010000010000000000000000000000100001000000000
000100000000010000000001000000000000000000001000000100100000000000000000
100000000000000000000010000000000000100100000001000100000000000000000000
000001010000000000000000010000000000000100000000000010000000000000001000
000111010000000001000000000000000000000000000000000000000000000010000000
000000000000000110010000000100000000000000000000000001000000000100000000
010010000000000000000100001000000000100000000000000000000000010000000000
000000000100000000100000000000100000001010010000000000000000000000000000
000010000000000011000000000000000000000001000000000000010000010000000000
100000001000000000000000000000000000000000100010000100000000010000000000
011000000000001000010000100000000000000000000000000000010000000000000000
000000000100000000100010000000010000000000000000000000000000000010001000
000010000000000000010000000000000000000000010000000100100010000000000000
110000001000000000000000010010000000000000000000000000100000000000000000
100000000000000000000000000000000000000000010000000100001110000000000000
001000000010000100000000000000000000001100001000000000000000000000000000
100000001000000000000000000000001000010100100000000000000000000000000000
000000000010000000000000000000000000000000010000000000100010000000000101
000000000001000001100000000100000000000000000001000000000000000000000100
000000000000000000100100000000000000000100001100000000000000001000000000
000100000000000000000000100001000010000000000000000000001000010000000000
000000000000100000000000000000001000000001001000000001000000100000000000
000000000000000000000000000001000000000010000000001001000000010001000000
001000000000000010010000001000010000000000100000000000000000000000000000
000000000100000000000000000000000000000000000100000000000101000000001100
100000100000000000000000000100000000000000100010000000000000000000000010
000000000000010100001000000000000100000000000000100000000000100000000000
001000000001010000000000000000000000000000100010000000000000000000000100
000000000000000010001000000000000000000000000000000001000100000010001000
100000000000100000000000000000000000000010100000100000000000001000000000
011000000000001000000000000000000000000000000000100000100000000000010000
000000000000000000000000100000000001001000000000000000001000000000010001
010000000000010001000000000000000000010000000000000000000000000000010010
000000000100000000000001000000000010000000000000000001000000000010010000
000000010000000000000000001000000000000000000000000010000000100001000001
010000100000001000000010000000000000000000000000000000000001000000010000
000000000000000000000101001000000000000000001100000000000000000000000010
100000000100000000000001000011000000000000000000000000010000000000000000
000000100000000000000001000000100111000000000000000000000000000000000000
000000100000000000000000000000000000000000010100000000000101000001000000
000000100001010000100000000000000000000000000000100001000000000000000000
000001000000000000010010000000000000000000010000001000000001000000000000
001000000001010000100000000000000000000000001100000000000000000000000000
000000000000010000000100000000000000100000000000001000000000100100000000
100001001000000011000000000000000100000000000000000000000000000000000000
000100000000000000010100000010100000000000010000000000000000000000000000
000000000010000000001001010000001000000000000000000000010000000000000000
000000000000000100000001000000010000000000000100001000000000000000010000
000000000000000100000000011000000010000000000000000000000000000010000010
010000000000000000000000000001000000001010000000000000010100000000000000
000010001000000000000000000000000001000100000000000000100010000000000000
000000010100000000000000000010001000001000000010000000000000000000000000
000000000000000000001000000000000000001100000000001000000001000000000100
000010000100000000000000000000100000001000000100000000000000010000000000
000000000000000000010001010000000000000000100000000000000000010000000100
000000000000000000010000000000000100000000000001000000000000000100000011
001000000000000000010000110000000000000000000000000000010000000100000000
000010000000000000010001000100100000000000000000000010000000000000000000
000000000010001000000000000000100000000000000000100000000001000010000000
100000000000000000001001000000000000000011000000000000000000000000010000
000010000000000000000000100000000000000000010000000100100000000000001000
000010000000000000000000000000000000100000000000000000000001000000110100
010001010000000000000000000000000001000000000100000000000000000010000000
001000000000001000000000000010000000000000000100000000100000000000000010
100000000000000000000000000000000000001000001001000000000000000100000001
000001000000000100010000000000000000000000000000000010000000001100000000
000010000000000010010000000010000000000000100000000000000000000100000000
000100100001000000001000000000000000000000000000000100000000000100000000
100001000000000000000000010000000000000000010001000000000000010000000000
000100100000000000000000001000000100000000000000000000000000000010100000
000000000001000000000000000000100000000101000000000000000100000000000010
000000000000000000000000000100000000000100001000001000000001000000000010
000000010000000000000100000000000000000000000000000000110000001000000010
000000000100000000000000000100010000000000000000000000100000000100000010
000000000000000000000101000000000000000000000000000001011010000000000000
000000000000000000000000000000100010000010000000011000000000000000000100
000001000000000000000000000000000000000000001100101000000000000000000100
000000000010000000001000000000000001000000001000000000000000010001000000
010000000000000000000001010010000000000001000000000000000000000000000010
000000001000010000010010000000000000000010000000000000100000000000000000
000000000001001000000001000001000000000000001000000000000000000000000100
000010000000000000001000000000000100000000000010000000000100001000000000
000000000001100000100010000000000000000000000010000010000000000000000000
000000000000000000000000000000000000000100010101000000011000000000000000
000000010100000000000000000000000000001000000000000000000001001010000000
000000000000001000001000000100000000000100000000010000001000000000000000
000101000000000000000000000000010000000000000000000010110000000000000000
000100001000000000000010000000000001000000000001000000000000000000001000
000000000000000001000000000000000000100000010001000000000000000011000000
000000000001000000000000000010000000000000100000000100000000010000001000
000000000000100000000011000000000000001000000000000000000000000100100000
000001010000000000000000000000000000000000000000000000110100000001000000
000000000000000000000001000001000000010010000000000000000100000000001000
000000000000010000000000000100000100000100000000000001100000000000000000
000000000000010000000000000010000010100000000000100000000000000000100000
000000000100010000001000100000000000100000000000000000000000100000000000
000000011000000000000001000010010000000000000000000000000000000100000000
000000000000000000010000000000000000000101000000010100001000000000000000
000000000000000000000000000000000000010001001000010000000000000000011000
000000001010000000000000000000000010000000000010000010000000000001000000
000000001000001100000000000000000000000000000000000000100100000001000000
000000000000000000000000000000100000000000000100000000000001100010000100
000000001000000000000010000100000000000000010000100000000000000100000000
000000000010010000000000000000000000000000000000001100000010000000000010
000000000000000000000000000000000000000001110000000001010000100000000000
000000000000000000000000001000001000000000000000000001000000000011000010
000000000000000000000000000000101000000100000000000000011000000000000001
110000000000000000000100000000000000000011000000000010000000000000000000
100010000100000000000000000000010010000000000000001000000000000000000000
000000000010000000000000010100000000000000100000100000000000000000000010
000010000001100000000000001000000000000000000000000000000001000010000000
000010000000000000100000010000000000000001100000000000000000000010000000
000100000000000000000000000000010000000000000000010000000000000100001100
001000000000000010000000000000010000000010010000001000000000000000000000
000100000100100000000000000000000000000000110000000010000000000000000000
000000000001010000100000000000000000001001100000000000000000000000000000
001010000001010000000000000000000000001000000000000001000000000000000000
000000000000000000000000000000000000000000100000000000101001010100000000
000100000000000101000000000000010001100000000000000000000000000000000000
000001000000000010000010000000110000000000000000001000000000000000000000
010000000000000100010010000000000000000001000000001000000000000000000000
000000000000100000000100000000010000010000000000000000001010000000000000
000000000000000000100000001010000100000000000000001000000000000000010000
000000000000100000000000101000000000000010000000000000000100000001000000
000011000000000000001000000000000000000000000001000000100000001000000000
000000000000000000100000000000000000001000000000000000100000100000100100
010000000000000000100000000000000010000000000001000000000000000000001100
000000000000001000000000000000100000000100001000000000000010000100000000
000000000001010000000000100000000000001000000000001000010000000000000000
001000000000110000000000000000100000000000000000100000000000000010000000
000000010000100000000000001000000000010000000000001000000001000000000000
000000000000000000000000000000000000000000001000000000100010001000010100
000000000000010000000100000000000000000000000000001000001100000001000000
001001100000000000000100000000010000010000000000000000000000000000000000
000000000101000000000000000000000000000000000000100000000100101000000000
100000000000001000000000000000000000000010001000100000000000100000000000
000000010100000000000000010000001000000000000000000010000010000000000000
000000000001000000000000000000000000000100000000000110000001010000000000
000000000001000000010000000000010000101000000100000000000000000000000000
000000000000100100011000000010000000000001000000000000000000000000000000
000000100000000000000000000000000000000000000100000000100000110000100000
000001100000000000000000010010000000000001000000000000000000000100000000
000000000000000000100010000100000000000000000000100000000000000001000001
000000000000000000001000000000100000000001100000000000000000000100001000
000000000100100000000000000000000001010000000000000100000010000000000000
010000000000000000000000000000010010010000000000100000000100000000000000
010000000000000000100000000000000000010000000110000000100000000000000000
100010000000000000010000000000000000000000000100000000000000000001000100
000001000000000001000000000000000000000000000001011000000000010000000000
000000000000000000000000100000000100010000000001001000100000000000000000
000001000100000100000000001000000100000000000000001000000000000000000000
000000000000000000000000001100000000001000000100000000000100000000000100
000000001000000000000001010000000010000000000000000100000000010000000000
100000000010000000000000000000000000000000000100000000100000010100000000
000000000010000000000000000100000000000100000000001000000010000000000001
000001000100001000000000000000000000000100000000000000000001000000000100
000100000000000000000000000000000000000000100000000000010000000100010100
000001000000000000001000010000000010000010000001000000000000000000000000
000000000000000000000000000000000001100000010101000000000000000000000001
000000000100000100000010000001000000000000000000000000000000100000000010
000000100000000000000000000001000000010001000001000000000010000000000000
000000000100000000000000100000001010010000000000010000000000000000000000
000000000000000100010000000000000001000011000000000000001000000000000000
000010000001000000000001000000001000000000000000000001000000000000100000
000000010000000000010000000000000000000000000000001000000100000010000100
000000000100000100000000101000000100000000000000000000000000000000000001
000101010000000000000000100000000000000010000000000000000000000000000010
001000001000000000001010100000000000000000000000000000000000000000000100
000000000000000001000100010000010000000000000000000000100010000000000000
100000000000110000000000000000000000000010000000000000000010000001000000
000100000001000000000000001000000000000000000000000000000000000100100010
100000000000000000000000000001000000000000000001000000000010000100000100
000110000000000000000000000000000000010000000000100000010000010000000000
100000000010000000000001000000000000000000000000001000010000000000000100
000000001000000000000010100100000000000100000000000000000000100000000000
000000000000000000000000100001010000000100000000000000000000001000000001
000010000100000000000000000000010000000000000000000001000001000100000000
000000010000001000000000000000000010000001000000100001000000000000000000
000000000000000000010000000000100000000100000000010100000000000000000001
000000010000000000000010100000100000000000010000000000000010000000000000
000000000000000000000000000001010001000000100000000000000000000010001000
010000100000000000000100001000000000000001100000000000000000000000000000
000000000000000000000000000000010001000001000000000010000000001000000100
000000000101000000000000000000000000000000000011000000000000010000000001
000000010000000000100000000100000000100000000100000000000000001000000000
000000000010000000010010000000000000000000000000000000100000001000000001
000000001000100000000000000000000000000000000000001000100000000010000100
000000000100100000000010000000000000001000000000010000000000000000000001
000010000000000000000000000000010000000010000000000000100000000000010001
000000001000000000100000000000000000001000000000100000000000101000000000
000000000000000000000000001000100000010000000000100000000000010000010000
010000000000000000000000000100000000000000000000001000000011000000000100
000000100000000000000000000000000010000101000000000000000000000000010100
000000000000000000000100000100000000000000000000000000100000010100010000
000000000000000000010000000000000000010000000001000010000100100000000000
000000100000001010000000000000000000000000000001000010000010000000000000
000000000001000000000000000000000000000000001100000000000100000011000000
100000000000000000000000000000000000000000000000000000100010000010011000
000000000000000000010000000000000000000000000000010001000001000001001000
000001000000000100000000000000000000000000100000100000010000010000000000
000000000100000000000000000100100010000000000000000000000100000000100000
001000000000000000000001110000000000000000000000000000000000000010010000
000000000000000000000000000100000000000010000010000000000000000101000001
000000000000000100000000000000100001100010000000010000000000000000000000
000000000000000100000010000000000000100010000100000000001000000000000000
000000011000000001000000000000000000010000000010000000000000000000010000
000000000000001010000000000000000000000100000010000001100000000000000000
000000000100000000000101000000000000000000000000100000000000010000000001
001000000001000000000000000000000010000000000000000000000000010010010000
000000001000000010000010000000000000000000000010000000000000001001000000
000000000010000010000000100000000000000010000010000000000000100000000000
000000000000000000000010001001000000000000100000000000000000000000000011
001000000000100000000100000001000000000000000000000000100000000000001000
000000010000000000000100000000000000000000100000100100000000000000000001
000011000000000000000000010010000001000000010000000000000000000000000000
000000000000000000010100000100000000000000000010000000000000000011000000
000000000000000000000001000100010000000010000100000000000000100000000000
001000000000000010000000000000000000000000000100000000000001001100000000
000000000000000010000000000011000000000100000000000001001000000000000000
000000000000100000000000001110000000000100000000000000010000000000000000
001000000000000000000000000101000000000000000000001000000000000110000000
001000000000000000000000000000100100000000000010000010000000010000000000
000000000000000000000000010000001000000000001000010000000000001010000000
000000000000000000000000000001000010000000000000100010011000000000000000
000000000001000000000000000100000000000000000001000010000000000101000000
000000000100000000000000000000000000000000010000000001100000010001000000
000000000000100000001001000000000000000001000000001000000000010000000000
010000000000111000000000000000000000000000000100000000000000001000000000
000000000000010100000000000100000000000000001001000000000000100000000000
100000001000100000000000000000000000101000010000000000000000000000000000
000000000000001001000000000000001010000000000000000000010001000000000000
000000000010010000000000000000000000000000000000100000010010000001000000
000000000001000000000000000000000100000000001100000000000000000000001001
100000000000000000000100010000001000000000010000000010000000000000000000
000001000000100000000000001000000000010000000000000010000000000100000000
000000001000100001001000001000000000000000000000000000000000000000001000
000000000000000000000110000000001000001000000000000000000000100001000000
000000000100000100000000000110000001000000000000000000000000000000100000
000000000000000100000010000000000000000000000000000001000100100000100000
000000000000000000010001000000000000011000000000000000100000001000000000
000000000000000100000000100001000000000000001000000000000000010000000010
000000000000000000000010000000000000100000000001000100000000000100010000
000010100001001000000000000000000000010000000000000100000000000000000000
001000000000100000000010000000000000000000000000101000000010000000000000
000100000000000000001000000000001000000000000100000000000100000010000000
000000000000000010000000000010100000000000000100000000001000000100000000
100000000000000100000000100000000000000000000000000000000000010101000000
010010000000000000000000000100000000100000000000000000000100000100000000
001001000000100001000000000000000000000010000000000000000000000000000001
000000001000000000010000000000000010000000010000000000000000100001000000
000000000000000000000000010000010000000000010001000000000000010100000000
000000000000100000000000000100100011000000000000000001000000000000000000
000000000000010000000000010000000000000010000000000100000000001000100000
000010100001000000000000000000000001000000000000000000000000000101000000
001001000000000000000000001000000000000010010000000000000000000000010000
000000000001000000000010001000001000000000000000000000100000000000000100
000000000000000000000001000000101000100010010000000000000000000000000000
000001000000100100000010000000000000010000000000000100000000000000000000
000000000000000001000000010000000100000001000000000000000100000000000010
001000000000110000000010001000000100000000000000000000000000000000000000
000000001000010000000000000000000000000000100000010000000001000000001000
000000010000000000010000000000000000001000001000000100000000000000000001
000000000000000000000000001000000001000000000000000010000001010000000010
010000100110000000000000000000001000000000000000000000000000010000000000
000000100000000000000000000000000000000010000000001010000000010000010000
000000000100000100000010000000100000000100000000000000000000010000000000
100000000000000001001000000000010000000000010000000000000000000100000000
000000000000000000000011101000000000000000000100000000000000001000000000
010000000010000000000000000000000000000000010000000001000000100000000100
000000000100000000000000000000000000000010001000000001000000000001000100
000000001000000100000000000000000000100001010000000000000000000000100000
000000000000000000100000100100000000000000000000100000000010100000000000
000000010000000000100000000000001100010000000000000000000000000000000100
100000000100010000000000000000000000100000001000000010000000000000000000
010000000100000000000100001000000000000000000000100000000000000010000000
000001010000000000000010000000001000000000001000000000000000000010000000
000000101100000000000000100000000100000000010000000000000000000000000000
001000000000000000000000100000001000000000000000000000001001000100000000
000000001000000001000000100000000000001000000000000000000001000000001000
000000000101000001010000000000000000000000000100001000000000000000000000
000000000000000010010000000000001000001000000000010000000000000000010000
000000000000000100000000000100000000010001100000000000000000000000001000
010000000001000000000000000000000000100000000000000000001010001000000000
000000001000010000000010000000000000000010000000000000000000001001000000
000000000001001000000000000001010000000010000100000000000000000000000000
000100000000010000000000000000000000000100000000100000000000100000001000
000000000010000000000000000000000100100000000000100000000000010000000100
100100000000000000001000000000011000000000000000000000000000000000001000
101000000100000000000000000010000000000000000000000000000000010001000000
000100000000000000000100000010000000000000000000100110000000000000000000
000000000000000000000000101010000000010000000001001000000000000000000000
010000000000000000000000000010000000000000000000000000100001000000100100
000000010000000000010000001000000000001001100000000000000000000000000000
000011000010000000000010100000000000000010000000000000000000000000000000
000000000000001010000000100000100000001000000000000000000000010000000000
000000000000000000001000000010001000000010000000000010000000000000010000
010101000000000010000000000000000100000000000000000000000000100000000000
000000001000000001000000000000000000100100000000000000000000010000000010
000100001000000000000100000000001001000010000000000000000000000000000000
000000000000000010000000000000000100000000000010000001001100000000000000
000000001000000001100000000000000000000000100110000000000000000000000000
000010000000000000000000000010000000000000000000001000000000000100110000
000000001000100000000000000000000000000000000000000000100001000100001000
000100010000000000000000000000100000000000100100000000000000000010000000
000010000010000001000000000000000000101000000000000000000001000000000000
000000010000000010000000000000000000000000000000000110000000100000000010
000001000000000000000001000000010000100000000001000000000000100000000000
100000000000001000000101010000000000000000000000000000000000000000001000
000001000000100000000000000000000000000100000000000110010000000000000000
000010000100000000000001001000000000100000000000000000000000000000100000
000000000100000000000000010000001100000000000000000000000010000000001000
010000000000000100000100000000000000001000000000000000000100001000000000
000000000000000001000000000001000000000100100000000010000100000000000000
010000000000100000000000010100000001000000000000000001000000000000000000
001000000000010000000000010000001000000000100000000000001000000000000000
000000000001000001000000000000000000000000001001000001000000100000000000
100000000000000010010000001000000000000000000010000000000000000000001000
000100000001000001000000000001000000100000010000000000000000000000000000
000000100100000000101000000000000000000000000000000000010000000000000100
000000000001000000100000000000000001000000000000000000000100000100000001
000000001000000000000000001000000100000001000000000001000000000000000001
000001001001000000000000000000000000000000000100000001000000000001000000
000000000010010000100000000000001001100000000000000000000000000000000000
000000001001000001000000000000100000010000000000000000100000000000000000
000000000010000000000000000100000000000000000001000000010001000010000000
000000000100010000000000000000100000000000010000000001000000000000000001
001000000000000101000010000000000000000000000000000000000000001010000000
000000000000100000100001000000000000000000000000000001001000010000000000
000000100000000000001000000000000000000000101000001000000000010000000000
000000000000000000000100000011100001000000000000000000000000000000000001
000100000000000000000000010000000000001000000000011010000000000000000000
000000000110000000000000011000000000000010000000010000000000000000000000
000100000000000010100000001000000000000000000000001001000000000000000000
000000000010001000000100000000000100000000000000000001001000000000000000
000000000000000000000000010000001001000000000000110000000000000000001000
000000000000000010000010000000000000000000000000001100000000000001000001
110000000000000000000000011000000000000000000000000010000000000000000010
000000000000000000000010000001000000000011000000000000100000000001000000
010000010000010000000010000000000000000000001000000000000000000010000000
000000000000000100000000000000001000000001000000000000000001010000000100
000010000000000001000000000000010000000000010000100000000000000010000000
001000000000000000000000010100000000100000000000000000000000000000100100
000100000100100000000000000000000000000000000010000000000101000000000000
000001000000000101000000100000000000000000000000000000001000000000010000
000000000001000000000000000000000000100010000000000010000010000000001000
000000010000101010001000000000000000000010000000000000000000000000000000
000000000000000000001000000000101000000001000000000000000110000000000000
000000100001000000000000000000000000000000000000000100000000110001000000
000000010100000000000001010000000000000000000000100000000000000000010000
000000000000000000000000000010001000000000000000000000000100100110000000
100000000000000001000000000000010000000001000000000000000000000000001010
001100000000000000000100000000000010000000000000000000000010000000000100
010000010000010100000000000100000000000000000000000000000000000000000001
010000001000000100000000001000000000000000010000000000000000010000000000
000000000000000100010000100000001000000101000000000000000000000000000000
000000000000000101100000000010000000000010000000000000000000100000000000
000000100000000000010000000100000100000000000000001000001000000000000000
001000000001100000001000100000000000000000000000000000000000010000000000
000000000010010000000000000011001000000100000000000000000000000000000000
000000001000000001100110000100000000000000000000000000000000000000000000
010000000000001010001000000000000000000000000100000010000000000000000000
000100000010000001000010000000000001000000000000001000000000000000000000
000000010000000000000000000010000000010000010000000000000101000000000000
000000000000000000000010000110001000010000000000000000000000000100000000
000000000010010000000000000000000001000000000000000100000010000001000000
000001000000010000010001000000000000000000000000000000000000000010000010
100000000000000000001000000000000000000001000000010001000100000000000000
000000000001100000000000001000000000000100000010001000000000000000000000
000000000000100000100000000000000000001000010000010000010000000000000000
000100000000101000000000000010000010000000000000000000000010000000000000
000000000100010000000000000010000000000000000000100000000000100000000010
000000000000100000100000000000000000000000000000000000000101001000000100
000000000000000000100000000000000000010000100001000001000000000000010000
000010000000010001000000000000010000001000000000001000000000000000000000
000000000000100000000000000100000000010000000000000000000001010000000010
000000000000010000000000000000000000000010000000001100010000010000000000
001000000000000010000010010000100000000000000000000000010000000000000000
000000000001001000000000000000000000000000000011000000000000100000000001
000000000100000100000001000000010000000000000000000000000000000010000010
000001000000100000000001000000000010000010000000000000000000010000000000
000000000000001001000000001000000000010000000000001001000000000000000000
000000000000000000000000000011000000000000000001001000000000001000000100
000000010000000000000000000001010000000001000000100000000000010000000000
000000000010000000000000000000000000000000000000000000100100000110010000
000000000010100000010000000000000000000000000000000000100000000101000000
000100000000000000000000010000000010000000000000100000000000000100010000
010000000000100000000001000000000000000000000000000000100100000000000001
000000100000000000000000100000000000000000000000010000000010000010000010
000000000000000000000000000000001100000100000000000001000000100000001000
000000000000000000100010000101000000000000000000001000000000001000000000
000000000010000000000010000000000000100001000000010001000000000000000000
000000000100000001000100000000000000000000000001000010000000000100000000
010000000100000000000000000000000000000000100000000000000000001001100000
000000001000000001000000000000000000000000000000000000000000000010110001
000000100000000000000000010000000010000000010000000000100000000000100000
000000000100000100000000100000100000000000001000000000000000000000010000
000000000010000000000000000000000010001000000010100000000000000000010000
001000000000000010000001000000000000000000010000000010000000000000000100
000100010000000000000000010000000001000100000000000000000000000000000001
000001000000000000000000000100000000000001000010000001010000000000000000
000000000100010000000000001000000000001000000000001000000000000100000000
000100010000000000100000000010000000001000000000000000000000000000001000
000001010000000000000000000010000000000000000001000000000011000000000000
000010000000000000000001000000000000100000000000000010000000100000010000
001010000000000000000000000110000000000000000000000000010000010000000000
100000000010000000001000000000000010000000000000100000000000000000001000
000000000000000000000001000000000000100011000100000100000000000000000000
000100000000000000100000000000000000100010000000000000010000001000000000
000000000000000000000000000111100100000000000000000000000000000000010000
000000000001000000001010000000100000000000000000000000000001000100000000
000010000000000000000000000000000100000100000000000100000000011000000000
000000000000000000000001000000010100000000000101000000000000001000000000
000000000001000000000000000000100000000000000000000000000100010000110000
110000100000010000000000000000000000000000000000000000000101000000000000
000000000000000000010000000000001000001000001000000000001100000000000000
010001000000000000000000010000110000000000000000000000001000000000000000
000000001000000000000011000000000000000100000001000000000001000000000000
000000000000000000000010000000000000100000001100000000001000000000001000
100000000000000000000000000000000000000010000000001000010000010000000001
000000000001000000001100000010000000000000000000000000000000000001000010
000000100000000000000000000000000000000000010001000010000000100000000010
010000000010100000000000000000000000000000000100000100000000000000010000
000011000000000000000000000000010000000000000000000010000000000001000010
000000100000000000000000000010101100000010000000000000000000000000000000
010000001000000000100000000100000000000001000000000000000000000010000000
000010000000000000100000001001000000000000000000000000010000010000000000
000000000000000000000000000011000001010000000100000000000000000010000000
001000000100000000000001000000010000000000100000000000000000000000000001
000000000000000000000000001000000100010000000000001000100000000000000010
010000100000000000100000000000000000000000000000000000100000000000101000
000000000000000000010010000000010000000000000000000000001000000001100000
000000000010000100000000100000000000000011000000000000000000000000000100
000000110000001000000000000000000000100000000010000000000000000000100000
001000001000000010000000000000000000000000000000000001000000000010100000
000100000000000000000000001000000100000010000000000000001000000000001000
000000000000000000000100000000000000101000000000010000010000000010000000
000000000000000010000100000000000001000000000000001000110000000000000000
000000000000000010000000000000000000000000000000100000000000001000010101
000000010000000000000000000000000100010000000001000000100100000000000000
100000000000000000000100000000000001000000000001000000010000000000010000
000000000000000000000010000000000000000000000010001000010000100000000010
010000001000000000000110000000000000000000000000010000000000001000000000
100000000000000001000000000000000000000000001010000000000101000000000000
100000001100000000000000000000000000000000000001000100010000000000000000
000000000000100000000100000000010000001000000001010000000000000000000000
000000100000000000000000100000011000000100100000000000000000000000000000
000000000000000000000100000001000000000000000010100000000000000000000110
000000000000000000100000001000000100000000000000000010000100000000010000
000001000010001010100000000000000000000000000000000000000000001000000000
000000000010010000000000100000000000100000010000000000001000000000000000
000010000000000000000000000000010000000000000000000100010000000000100100
100000010011000000100000000000000000001000000000000000000000000000000000
000000000000001000000000000000000000000010000010000001000000010000001000
000000100000000000000000000000000000000000010001000000000100000001001000
000000000000000000100000000010000000000000000001000000000100000010000010
000000010000000100000000000000000000100000000001000000000000100000100000
000000000001000000000001000001000000000000000010010100000000000000000000
000000000000000000000000001000000000000000000100000000100001100000010000
100110000001000000000000000000000000000000100001000000000000000000000000
000000000000100000000000010000000100000000001000001000000000100000000000
001000000000001100010000000000000000000000000000000000010000000010000000
000001100000000000010000100000000000000000010000000000000100000000000000
100000100000000010100000000000000000000000000000000100000100000000000000
000100000000000000001000010011000000000000010000000000000000000000000000
000000000110000000000000110000000000000000000000100000000000001000000000
000010000000000000000100100000001000000000001000000000010000000000000000
000010000000001000000000000000000000000000000100010000000000100000000010
000000000000010110000000000100000100000000000000000000000000000000100000
000000000000000000000000100000000010000100100100000000000000000000000100
000000000000000010000000000000000000000001100000100000010000000100000000
000000000000000000000000100000000000000000000011000010100000000010000000
000000000000100001000000010000000000000001000001010000000000000000000000
001000000000001000000000100000010000100000000000000000000000000000010000
000000000000000000010000100000001000000000000001000000001000000000100000
000000000010010100000010000000000000000000010100000000000000000000000000
000000010000000000000000000000010010000000000000001000000001001000000000
000000100000000000000000100000010100000010000000001000000000000000000000
000000000000000001000000000000001010000000000000100100000000000100000000
000100000000001110000010000000000001000000000000000000000000000000000000
000010000000000000000100100000000010000000000010100000000000000000000000
000000000000000000000000000000100010000100001000000100000000000000000100
001000000100000000000010000000000010000100000000000000010000000000000000
000000000000000001000000000001001000100000000010000001000000000000000000
000000000000000000000010000010000000000000100000000001000100000100000000
000000000000100000000000000000000010000000001001000001000000000100000000
000010000000000000000000000000000000000000100000000000100001100000000010
000000000000000000100000000000000000010000000100000000000000001100001000
000000000010000000001101000000000000000001000000000000100000000000000000
000000000000000000000000010000000000100000100100000001000000000000100000
000000100000000000000000000001000100000100000000000000110000000000000000
010000000000001000000000010001000000000000000100000000001000000000000000
000000000001000000010000000000100000000000100000000000000010000010000000
000000000000000000010000000100000000000000000110000000000000000101000000
000000000100100100000000100000000000000001000000000000000000000000000001
000000000000000000000000000001000001000000000000010000000101100000000000
000000000000000000001000001100000000000000000000000000100001000100000000
000000000000001000000000000001000010000000100000000000000000100001000000
100000100000100000000000000000000000000000000000000000000001000010100000
000010000000001000000011000000000000000000000000000000000000000000000011
000000000000000100000000010000000000000000000000100000100000000000100010
000001000000010000000001010000000000000000000000000010000000000000000100
000001000000000000000000000000010011000000010000000000000000000000000001
000000000001000000000000000000000000000100001001001000010000000000000000
000010010000000010000000000000000010000000100000000000000000000000000001
100000110000000100000000100000000000000000000000000000000000000000100000
000001000001000000010000001000000000000100000000000000000000000010000000
000000000000000000000000000010001000100010000000010000000000100000000000
000000000001100000000000000000000010010000000100000000100000000000000000
000000000000000000000000000100000010000000001010000000000000001000000100
000100000000010000000100000000000000001000000000000000100010000000000000
000000000001000000000000000000001010000000000000001000000000001000010000
000100000000100000000000000000010010001000000000001000000000000000000000
000000001000000000000000000000000000000000001000000000100000010001100000
000000000000010010000000010000010000000000000000000000001000000000010000
000000000000100000000000100100000000000000000000000000000100001000000100
000000000010000000000010000000000000000010001001000100000000000000000000
001000000000000000000000000000000010000000000011100000000100000000000000
000100000000000000000001000000000000010000000000000000100000010000001000
000000000000000000000000000000011000001000000000000000100000000000100010
000000000000110000000000000001000001000000000000000000000001001000000000
000000000000000001000001001000000000000000000100100000000000001000000000
000000000000000000000000000000000000110000000000010000100001000100000000
000000100000000000000100000000000000000000000100010000010100000000000000
000000001000000000000100000100000000000000000000100000000000000000000101
000000100000000000000000000000010001000010000000000000000000000001000010
010000000001110000000000000101000000000000000000000000000000000000000000
000000000000000000000010001000000001000000000000100000000100100000000000
000000010100000000000000101000000000000000000000000000000100000000000001
000100000000000001000100000000000000000000000000001000100000001000000000
000100000000000000000000000000010000001000000000000000000001000000010100
000000000000100000000001010000000001000000000000000001000000000000000100
000000000000010000000000000000000000000000000000010100000000001000011000
000000010000000000000000000000000000100000010000000100000000010000001000
000000000000100000000000000010000000000000000001001000000010001000000000
000000001100000000000000000000101000000000000000000000010000000100000000
000000000001000000110100000000000000000000000000000100000000000000001000
000000000000000000000010100000000000000110000000001000000000000000000001
000000000000000010000000000100000000000001000000100000000000010001000000
000000000000100101000000000000000100000000000001000000000000000000100000
000100000100100001000000000010000000000000000000000000000100000000000000
000000000000001011000000000001000000011000000000000000000000000000000000
000000000000000000100000101000001000000000000100000000000000000000000100
000010000010000000100000000000000000000000000000001000000010000000001000
001001001000000000000000000000000000010000000000000000000000001000000100
000000000100110000000000000000000000000000000000000000011000000000000001
000000000000001000000001000011000000000000000000000000000000000000010001
000000000000000100001000000101000000000000000000001000000000100000000000
000001100000100000000000000000000000000000010000000000000000010001000000
110000000000000000000000000001000000000010100000000000000000000010000000
000000010000000000000000000000000100000000100000010000000000000000100001
000000000000110000000000000000000000001000000000000000010100001000000000
000000000000001000000000000000000000100000000100000000001100000000000010
100010000100000000000000000000000000100000000000000000000100010000000000
000000001000000000000000000000000000100010100000000000000000010000100000
000000100000000000000000010000010000010100000000000000000000000001000000
000000100000000000000000000100000000100000010000000000000000100000000010
000000000000000100010000000000000000000000000000000100000000011000010000
000000000100000000001000100100000001010000000000000000000000000000000000
000000000000100100000000000000000000001010000000010000000000000000000010
010000001000000000000000000000000000000000000100000000100001000100000000
000010000000000000001100000000000000100000000000000010000000000000000010
000000000010000000001000000000001000000000000000000000100001000000001000
000000000000000000000000001000000000000000000001000000000010011010000000
000000000000000000100110000000000000000000000100100000000000000010000000
000000000010000000000001000000100000000000000100000000000000010100000000
000000000010000000110000000000000000100010000000100000000000000000000000
000000000000000000100000010000000000000000000001001000000000100001000000
000001000100100000000000000000001011000000000000000000000000000000000000
000000000100000010001000100000000000000000000000000000010000000000000010
000000000000000000000000001000000000001000000001011001000000000000000000
000000000000000100000000000000000000000100000000010000000001000100000001
001000000001010000001010000000000000000000000000000000000000001000000000
000001000000000100000010000000000000010000000000000000000000000000001010
000000000000000000000000000000000101000000010010000000000000000100000001
000000001000000000000001000000000110000000000000000100000010000000000000
100100000100000000000000000000000000010000000010000000000100000000000000
000000000110000000000000000000010000010001000100000000000000000000000000
000000000100000100000000100000000010010000010000000000000000000000000000
100010000000000000000000000000000000011000100100000000000000000000000000
000000000000000000000000100000000000000001000000000000100010010000000001
010000000000001000000001000000001000000000000000000000000000000110000000
000000001000000000000010000001001000000000000000000100000000000000001000
000000000000000000010000000000000000000000010000000000001011100000000000
000000000101000000000000000000000000000100000000000000001110000000000000
100000000000000000100000000000000000000100000000000000000100100000100000
000000001001001000000000000000000000000010110000000000000000000000000000
000100000000000000001000000100000000000000000000000000000100001000100000
000000000000000000000000000000100000100010000000000000010001000100000000
000000010000100000000000011000000000000110000000000000000000000000000000
000000000000000000100000010000000000000000000000100000110000000000000010
000001000000000000000000001000000000000010000001000100000000000100000000
000000000000010001100000000000010100100000000000000000000000000000000000
000000000100000000010000001000000001000000000001000000000000000000000010
010000000000001000000000000001000000000000001000001001000000000000000000
000000000000000000000001001001000000101000000000001000000000000000000000
000000000010000001000000001000000000000000000010000000000000000000010010
000000000000000100010000000010000000000000100000000000000000000000100010
000010000000000000011000000000000000000000000010000010100000000000000000
000001000100010000000000000000000100000000000010000000000000000000010000
010000000001100000000000000000000000000000010100000000000000000100000000
000001100000000000000000010000000000100000000000000000000001000000001000
000000000100000101000000000100000000001000000000000000000000000001000000
000000000000010000000001100000000100100000000000000000000000000000100000
010000000000000000000000000000010001000000010000001000000000001000000000
000000000000000000000001000000000100000000010100000000000000000000001010
000000000000000000000000011000001000000000100000010000000001000000000000
000001000000000000000000000000000000001000000000010000001000010100000000
001000000000000000001001000000000010100000000000000000000100000000000000
000001001000000000000000000000000000100010000000000000000010000000000010
000000000010000000000000100001000000000000000000000010000000000000000101
100000000010000000000010001000000000000000000101000000000000000000000000
000000000000000000000010000000000000100000101000000000000000110000000000
000000000000000000000000010000000000010000000000000010011000000010000000
010000000000000000000100000000000000001000010000010000000001000000000000
000000000001000000000000000000000010000000000110000100000000000000010000
100000000000000100000001000000000000100000000000000000100000001000000000
001000000000000000000010010100000000001000100000000000000000000000000000
010000000000100000000000100000000000000001000000000000000001000000010000
000000000000000010000000000000001000000000000000100000000000100000010010
000100000000000000000000000000000000001000000100000001000000100000000100
100000000000000100000000000000000000100000000000010000000000100010000000
000000001000000010101000001000000000000000000000000010000000000000000000
000100000000000001000100000000000000000110000001000000000000000000000000
100000000010000100010000000000000000000000000000100000000000000000000001
000000000000000000000001000000000100000000100000001010100000000000000000
000000000000000000000000000001100000000010000000010000000000000000110000
000000001000000000000000001000001000000000000010000000000001000010000000
100000100000000100000000010000000000000000000000000000100001000000000000
000001000000000001000010000000000000000000000000000000000000101000010000
000000000000100000000001000000000000010000000000000000000001000000001100
000000011000000000000000000000000010000100000000000000100000000100000000
010000000000000000000000000000000010000000000010000000000000010101000000
000000000000000000000000011000000000010000001000000000001000000001000000
000001001001000000100000000000000010000000000000000000000000000010000000
000001000000000000000000000000000100000000010000000100000000100000001000
000000000000000001000000000000000110000010000000000000010010000000000000
000000000000000001000000000000000000000110000001000000000000100000001000
000000000000000000010000000000000000000000000100001000011000010000000000
000000000000000000100000000010000000000000100000110000100000000000000000
100100000000000000010000000110000000000000010000000000000000000000000000
000010000000000001000000010010000010000000000000000000000000010000000000
000000000000000000001000000000000000100001010000000100010000000000000000
000000000000010000000000000000010000010000000000000000000000100000010010
000000000000000000100000000000000000000000000000000100100100000100001000
000000001000000001000000000000100100000010000000000000000000000000100000
000010000000100000000000000010000000000010000000001000001000000000000000
001000010000000000000000000000000000001000000000000000000100001100000000
000000010000001000000000000001000010000000000100000000000010000000000000
000000100000100000000000000000000100000000000001000000000000000100000001
000000000000000000010100000000000000000000000000000000000100000100011000
000000000100100000000000000000000010100000000010000000000100000000000000
000000000000000010000100000100010000000000000000000000000000000000010001
000000000000000000000000000000010000000001000000000100000000000110001000
000000000000000000000010000000010000000010000000000000110010000000000000
000000000000000000001000000000000000010000000000010000000100000100001000
101100000000000000000000000000000010000000000001000000000000010000000000
000000000000000000001000100000001000000000000010000000000000000001000100
010000000001010010001000000000000000000000000000000000000000000001000000
000000000110000000000000000000100000000000010000000000000000001000100000
000000000001100000000000000000000000000010000000000000000001001000000100
000000000000001000000000000000100100000000000000000010001000000000001000
000000100000000000000000000000000000001000001000100000000001000000000001
000000000000100001000000000000000000000000010000000000000000001000001010
000010000110000000000000000010000000000000000000000100000000000100000000
000100000000000000000000000000000000000001000000001000000000000011001000
000010000000000100100100000000000010000000000000000000000000000100000000
010000000000000010000000000001000000001000000010000000000000000000000010
000010000000000100000000000000000000000100000000001000001000000000001000
000001000000000000000100000000001100000000000000000001000000010000000000
000001000000000000000000000000000000000001010100000000000000000000001010
000001100000000100000000000010000000000000000100001000000000000000000000
000000000000000000000000100000000000000000010001000000001000000001000010
000001000000000000000001100000000010000000000000000001001000000000000000
000000000000000000000000100001000000001000011001000000000000000000000000
000000000000000000000110000010100000100000000000000000000000000000100000
011000000100000000000000000000000000000000000100000000000000001000000010
000000010000001000000000000000110000001000010000000000000000000000000000
000000000010000000000000100010000100000000000000000000000000100100000000
001000000000000000100000000010000000100000000000000000000000000100000010
000000000010000101000000000001000000000000000000000100000010000000000000
000000010000000000000001000000000001000100001000000000000000000000100000
000000010000000000000000000000100000000000000000000000010001000001000010
000000000000110000001000000000100000010000000000000001000000000000000000
000000010000000000100010000000001001000000000000000000000100000000000000
000000000000000001100000000000000000000000000000000110010000000100000000
010010000000000001000000000000000000000000010000000000000010000000010000
110000000100000000000000100000000000000000000000000000000000010100000000
000000000001010000100000000000000000000000000000000000101000010000000000
110000000000100000000001000000000010000000000001000000000000000000000000
000000000000000000000100000000000110000000000000011000000000000010000000
000000000000000110000000000001001000001000000000000000000000000100000000
000001100000000000000001000000000000001000000000000010000000000010000000
010000010100000000010000000000000000000010000000000000000000000100000000
010000000000000000000000000000000000010000000000010001000110000000000000
000000000100000000000010000001000001010000000000000000000000000001000000
000000000000000000100000100000010000010000000000100000000100000000000000
001000000000100100000100000000000000000000000000000000100000000000100000
000010000000000000000000000000000000000000000000001001010000000001100000
000010000000000000000000000100001000001000000000000000000001100000000000
000000000001100100000000000000100000000000000100000000000000000000000010
000000000000100000001010000000000000000000000000010000000100000001000000
000000000000000000000000000000100001000000000000000000000100000000100101
000000000000000000000001000000000000000001001100000000000000000100010000
100000000000000000000000000000000000000100010000000000000000000100011000
000000000000000000000010000100000010000000000000010100000100000000000000
000000000000000000000000000000100000000000000100100000000000010001000010
000100010000000001100000000000100000000000100000000000000000000000000000
000000000000000000110000000000000000000000000000000010000000110000001000
100010000000000000000000000000010000000000010000000000000000000000001010
000000000000000010001000000000000000000000000000000001000000100000010001
000000000000000000010000010000010000000000000010000000001000000000010000
000000000001000000000000010000000000000000100001000001000000000010000000
000010000000000000100000000001000000000001000000001000000001000000000000
000010100000000000000000000100000000000000000000000000000100000010000001
000000100000000000000000000000000010000010100000000010000000000000100000
100010000000000000000000100000001000000000001000000000000000000000000001
000100000000010000001000000000100000000000000000001000001000000000000000
000010001000000000000000000001000000010000100000000000001000000000000000
000000000000000000010000000000000001000000000000000000001010000000000110
101000000000001000000000000000000000000000000001000000100100000000000000
000000000000000001010000000000000000000000000100000001001000000000001000
100000010000000000100000000000000000000000000000000010001000000010000000
000000010100000000000010000010000000000000000000001000000000000000001000
000000000010100000000000000000000000000000000001001010000010000000000000
000000100010000000000001010000000010000000000000000000000000010000000000
001000000000001000000000000000000010000000000000000000001101000000000000
000001000000000000011000000000000001000011000000000000000000000000000000
000000000000000000000001000000000000000000000000000100000110000000001100
000000100000000000000001000001000000001000001000010000000000000000000000
000000000000000001000000000000100001000010000000000010000000000100000000
000000000000000000000000000000001001001000000001000000000000100010000000
000000101000001100000000000001000000000000000000010000000000000000000000
000000000001000000000000000000000100000000000100000000101001000000000000
000000000000100100000000000100001100000000000000000000000100000000000000
000001000000101100000001000000010000000000000000000000000000000000000000
000001000000000000000100000000001100000010000000000000000000000000000100
000000010000000000000000000000100100001001001000000000000000000000000000
000000000000100000000000001000010000000000100000000000000000000110000000
000000010000000000000000000001000000000100000000010000000000010000100000
000000000000000000000000000000000000000001000010000000000000001010001001
000000000000000000000100000100000010000000000000010010000000000000100000
100000010010000000010000000000000000000000000000001001000000000000000000
000000100100000000100000000000000000000011000100000000000000000000000000
000000000000000100000001000001000000010000000000000000000000000000100010
000100000000000100000100000000010000001000100000000000000000000000000000
100001000000000000100000000000000000000000000100000000000000000000001100
000000000000000000010000000000100000000100010000000000000000000100000001
000000000000000000000000010000000000000000001100000101000000000001000000
000000000001100000000000010000001000000000000000100000000000000000000010
100000100001100000000000000000000000010000000000000000000000000000000010
000000010000000000000000000000000000000010000010000000000001001000001000
000000000000010000000000000000000100000000001001100010000000000000000000
000000000000010000000000000010000000000000000000000001000100010010000000
000000010000000100000000000000000000001000010000001000000010000000000000
000100000000000001100000100000000010000000001000000000000000000000000000
000100000000000000000000000100000000000001000000001000000000000010000001
011000000000100000100000000000000000000000000100000000000000000000000010
010000000000000100000000000010010000000000000000000000100000000000000001
010000000000000000000010000010000000000000000000000000000000011000100000
000100000000000000000000101000000000000000000001000000010000010000000000
001000000000010001000000010000000000000000010000000000000000001000000000
000000101000000000000000000001001000000000000000010100000000000000000000
000000000010000010001000000000000010000000100000000010000000000000000000
000000100000000000000000000000000000000000000001000000010000110001000000
000010000000000001010001000000000000000000001000000000010000000000000000
001100000000000000000001100000010000000000000000000000000000001000000000
000000100000100000000000000100000001000000000010000000000000000000100000
000000000000000000010000000000100010010000000100000000000000000000000100
000000000001000000000000000000000000000000010000000010000000000010010100
000000000010000000000000010000000001100000000000100001000000000000000000
010000000000000000000001100001001000000000010000000000000000000000000000
000100000000000010000000000000000000000000000100001000000000000001000100
000000010000000000000100000000000000000000010000010000010100000000000000
000000000000000001000010001000100000000000000000000000000000000110000000
000001000000000100000000000000001000000000000001000010000001000000000000
010000000000000000000000000000010000100000000000000000000000101000000010
000000000001000000000000000000010000000000000000000001000101000000100000
000000000000000000000100000000001100000001000000001000000000001000000000
000000000000000000000000000001000000000000000000100000000011101000000000
000001010100000000000000000010000100000000000000000000000000000000000010
000000000000010000100000000000100000000000000000000000000000010000010100
000001000000001000000000100000000000000000001001001000000000000000000000
100000010000000000000000000000000100000010000000010000000000000000010000
000001001000000000000000000000001000001000000000000001000000001000000000
000000000000000001000000000000000000000000100110000000101000000000000000
000000000000000000000000000000100001010000000000000001000000001000100000
000010100000000000000100000000000000000000000100000000000001000100000000
001010100000000000000000000000000100000000000000000010000000100000000000
000001000000000000100000000000100001000000001000000010000000000000000000
000000001001100000000000000000000100000000000000000000000000000001100000
000001001100000000000000000000000000000000000000100000000001000000100000
000000000100000000000000100000000000000000000000001000000010000100100000
001000000000000000000000000000000000000000001001000000000101000000100000
000000000100000000000000000001000000010000110000000000000000000000001000
000000001000000000000010001000000000100000000001000000000000000010000000
100000000010100001000000000000000000000000000000000000001001000000000000
000000000000010001010000000000000000000000000000000000000000001101000000
000000000000000010000000100100000000101000000000000000000000100000000000
000000000000100000001000000110100000000000100000000000000000000000000000
000000100000100000000000000000001000000000000001000000000010000100000000
100000100000000001010000000100000000000000000000000000000000001000000000
001000010000000000000000100000000000000000100000001000000010000000000000
001000000000010000000000000000000000000000001100000000001000001000000000
000000000000000100000100000000000010100000000001000000000000010000000000
000000000000000010000000000001000000100000000000101000000000000000000100
000010000000000000000000010000110010001000000000000000000000000000000000
000000000000001100000000000000100000000100000000000000001000000000010000
010000001000000000000000000000000010010000000000000000000000010000000100
000011100000000000000000000000000000000000000000000100000000010010000000
000001010000000000000010000000010000000000000000000000000100000000000100
000000000000000100000000001000100000000000000000000000010000001001000000
000000000000000000000001000000100000000001000000000000010100000000000100
000000000000000000001000000000000000000000100100000000010000100000001000
000100010001000010000000000000000000000000000000000000100000100000000000
000000000000000100000000110000100000000000000100000000000000000000000100
000010000000000000000000000001001000000000000000000100000100000001000000
010000000000001000001000000000000000000000001010000000001000000000000000
000000000000000000000000000000010000000000000001010100000000100000000001
000000000010100000000001010000000000000000000000011000000000000000000000
000000100000000000000000000000001001000000000100000000001100000000000000
000000001000000000000000000000000000011010000000000100000100000000000000
100000000000000010000001000000100000001000000000010000000000000000000000
000000000000000100000000000000000000000010100000000000001000000100000010
000000010000000010001000100001000000000000000000000000000000000000001000
100000010000000100000000000000000000000000110001000000000000000000000000
001000000000000000000000000000000000010000000000100000000001000000000011
000010000000000000010000001000000000000000000100000000000100000000100000
000000100000000000000000000101000000000000000001010000000000000000000010
001000000000010000000010000100000000000000000100001000000000000000000000
000000000000000000000000000000000001000010101001000000000000000000000100
000000000000000001000000000001000000010000000000000000101000001000000000
100000000000000000100000010000000000000000001000000000000000100000000001
000000000100000000001000000000000000000010010100000000000100000000000000
000000001000000000000001000011010000000000000000000000000000100000000000
000001001000000000000000000000000000000000000000000000100011010000000000
000000000000000000000000000000000000000000001010000000100000101010000000
001000010000000011000000001000000000000000000000000000000000000000100000
000000100000000000000010000001000000000010110000000000000000000000000000
000000000000000000000000011000100000000000000000000000100010001000000000
000000001000000010000000010000000000100100000000100000000000000000000000
001000000000000000000000000001000000000000000001000001000000000000001100
000100000000000011000000000000000000000000000100000000000010000010000000
000000100000000000000010000000000000000000000010000000010001000000000001
000000010000000010000000000000000000000000010000001000100001000000000000
000000000000000000001000110000000000000000000000100000000000000000010100
000000001000000000000000000000000000010001001010000000000000100000000000
000000000000100000000000100000000000000001110000000000000000000000001000
000001000000000000000000010000000000000001100000001000000000000010000000
000000100000000000010000000100000000000000000000000000000000100001001000
000000000000000101000000010001001000000000000000000010000000000000000000
000000000000000000000010000000000000010000001000000000000000000000100110
000001000000000010000000000000000000000100000000000010000010000000000100
000000000000000001000010000000000100000000000001001000000000000000010000
000000000000010000100000010000000010000010000000000000100000000000000000
000000100000000000000000000100010000010000001010000000000000000000000000
000000000000000000000000000001001000000000000000100000100000100000000100
000001000000010000000000000010001000000000000000000000000000000010000100
000000010000000000010000010001000000000100000000100000000000000000000000
000000000000000000101010000000000000011000000000001000000000000000000000
000000100000000000010000000000000000100000000000010000000000000001000100
010000000000001000000000000000000100000000000000000000000110000000000001
000001111000000000000000000000000000000000000000000000000010000000000010
001000101000000000100000000000010000000000000000000000000000000100000000
000000100100100000000010000000000000000000000010000000000010000000000000
010000000000000000000010100010000000000000000000000000000010000000100000
010000000000000000000000000000000000000000010000001000000110010000000000
010000000000100000100000000000001000000100000000000000000000010000000000
100000000010000000000000000001000000010000000000000000000000000000000101
000100000000000000000010000000000000000001000000000000000100011000000000
001001000010000000000000000000000000000000100000000000000100100000000000
100000010000000000000000100000000000000010000000000000000000100000010000
000000100010000000000000000000000100000000010000100000000000000000001000
000000000000001000001000000000000000000000000000001100000000100000000100
000000000000001000000000000010100000000000010001000000000000000100000000
001010000000000001000000001011000000000000000000000000000000000000000000
000000100000000000000010000000000010000110000000000000000000000001000000
101000000100000000010010000000000000000000000000000000000000000010000000
000000000000000001000000000101000100000010001000000000000000000000000000
000000000000001000000000001000010000000000000000000001000000000001000100
000000000010000001000000000000000010000000000101001000000000000000000000
001000000000000000000000000000010001000000001000000000001000000001000000
000000000100000100000000000000010000000000100100000000000000000010000000
000100000001000101000000000000000000000000000000000000010000000000000001
000000000000000000000000010010100000000000000000100000000000000001100000
000000100000000100000000010000000100000000010000000000000000000000000001
100100000000000010000000000000000000000100000001000010000000000000000000
000001000010000000000000010000000000000010000000000000000001010000000000
110000100010000000000000000000000000000000000100000000001000000000000000
000000000000000010000000000000000010000000000000000000011000011000000000
000000000000100000000000000000000010010000100010000000000000000100000000
100000001000000000000100000000000000000000000001000000000010100000000000
000000000000000010000000000000000000000011000001000000010000000000000010
010000011010000000000000000000000000000000100000000000000000000100000000
000000100000000000000000000000100000000000000000000111000010000000000000
000000000100000100000000000010010000000000000000000000000000000000000101
000000000000000010001000000000000000000000010000000100000000000010000001
000000000001100000100000000000000000000000000010000000000001010000000000
000010000000000100000000000000100000000000000000000000100000010000000001
001000000000000000000000001000000001000000010000001100000000000000000000
000010000000000000000000010000100000000000000100000000001010000000000000
100010000000010000000100001000000000000000000001000000000000000000000000
001000000000000000000000100000010000000000010000000001000000010000000000
000000010000000000100000000000000000000000010100000000000000000001001000
000000000000001000000000001000001000000000001000000001000000000000010000
000000000000000000000000001000000010001000011000010000000000000000000000
010000100010000000000000000000001000000010000000000000000000000010000000
000000001000000000000000010000010100000000000000000000000010000100000000
000000000000100000000000000000001000000000101000000000010000000001000000
000110000000000000000100000000000000000001000001000010000000000000000000
010000000000000001000000100001000000000000000000001000000000000000000010
000000000000000000010000000000000000010000001000100000000000000001100000
000000000000000000000000000000001000001001000010100100000000000000000000
000010000000000100000000011000000000000100000000000000000000000001000000
000000000000000000000010000000000010000100000000000000000000001100000100
100100000000000000001000000000000000000000000000000000000101000000000010
000000000000000000000000000000100000000000000010000000110010000100000000
000000000001000010000000000000000000000010001000010100000000000000000000
001000000000010000000010000000000000100000100000000100000000000000000000
010000000100000000000000000010000000000000000000110000000000000001000000
000000000000000001010000000000100000001000000000000100000100000000000000
000000000100000000000001000000100000000000101000000000000000100000000000
000000000001000000000000100000000000000000000000000100000000001100000010
010000000000000010000001000000000000000000100000001000000000000000010000
000000000000000000000100000100000000000000000000000000101010000100000000
000000100000100000011110000000000000000000000000000000000000000000000000
000000000100001000100000000100000010000000000000000000000000000100000000
000001000000000010000001000010000000000000000000000000001000000000001000
001100000000000000000000000001000000000100010000000000010000000000000000
000000010000011000000000001000000010000000000000000000001000000000000000
001001100000000000000001000000000000000000000000000110000000000000000000
000001000100000100000000001000000000000000000000000000000000000000010100
001000000000000000000010000000000000000000100000000000000000000100010100
000000001000000000000000000000000000000000000000000000011000100001100000
000000000000000000000101000000100000000000000000000000010100000000000001
000010100000000010000000000001000000000000000000000010000000000010000000
000000000000000000010000000000000100000001010000000000010000000001000000
000010000000000000100000010100000000000000000000001000001000000000000000
000000000000001000000010010000000000100000110000000000000000000000000000
000000000000000000000001100000000000010100000000000001000000000001000000
000000000000001000000000001000000001000000000000000000001000011000000000
000000000000001000000000000010000000000010100001000000000000000100000000
000000000000010001000000100000000000000000000000001000000000010001000000
001100000000000000000000000001000000000000000001000000000100000001000000
000000000000000000000000000000100001000100000000000000000001001000000100
001100000100000000000000010000000000000000000000000000000001000000001000
000000000000000001000000000000000000000010100000010000000000000110000000
000000000000000000000010000001000010001000000000000000000000100100000000
001000000000000000001000000000000000000000010000100000000000000001100000
100000000001000000000000001000000000100000000000000000000000100000000100
000010000000001000000110000000000000000000000000100000000000000100000000
000000000000001000000000000000000000000000000000100000000000110000011000
000000000000001000000010100000000000000000000000000000010000000000000011
010000001001000000000000100000000000100000000000000001000000000000000000
000000000001000000000000000000000100000000000000100000000100000001100000
000000001000100000000000000100000001000000001001000000000000000000000000
000000000000000000000000100000000100000100000000000100000010000010000000
000001000000000010000000000000000101000000000000000000010000010000000000
000000000000100010000000000000000100000010000000100000000100000000000000
000000000100000000000000000001100000000000000000000000100000000000010001
000100100000000000000000000001000000000000100000010010000000000000000000
000000000001000100000010001000000000000000100000000000000000000000001000
000000000000010001000000000000000000000000000010100001000000000000000010
000000000000000010000001000001010000000000000000010000000000000000010000
000000100000000000000000010000000000010000000000101000000001000000000000
000000000000000000000000010000010000100000000010000000000010000000010000
000010000010000000000001000100010001000000000000000000000000000000000000
000000000000000000000000001010000000000000000000000000100010000000100001
000000000001100000000000000000000100000000100100000100000000000000000000
010000000000000000000001001000000000001000000000000011000000000000000000
000100000001000010010000000000000000000000000001000000000000000000000001
000010000000000001100100000000000000000100000000000001000000000000000000
010000000000000000001000000000000000000000100100100000000000000001000000
000000010000000000001000000000010001000000000000000000000000000000000011
000000000000000000000000000000000000000100000000001010100100001000000000
001000000000000000000000000101100000000101000000000000000000000000000000
000000000000010000001000000000001000001010000000000000000000000000000100
000000000010000000000000000001000000000010000000010000010000100000000000
001010001000000000111000000000000000000000000000000000000000000000000000
000000000000001100000000010000100000000000000000000010000000010000000000
000000100001000010000000000000100000000000100000000000000000000000000010
000000000000001000000000000010001001000000000010000000000000100000000000
000000000000100000000000000000010000000001000000000000010010000000001000
100000000000010000000000000100000000000000000000000100010000000000001000
010100000001000000000000001000000000000001000000000000000010000000000000
000100010000000010000000000100000000000000000000000001000100000000000000
000000000000000100001000000000000011000000000000000000110000000000000000
000000000000100000000000000000001000010000011000000000001000000000000000
000000000000000000000000000000000000000000010000001000010001000001100000
000001000000000001000010000000000010000000000000000000000010010000000000
000000000000100000000000000000000100000000000100100000001000000100000000
010000000000000000000000001000001000000000000000000000000001001100000000
000001000000000000000000000001000000000010000000000000010000000010100000
000000000001000001000010001000000000100000000000001000000000000000000000
010000000010000001000000100000000000000000000000100000100000000000000000
000010000000000000000001000000000010011100000000000000000000000000000000
000000000000000000001000000000000000000000000000001010000100100000000010
100000000000000000100001001000000001000000000000000000000000100000000000
000000000000000000000010101000000010000000000000100000000000000001000000
001000010000000000000000000001000000000000000000000010000000010000000010
000000100000000000000000000000000000010000000000100000001000000000000101
000100000001000000000000001000000000010000000101000000000000000000000000
010000000000000000000000000010000000000000000000000010001001000000010000
000001000000000100000000010000000000010000000000000000100000010000000000
100000001000000000000000000000100000000000000000000100001000100000000000
000000010000000000000001000000001000000000000000000100000101000000000000
000000000000010000000001000000000000011000000000000000100000000000001000
000000000000000000000000000001000000000000000001010010000000110000000000
000100100000000000000000000000000000000000000000100000010000000001000001
000000000001000001000010010000000001000000000000000001000000000000000000
000000000000000010000000000000100000000010001000000000000100010000000000
000000000100010010000000000010000000000000000000010000000000010000000000
000000000000000000001000000000000010000000000000110000000000000011000000
010000000000000001000000001000000000000000000000001000000000001001000000
000000000100000000000000000010000000100000001000001000000000000001000000
000000000100000000100000110000000000010000000000000000000000000000000001
000000000010100000000000000000001000000000010000000000000001000010000000
000000000000000000000000101000000000000110010000000000001000000000000000
011100000000001000000001000000000000000000000000000000001000000000000000
001000100000000000000000000001000000000000000000001000000000000000100100
000010010000000000000000000000000001000001100000000000000000000010000000
000100000000000000000000000000000100000011001100000000000000000000000000
000000000111000100000000000000010000000000000000000000000000000000000001
000000001000000010000000000000000000000000000000000001100000000000001100
100000000010000000000000000000000000000000010000000000101010000000000000
100000000000000000000100000000001000000100000000000000100001000000000000
000010000000001000000001000001000000010000000000000000010000000000000000
000000000001000001000000000000000001100000000001001000000000000000000000
000000000001000001000000000100000000000000000000000100001000001000000000
000010000000000000000100000001000000000000001000000001000000100000000000
000100010000001000000000000000000000100000000010000000000000100000000000
000000001000000000000000000000000100000000000010001010000000000000001000
010000000000000000000100000100000000000000000000000100000000001000010000
000100000000000010010000000000000000000000000010010000000010000000000000
010000010000000000000000000000000010000001000000000000000000001100000000
000000000000000000000000000000000000000010010001000000000000001100010000
000101001000010000000000000000100000000000000000000000000000000000000100
000100000000100100000000000000000000100001000000000000100000000000000000
010000000000000010000001000100000000010000000001000000000000000000000000
000000000000000000000000000000000000100001000000000110001000000010000000
000000000000001000000000000000000000001000000000000001000000100001100000
010000000000000000000100000000000000010010000000000000100000100000000000
100100000000000010000000000000000000000001000001000000000000000010000000
000000000000000000010100000100011100000000000000000000000000000000000000
000010000000000000100000100000000000000000000010010010000000000000000000
000000000000000100100000000000000000000000000000000000000110000000001100
000001001000001000000000000000000000000000000000000000100000000100000100
001100000000010000000000000000000000010000000100000000000000000000000100
000000000000000000000000100000011000001000000000000000000000000000110000
000000000100001000000001100000000000000000000000000100000000000000000001
000010000000000000100000000000000000100000000000000000000000100000100010
000000000000000000000001010000000000010000000000010000000000000100000010
000000000000000000000100000000000000000000010010000000001000100000001000
000000000000000000000000000000000000100000100001100000001100000000000000
000000000000000000000000000000101000001000010010000000000000000000000010
000000000000000100000000000011000000000000000100000000000000000011000000
000000100000000000000000000000000001101000000000000000000000110000000000
000010000000100000000100100000100000000000000001000000000000000000000000
001000100000000000000000010000001000000010000000000000000000000010000000
000000000010100000000000100000000000100000010000000010000000000000000000
010100100000000000000000000000001000000000000010100000000000000000000000
000100010000000000000000000000000010000000000010000000000001000001000000
000000001001000000000001000000000001001100000000000000000000000000000000
000000010000000110000000000000000000010000000000000100000010000000000000
000000000000000000000100000000100010000100000000010010000000000000000000
000000000000000100000000000100010000100000001000001000000000000000000000
100000000010000000000000000000000000100001100000100000000000000000000000
000001110000000010000000000000000000000000000010000000000000001000000000
000000000000000000010000000000000000100000000011000000000000000010100000
000001000000100000000000000000000001100000010000000000010000000000000000
000000000000000000000001010001000000000000100000000000000001001000000000
000000000000000010000100000000000000100000000000100010000000100000000000
010000000010000000000101000000000001000000000000000010000000000000000000
000000000000101000001000000000000000000000100010000000000001000000000000
000000010000001100000000000000100000000010000000000000000000000000001000
000000000000100000100000000000100000001000000000000100000100000000000000
000000000001000001100000000000110000000000000000000000010000000000000000
000000100000100000000000100000000010001000000000000000000001000000000000
000000000100000000010001000000000000001100000000000000000000000000100000
000000000000100000000000100000000000000000010000110000000000000010000000
000000010000000000100000010000000010000000000000000000000000000000000011
011000000000000010000000000001000000000000000000010000000000000000000100
000000000000000001000100000100000000000001000000000001001000000000000000
000000000000000000000000100000000000000000001100000000000100000100010000
000001100000000011000000000000000000000000001000000001000000000000000000
000010000000000000000100000000001000000000010000000000000000000100010000
000000000000000100010000000000000000100100000000000010000000000000001000
000000000010100010000000010000000010000000000100000000000000000000000000
000100000001000000100000000001000000000000000100000000010000000000000000
000001000000000100100000000000010100000000000000000000000010000000000000
000000000000001000000000000100000000001000001000000001000000010000000000
000000000000001000000000000001000000000000100000000100000010000000000100
001000001000000000001000000100100000000000000000000000000000000000010000
000001000000000000000001000000000000010000000000000000000000000001010001
000000000000000000000010000000001000010000001000000100000000000000001000
000000000000000000010000100000000000000000011001000000000000000000000100
000000000100000000000000100001000000000000000000000000000101000000100000
001000000000000000000000000000000000000000000000101000000001000010000100
000000010000010000000000000000000000000000000000000000010010000000010010
000000000110000000100000000000000000000000000000000000000000000001100010
000000000001000000000000100100000000000000000000010100000000000010000000
000001000000000000001000010000000000000000001000000010000001000000000000
100000000000000000000000100000000000000000011000000000000000000011000000
000000000100010000100000000000000000000000000010000000000010000000000010
000000000000010010000000000001000000010000000000000000000000000100100000
000000100000000000100100000000000000100000000000000000001000000000001000
000000000000000001000000000010100001000000000000000000000000000100010000
000010000000000000000010000000010000000100000000011000000000000000000000
100001000000000000000000000000000000000000001100000000100000000000000010
010000000000000001000000000000010000000000000000000001000000100001000000
000001010001000000000000000001010001000000000000000000000000000000000000
110010000001000000000100000001000000000000000000000000000000000000000000
000000000000000001000000010000000000100000000010000100001000000000000000
001000000000000000000000010000000000100000000010000000000010000100000000
000000000000000000000000000000010001010000100000100000000100000000000000
000000000000000010000000000001000000010000001001000000000000100000000000
000000000100000100000000000000100000000000000010000100000000000100000000
000000000000000000100000000010000000100000001000000000000000000000000011
001000000000000000000010000100000000000000000000000000000001000110000000
000000000000000001010000000000000000011000000000000100010000000000000000
000000010100000000000000000000000000000010000000000001000000000110000000
000000000000000000000001000010000000000010000100010000000000100000000000
000000010010000000000100001000000000010010000000000000000000000000000000
000000010000000000001010000000000000000000000000000001000000010010000000
000100000000000000000000000010000010000001000010000000010000000000000000
010000000010000000000000100000000000000100000000000000000100000000100000
000000000000100000100000000000000011000000000000000000000000010001000000
000000000000001000001000000000000000000000000010100001000000100000000000
000000011000000000000000000010000001000000000000000000000000000010010000
000001000000000000000000000100000000010000000100000000000000001000000100
000000000010001000010000000000000000100000000000000000000011000000000000
000000000000000001000001000000001000000000000100000000010000000000000010
000000000000000100000000000001000000000000000000001001010000000010000000
000001001001000100000000000000000000000000001000000000000000000000000100
000000000100000000000000100000000000100010000000000010000000000000000010
000001000000001000000000000000000000000000000000000000000110010001000000
001100000000000000000100000000000100000000000000000000000000000000000101
000001000000000000010000000000000000000000001000100100000000000010000000
001001001000000000000000000000000100000000000000100000000000000000000010
110000001000000000000000000000001000001000000100000000000000000000000000
100000000000000000000000010000100000100000000000100000010000000000000000
000000000000010000000001000000000000001000100000000000000010000100000000
000010100000000100001000000000000000010000000000000000000000000000000100
000101010000000010001000001000000000000000000000000000000000000000000000
000100000001000000000000000001001001000000000000000000000001000000000000
000000010000000000101000010000000000000000010000000000001000000000000000
000000000000000000000100000010011010000000000000000000100000000000000000
000000000100000000000000000000000000000000101000100001000010000000000000
010000000000000000000000000000001010000000001000000000100000000000000100
000000011000000000000001100000001000000000000000010000000000000000000000
000001000000000100000100000000000001000000000000000000100001000000000000
000000000000000000001000000000000000100000000000001000100000001000000010
100000001000000000000000000000000001000000000000000000000000000001010001
000000000000000100000000100000000000000000000000100000010100000100000000
000010100000000000000000000000001010000000000010000001000000000000000000
000100001000000000000000100000001000000000000000000000000001000000000010
010000000000001000000110000000000000000000000000100000001000000000000000
000000000000000000000000000000000100010000000000000010000100000010010000
000000000001000000000000000000001010000100000000000000110000000000000000
000100000000000000001000000000010000000000000001101000000000000000000000
010000000000000000000100000000000010000000001010000000000000000010000000
000000001000000000001000000000000000000000000000000100000100010000001000
000100000000000000000000000000010000000000000101000000000000000000000110
100000000001100000000000000000000000001100000000000001000000000000000000
001001000000000000000000000000000000000110000010000000000000000000000010
100000000001000000000000000000000000000000000001000000001001010000000000
000000100000000000000000000100000110000000000000000000000001000000000010
000000010000000000000010000000010000000000100000000000010000000000000010
000000011000000000000000100000000000000000000000100010000000010000000000
000000001000000000000000000000001000000000000000000100000010001000010000
000000000000000000000000000000000000000100100100001001000000000000100000
000000000000000000000000000100000000010000000000000000000001100000000101
011001100000000000000000000000000000000100000010000000000000000000000000
001001000000000000000000001000000000100100000001000000000000000000000000
000000010000100000000000000000000010000001000000010000000000000000000001
000100000000101100000000000000000000000000000000100000000000100000000000
000000101000000100000000000001000000100000000000000001000000000000000000
000001001001000000000000000001000000000000000000001000000000000100000000
000100000000100000000000100000000000000000000000000000100000001000000100
001000001010000000000000000000000100000000000000000100000000000000001000
000100001001001000000000000000000000000000100000000000000000000000000100
000000000000000000000010000101011000000000000100000000000000000000000000
100000000000000000000000001100000000000000000000000000001000000100100000
000000100000000000000000100000000000000011100000000000000000000100000000
000000000011001000000000000000000000000100000000000000000000000000001001
000000000000000000000000000000000000010000000001011100000000000100000000
000100000000010000001000000000000010000000000000000000000001000001000000
000000001000001000000000000000001000001000000001001000000000000000000000
100000001000000001000000000000000010000000000000000000010000000100000000
100000000110001000000000000000000000000000000000000000000000000010000100
000010000000000000000100100001010000001000000000000000000000000000000000
010000000010001000000000000000000000000000000000100000000000011000000000
000000000101000000000000000000001000001001000000000000000100000000000000
000100100000000000001000100000000000000000000100000000000000000000010000
000001100000000100000000000000000000000100000000000100010000000000000000
000000000000000000000000010000000000000010100000000100101000000000000000
000010000000010000000000001000000010000000000000000010010000000000000000
001001000100000000000000000000000000000000000000000000010000000100010000
000000000001000000000010000000100000000000000000000000100000010000000100
100000100001000000000000000000000000000001000000100000000000000100000000
000000000000000000001001000000000001000000011000000000000000010000000000
000000000000000000010000000000000000000010000000000000100010001100000000
000000000000100000000000000000000000000101000000000000000000001000001100
000100000000000001000000000000100000000000000000101100000000000000000000
000000010001000000000010000001000000000001000000001000000000000000000000
010000000000000001000000000100100001000000000000000000000000001000000000
000000000000110000100000001000000000000000000000000100000000000000000010
000000000000010000000010000000001000000000000000000100000000000010000001
100001000000000001000000000000000100000000000010000000000000000000000001
010000000000000000000000100001000000000000000000000000100000100000100000
010000000000001000000000000001010000000000100000010000000000000000000000
000000000000000001000000010010100000000000010000000000000000000000000001
000001000000100010000000000000000000000001000000001000100000000000000000
000000001100000000100000000000000001100000000000000100000000000000000000
000000000000000010000000000000010000000000000101000000000000001100000000
000000000000000000000000000101000100000001100000000000000000000100000000
000000100000000000000000001000000000100000000000000001000001001000000000
000000000100001000000000000000000000001100000000100000000010000000000000
000000000000000000000000000000000001000000010001000001000000100000000001
000000000000000000000010000000000000000000001000010010010000000000000001
000000010000000000000000000000000000000000000100010000000001101000000000
010010000000001000001000000000000000010000000000000000000000010000000000
000010000010000000000000000000010000000000000100100000000000000010000000
100010000000010000001000000000000000100000000000000000000000000000000100
000001000000100000000000000000000001001001000000000000000000000000000100
000000000000110100000000000000000000000000000010000000000000000000000110
001000000000010000000000000000000000100000000000000000000100100100000000
